timestamp,model_version,prediction,prob_class_0,prob_class_1
2026-02-15T01:01:07.085529,v4,1,0.04,0.96
2026-02-15T01:02:10.004696,v4,1,0.04,0.96
2026-02-15T01:02:46.161610,v4,1,0.15947135009547803,0.8405286499045219
2026-02-15T01:41:34.233468,v4,0,0.9068020198253479,0.093197980174652
2026-02-15T01:41:36.227337,v4,0,0.8998137032029419,0.100186296797058
2026-02-15T01:41:36.249337,v4,0,0.8442751798544745,0.1557248201455255
2026-02-15T01:41:36.271331,v4,0,0.8462737001702645,0.15372629982973549
2026-02-15T01:41:36.289901,v4,0,0.9182034682345798,0.08179653176541997
2026-02-15T01:41:36.308901,v4,0,0.9447570751208931,0.05524292487910687
2026-02-15T01:41:36.327904,v4,0,0.9766858755705811,0.023314124429419082
2026-02-15T01:41:36.350432,v4,0,0.9774417821517253,0.022558217848274706
2026-02-15T01:41:36.372429,v4,0,0.9591467056986008,0.040853294301398994
2026-02-15T01:41:36.390936,v4,0,0.9745972402544123,0.025402759745587703
2026-02-15T01:41:36.408936,v4,0,0.9823283402763069,0.01767165972369302
2026-02-15T01:41:36.427937,v4,1,0.1790625097807133,0.8209374902192869
2026-02-15T01:41:36.446937,v4,0,0.8066129050264353,0.19338709497356443
2026-02-15T01:41:36.469936,v4,0,0.9845483193886432,0.015451680611356678
2026-02-15T01:41:36.489445,v4,0,0.9778850298256312,0.022114970174368656
2026-02-15T01:41:36.508445,v4,0,0.9727647482591162,0.027235251740883825
2026-02-15T01:41:36.533449,v4,0,0.9727647482591162,0.027235251740883825
2026-02-15T01:41:36.565506,v4,0,0.9845429660695854,0.015457033930414492
2026-02-15T01:41:36.599971,v4,0,0.9884986499393087,0.011501350060691234
2026-02-15T01:41:36.620966,v4,0,0.9846700344432775,0.015329965556722724
2026-02-15T01:41:36.638965,v4,0,0.9152658089536477,0.08473419104635216
2026-02-15T01:41:36.657968,v4,0,0.9795719805817691,0.020428019418230782
2026-02-15T01:41:36.674988,v4,0,0.9745090326543685,0.0254909673456315
2026-02-15T01:41:36.694349,v4,0,0.9844407716145648,0.015559228385435086
2026-02-15T01:41:36.715365,v4,0,0.974840159330867,0.02515984066913305
2026-02-15T01:41:36.734352,v4,0,0.9828769990418524,0.01712300095814759
2026-02-15T01:41:36.752351,v4,0,0.9734691258342206,0.026530874165779435
2026-02-15T01:41:36.770351,v4,0,0.9745090326543685,0.0254909673456315
2026-02-15T01:41:36.788878,v4,0,0.9831356796520702,0.016864320347929573
2026-02-15T01:41:36.808863,v4,0,0.9734691258342206,0.026530874165779435
2026-02-15T01:41:36.830868,v4,0,0.9846601863482529,0.015339813651747134
2026-02-15T01:41:36.849863,v4,0,0.9692309591534553,0.030769040846544637
2026-02-15T01:41:36.867872,v4,0,0.9746601863482529,0.025339813651747138
2026-02-15T01:41:36.887867,v4,0,0.9886109056708914,0.011389094329108548
2026-02-15T01:41:36.905376,v4,0,0.9896262350508473,0.010373764949152623
2026-02-15T01:41:36.924382,v4,0,0.9745960837841503,0.0254039162158497
2026-02-15T01:41:36.943374,v4,0,0.9467492918208693,0.05325070817913065
2026-02-15T01:41:36.962376,v4,0,0.9736104242872645,0.026389575712735605
2026-02-15T01:41:36.981456,v4,0,0.9743429345593441,0.025657065440655904
2026-02-15T01:41:37.005983,v4,0,0.9794237850901868,0.020576214909813085
2026-02-15T01:41:37.024992,v4,0,0.9495039363482529,0.050496063651747136
2026-02-15T01:41:37.044987,v4,0,0.9494398337841503,0.05056016621584969
2026-02-15T01:41:37.064984,v4,0,0.9445039363482529,0.055496063651747134
2026-02-15T01:41:37.083986,v4,0,0.984453809455417,0.015546190544582988
2026-02-15T01:41:37.103176,v4,0,0.9745189747375957,0.02548102526240427
2026-02-15T01:41:37.122181,v4,0,0.9845830773016984,0.015416922698301708
2026-02-15T01:41:37.143174,v4,0,0.9845451201777847,0.01545487982221529
2026-02-15T01:41:37.162247,v4,0,0.9479871854385,0.05201281456150017
2026-02-15T01:41:37.181188,v4,0,0.9598280934362868,0.040171906563713285
2026-02-15T01:41:37.199705,v4,0,0.9533063659067302,0.04669363409326963
2026-02-15T01:41:37.217417,v4,0,0.9525436540423234,0.047456345957676414
2026-02-15T01:41:37.242419,v4,0,0.9494434222824839,0.050556577717516274
2026-02-15T01:41:37.260417,v4,0,0.9580784612182194,0.041921538781780655
2026-02-15T01:41:37.282422,v4,0,0.9584457366497187,0.04155426335028152
2026-02-15T01:41:37.300953,v4,0,0.9581145443386986,0.041885455661301425
2026-02-15T01:41:37.317952,v4,0,0.9494680731727483,0.050531926827251786
2026-02-15T01:41:37.335181,v4,0,0.9662858720504,0.033714127949600006
2026-02-15T01:41:37.355724,v4,0,0.9494171400555288,0.05058285994447112
2026-02-15T01:41:37.374718,v4,0,0.9580096623602473,0.04199033763975248
2026-02-15T01:41:37.395246,v4,0,0.9493258540779863,0.05067414592201378
2026-02-15T01:41:37.414246,v4,0,0.9595372206468445,0.040462779353155495
2026-02-15T01:41:37.432256,v4,0,0.9192837401890951,0.08071625981090466
2026-02-15T01:41:37.450253,v4,0,0.9463986068641641,0.05360139313583581
2026-02-15T01:41:37.469254,v4,0,0.9193416968669696,0.08065830313303049
2026-02-15T01:41:37.489757,v4,0,0.9795225023454128,0.0204774976545872
2026-02-15T01:41:37.507757,v4,0,0.8419882962682982,0.158011703731702
2026-02-15T01:41:37.526764,v4,0,0.9694602879988328,0.030539712001167105
2026-02-15T01:41:37.545764,v4,0,0.9686314154996154,0.03136858450038464
2026-02-15T01:41:37.563771,v4,0,0.9420703512880911,0.05792964871190887
2026-02-15T01:41:37.583762,v4,0,0.9434105859892925,0.056589414010707474
2026-02-15T01:41:37.608909,v4,0,0.6908094732585178,0.3091905267414822
2026-02-15T01:41:37.629926,v4,0,0.9232241377767955,0.07677586222320439
2026-02-15T01:41:37.651909,v4,0,0.9281401906921063,0.07185980930789362
2026-02-15T01:41:37.674916,v4,0,0.889837429628892,0.11016257037110795
2026-02-15T01:41:37.696417,v4,0,0.9057654650963058,0.09423453490369389
2026-02-15T01:41:37.719418,v4,0,0.8432573618338043,0.1567426381661958
2026-02-15T01:41:37.740418,v4,0,0.9086835610887942,0.09131643891120547
2026-02-15T01:41:37.760417,v4,0,0.9242035652265789,0.07579643477342113
2026-02-15T01:41:37.781427,v4,0,0.8130812994674852,0.18691870053251478
2026-02-15T01:41:37.800958,v4,0,0.8898992468832888,0.11010075311671112
2026-02-15T01:41:37.819950,v4,0,0.8418987001702644,0.1581012998297355
2026-02-15T01:41:37.841952,v4,0,0.7933331384144462,0.2066668615855539
2026-02-15T01:41:37.862950,v4,0,0.8707836517407683,0.12921634825923137
2026-02-15T01:41:37.882957,v4,1,0.015,0.985
2026-02-15T01:41:37.904355,v4,0,0.9129694085935435,0.08703059140645636
2026-02-15T01:41:37.924354,v4,0,0.8657836517407683,0.13421634825923137
2026-02-15T01:41:37.944356,v4,0,0.7699613220842975,0.23003867791570257
2026-02-15T01:41:37.963368,v4,1,0.10176744186046513,0.898232558139535
2026-02-15T01:41:37.983383,v4,0,0.9844705700165428,0.015529429983457037
2026-02-15T01:41:38.002889,v4,0,0.9728468438098226,0.027153156190177344
2026-02-15T01:41:38.021886,v4,0,0.9830262524631963,0.0169737475368037
2026-02-15T01:41:38.041886,v4,0,0.9592028717547669,0.04079712824523294
2026-02-15T01:41:38.062891,v4,0,0.9745972402544123,0.025402759745587703
2026-02-15T01:41:38.083900,v4,0,0.9642741730695199,0.03572582693047982
2026-02-15T01:41:38.103410,v4,0,0.9761802534661769,0.023819746533823
2026-02-15T01:41:38.123409,v4,0,0.964080969075649,0.03591903092435088
2026-02-15T01:41:38.144409,v4,0,0.9727973631124618,0.027202636887537962
2026-02-15T01:41:38.165409,v4,0,0.9742780604365754,0.025721939563424386
2026-02-15T01:41:38.185416,v4,0,0.9745003410296061,0.025499658970393906
2026-02-15T01:41:38.204943,v4,0,0.9831858831218593,0.01681411687814055
2026-02-15T01:41:38.224942,v4,0,0.9744949877105483,0.025505012289451724
2026-02-15T01:41:38.244944,v4,0,0.984798152321221,0.015201847678778942
2026-02-15T01:41:38.263942,v4,0,0.9833573753197581,0.016642624680241778
2026-02-15T01:41:38.285948,v4,0,0.9796360831458718,0.020363916854128215
2026-02-15T01:41:38.306486,v4,0,0.9727787932029364,0.0272212067970636
2026-02-15T01:41:38.325485,v4,0,0.9745090326543685,0.0254909673456315
2026-02-15T01:41:38.344484,v4,0,0.9735760198941414,0.026423980105858544
2026-02-15T01:41:38.366936,v4,0,0.9766675815489222,0.023332418451077804
2026-02-15T01:41:38.386942,v4,0,0.9845429660695854,0.015457033930414492
2026-02-15T01:41:38.409044,v4,0,0.9734691258342206,0.026530874165779435
2026-02-15T01:41:38.429042,v4,0,0.9845429660695854,0.015457033930414492
2026-02-15T01:41:38.450044,v4,0,0.9832494336009696,0.016750566399030185
2026-02-15T01:41:38.470125,v4,0,0.9636345032245829,0.0363654967754169
2026-02-15T01:41:38.493587,v4,0,0.9745090326543685,0.0254909673456315
2026-02-15T01:41:38.514586,v4,0,0.9776642996083165,0.022335700391683547
2026-02-15T01:41:38.545587,v4,0,0.9389488742786924,0.06105112572130747
2026-02-15T01:41:38.573588,v4,0,0.974499184559344,0.025500815440655904
2026-02-15T01:41:38.603096,v4,0,0.9736104242872645,0.026389575712735605
2026-02-15T01:41:38.623103,v4,0,0.9745960837841503,0.0254039162158497
2026-02-15T01:41:38.642096,v4,0,0.9727386557587993,0.027261344241200792
2026-02-15T01:41:38.660110,v4,0,0.9399032255577534,0.060096774442246786
2026-02-15T01:41:38.679101,v4,0,0.9834692568699904,0.01653074313000953
2026-02-15T01:41:38.697605,v4,0,0.9845039363482528,0.015496063651747135
2026-02-15T01:41:38.715607,v4,0,0.978136485327257,0.021863514672742772
2026-02-15T01:41:38.736612,v4,0,0.9794116078131817,0.020588392186818162
2026-02-15T01:41:38.755679,v4,0,0.8713876520793292,0.12861234792067078
2026-02-15T01:41:38.773607,v4,0,0.9743881916306347,0.025611808369365222
2026-02-15T01:41:38.792118,v4,0,0.904890249882055,0.09510975011794498
2026-02-15T01:41:38.810118,v4,0,0.9495706168911113,0.05042938310888874
2026-02-15T01:41:38.829119,v4,0,0.9496347194552139,0.05036528054478619
2026-02-15T01:41:38.849128,v4,0,0.944750744133934,0.0552492558660659
2026-02-15T01:41:38.870119,v4,0,0.9784361898078744,0.021563810192125568
2026-02-15T01:41:38.889623,v4,0,0.9526365340950556,0.04736346590494439
2026-02-15T01:41:38.907625,v4,0,0.9733543585646506,0.026645641435349515
2026-02-15T01:41:38.926633,v4,0,0.9662610827606762,0.033738917239323644
2026-02-15T01:41:38.944627,v4,0,0.9526381891761545,0.04736181082384541
2026-02-15T01:41:38.964627,v4,0,0.7878414126421793,0.21215858735782075
2026-02-15T01:41:38.986645,v4,0,0.9730870684341446,0.02691293156585544
2026-02-15T01:41:39.005172,v4,0,0.929735074361968,0.07026492563803204
2026-02-15T01:41:39.023170,v4,0,0.9475289760395756,0.052471023960424384
2026-02-15T01:41:39.041171,v4,0,0.9533045438955593,0.04669545610444078
2026-02-15T01:41:39.061179,v4,0,0.9785893994890243,0.021410600510975753
2026-02-15T01:41:39.081189,v4,0,0.9580495242430099,0.04195047575698996
2026-02-15T01:41:39.100723,v4,0,0.9594641310163151,0.0405358689836849
2026-02-15T01:41:39.119715,v4,0,0.9733087253191627,0.02669127468083714
2026-02-15T01:41:39.137716,v4,0,0.9526337538210358,0.04736624617896425
2026-02-15T01:41:39.156723,v4,0,0.9445215355894574,0.055478464410542785
2026-02-15T01:41:39.175718,v4,0,0.9390769373680778,0.06092306263192212
2026-02-15T01:41:39.195253,v4,0,0.9682875388784847,0.0317124611215151
2026-02-15T01:41:39.214248,v4,0,0.944019302365321,0.05598069763467908
2026-02-15T01:41:39.233243,v4,0,0.9316036509157896,0.0683963490842104
2026-02-15T01:41:39.253241,v4,0,0.9646629861187415,0.03533701388125842
2026-02-15T01:41:39.272241,v4,0,0.9438062204676834,0.056193779532316496
2026-02-15T01:41:39.290750,v4,0,0.9456348043005091,0.05436519569949083
2026-02-15T01:41:39.308749,v4,0,0.9434105859892925,0.056589414010707474
2026-02-15T01:41:39.328750,v4,0,0.9496526695307401,0.050347330469260064
2026-02-15T01:41:39.348757,v4,0,0.9345409264612193,0.06545907353878061
2026-02-15T01:41:39.367757,v4,0,0.8941668110727222,0.10583318892727764
2026-02-15T01:41:39.386291,v4,0,0.7655400706133965,0.23445992938660357
2026-02-15T01:41:39.406821,v4,0,0.899108093818883,0.10089190618111685
2026-02-15T01:41:39.426811,v4,0,0.9107326341381478,0.08926736586185209
2026-02-15T01:41:39.447810,v4,0,0.8949099844783721,0.10509001552162799
2026-02-15T01:41:39.467811,v4,0,0.8932433178117054,0.10675668218829465
2026-02-15T01:41:39.486914,v4,0,0.9057454087932321,0.09425459120676777
2026-02-15T01:41:39.505406,v4,0,0.9159972411493039,0.08400275885069602
2026-02-15T01:41:39.524407,v4,0,0.8461444405912353,0.15385555940876486
2026-02-15T01:41:39.543406,v4,0,0.904605987581012,0.09539401241898814
2026-02-15T01:41:39.562417,v4,1,0.0675,0.9325
2026-02-15T01:41:39.580433,v4,0,0.983013458845995,0.01698654115400503
2026-02-15T01:41:39.598953,v4,0,0.9511621152405548,0.04883788475944486
2026-02-15T01:41:39.621958,v4,0,0.9830387615826447,0.016961238417355175
2026-02-15T01:41:39.640958,v4,0,0.9741699394774482,0.02583006052255147
2026-02-15T01:41:39.659951,v4,0,0.9825266947242891,0.01747330527571089
2026-02-15T01:41:39.679955,v4,0,0.9746613428185149,0.02533865718148514
2026-02-15T01:41:39.699465,v4,0,0.969080969075649,0.030919030924350874
2026-02-15T01:41:39.717463,v4,0,0.970770101578174,0.029229898421826005
2026-02-15T01:41:39.736463,v4,0,0.9745644435937088,0.025435556406291342
2026-02-15T01:41:39.755463,v4,0,0.9641467056986008,0.035853294301399
2026-02-15T01:41:39.775467,v4,0,0.9745644435937088,0.025435556406291342
2026-02-15T01:41:39.793980,v4,0,0.9728060728011956,0.027193927198804424
2026-02-15T01:41:39.812980,v4,0,0.9846124219527458,0.015387578047254113
2026-02-15T01:41:39.831980,v4,0,0.9479193928167663,0.05208060718323365
2026-02-15T01:41:39.850979,v4,0,0.9498716999269139,0.05012830007308611
2026-02-15T01:41:39.869989,v4,0,0.964141352379543,0.03585864762045682
2026-02-15T01:41:39.890520,v4,0,0.9845429660695854,0.015457033930414492
2026-02-15T01:41:39.910519,v4,0,0.9846700344432775,0.015329965556722724
2026-02-15T01:41:39.928520,v4,0,0.984607068633688,0.015392931366311929
2026-02-15T01:41:39.946452,v4,0,0.9260792855568121,0.07392071444318773
2026-02-15T01:41:39.964452,v4,0,0.8463437861644855,0.15365621383551448
2026-02-15T01:41:39.981465,v4,0,0.9781889450909393,0.02181105490906059
2026-02-15T01:41:39.998996,v4,0,0.9733108477700573,0.02668915222994266
2026-02-15T01:41:40.018996,v4,0,0.9745090326543685,0.0254909673456315
2026-02-15T01:41:40.037044,v4,0,0.9832408281768044,0.016759171823195494
2026-02-15T01:41:40.054102,v4,0,0.8066129050264353,0.19338709497356443
2026-02-15T01:41:40.071953,v4,0,0.9528772717044203,0.04712272829557949
2026-02-15T01:41:40.089488,v4,0,0.9881356796520702,0.011864320347929579
2026-02-15T01:41:40.107491,v4,0,0.9777985381208975,0.022201461879102536
2026-02-15T01:41:40.128493,v4,0,0.9742026913544248,0.025797308645575338
2026-02-15T01:41:40.147492,v4,0,0.9845265390271924,0.015473460972807324
2026-02-15T01:41:40.165492,v4,0,0.9744455115423669,0.025554488457633192
2026-02-15T01:41:40.183497,v4,0,0.974499184559344,0.025500815440655904
2026-02-15T01:41:40.201753,v4,0,0.9736104242872645,0.026389575712735605
2026-02-15T01:41:40.220747,v4,0,0.8117348222551235,0.18826517774487642
2026-02-15T01:41:40.240747,v4,0,0.9882719591202321,0.011728040879767683
2026-02-15T01:41:40.259757,v4,0,0.9742016091033424,0.025798390896657582
2026-02-15T01:41:40.278760,v4,0,0.9736104242872645,0.026389575712735605
2026-02-15T01:41:40.297291,v4,0,0.9525561387308517,0.047443861269148124
2026-02-15T01:41:40.315291,v4,0,0.9843881916306345,0.015611808369365219
2026-02-15T01:41:40.335298,v4,0,0.9645039363482529,0.03549606365174714
2026-02-15T01:41:40.355286,v4,0,0.949342934559344,0.05065706544065589
2026-02-15T01:41:40.374494,v4,0,0.9613553845560037,0.03864461544399619
2026-02-15T01:41:40.394016,v4,0,0.9485080344821597,0.05149196551784046
2026-02-15T01:41:40.413021,v4,0,0.9844522941947373,0.015547705805262657
2026-02-15T01:41:40.436020,v4,0,0.9684334605502326,0.031566539449767485
2026-02-15T01:41:40.455020,v4,0,0.9732793749717484,0.02672062502825155
2026-02-15T01:41:40.479089,v4,0,0.9525436540423234,0.047456345957676414
2026-02-15T01:41:40.498626,v4,0,0.9845858065593402,0.015414193440659784
2026-02-15T01:41:40.517626,v4,0,0.9596374487128558,0.04036255128714426
2026-02-15T01:41:40.536635,v4,0,0.9525370928676,0.04746290713240005
2026-02-15T01:41:40.554618,v4,0,0.974324836399943,0.025675163600057
2026-02-15T01:41:40.573618,v4,0,0.9479218967905738,0.05207810320942641
2026-02-15T01:41:40.593143,v4,0,0.9474718042196737,0.052528195780326296
2026-02-15T01:41:40.612196,v4,0,0.7878414126421793,0.21215858735782075
2026-02-15T01:41:40.631152,v4,0,0.914484886044468,0.08551511395553206
2026-02-15T01:41:40.650145,v4,0,0.9494680731727483,0.050531926827251786
2026-02-15T01:41:40.674140,v4,0,0.9843452904708275,0.015654709529172486
2026-02-15T01:41:40.706661,v4,0,0.9309072424326414,0.0690927575673584
2026-02-15T01:41:40.733663,v4,0,0.9594812426196314,0.040518757380368545
2026-02-15T01:41:40.752724,v4,0,0.9474930254927739,0.052506974507225995
2026-02-15T01:41:40.771664,v4,0,0.9444574330253548,0.05554256697464535
2026-02-15T01:41:40.788669,v4,0,0.9440769373680779,0.05592306263192213
2026-02-15T01:41:40.807188,v4,0,0.9445543322501609,0.05544566774983916
2026-02-15T01:41:40.826191,v4,0,0.9685081143291719,0.03149188567082796
2026-02-15T01:41:40.846185,v4,0,0.9531581924233601,0.0468418075766398
2026-02-15T01:41:40.865185,v4,0,0.9646560697387843,0.035343930261215586
2026-02-15T01:41:40.883193,v4,0,0.8238927328598749,0.17610726714012528
2026-02-15T01:41:40.904681,v4,0,0.9694855547613739,0.030514445238626103
2026-02-15T01:41:40.923681,v4,0,0.9695499043920095,0.030450095607990387
2026-02-15T01:41:40.942688,v4,0,0.9438766430028948,0.05612335699710523
2026-02-15T01:41:40.962688,v4,0,0.9185879696265701,0.0814120303734299
2026-02-15T01:41:40.981701,v4,0,0.778172436047952,0.22182756395204795
2026-02-15T01:41:40.999227,v4,0,0.9281372498476417,0.07186275015235834
2026-02-15T01:41:41.017226,v4,0,0.8397706240248296,0.1602293759751702
2026-02-15T01:41:41.035227,v4,0,0.8562778598845504,0.14372214011544948
2026-02-15T01:41:41.053224,v4,0,0.9069913725117096,0.0930086274882903
2026-02-15T01:41:41.072224,v4,0,0.8963223121147422,0.10367768788525768
2026-02-15T01:41:41.090827,v4,0,0.9103653341117157,0.08963466588828421
2026-02-15T01:41:41.109830,v4,0,0.7779209797470321,0.222079020252968
2026-02-15T01:41:41.128838,v4,0,0.9090525310417696,0.09094746895823015
2026-02-15T01:41:41.146837,v4,0,0.8722821705385373,0.12771782946146282
2026-02-15T01:41:41.165835,v4,0,0.906284002485437,0.09371599751456312
2026-02-15T01:41:41.185857,v4,0,0.9062638413207036,0.09373615867929647
2026-02-15T01:41:41.204562,v4,0,0.8660524108404375,0.13394758915956234
2026-02-15T01:41:41.222909,v4,0,0.7664306386924296,0.23356936130757053
2026-02-15T01:41:41.240900,v4,0,0.7916342844342183,0.2083657155657815
2026-02-15T01:41:41.257898,v4,0,0.8216436091694284,0.17835639083057156
2026-02-15T01:41:41.275918,v4,0,0.9776811900763452,0.022318809923654762
2026-02-15T01:41:41.294444,v4,0,0.9723860346099518,0.027613965390048237
2026-02-15T01:41:41.313436,v4,0,0.984674512265398,0.015325487734601904
2026-02-15T01:41:41.331437,v4,0,0.982400594611567,0.017599405388432906
2026-02-15T01:41:41.348436,v4,0,0.9249003087913562,0.0750996912086437
2026-02-15T01:41:41.367441,v4,0,0.9843489601857334,0.01565103981426658
2026-02-15T01:41:41.384794,v4,0,0.9844584634790126,0.015541536520987305
2026-02-15T01:41:41.404326,v4,0,0.9738709900891288,0.026129009910871123
2026-02-15T01:41:41.423328,v4,0,0.988248256431868,0.011751743568131766
2026-02-15T01:41:41.441320,v4,0,0.969146705698601,0.030853294301398996
2026-02-15T01:41:41.459320,v4,0,0.9745003410296061,0.025499658970393906
2026-02-15T01:41:41.477332,v4,0,0.9846559894994571,0.015344010500542949
2026-02-15T01:41:41.495865,v4,0,0.9745918869353545,0.02540811306464552
2026-02-15T01:41:41.514858,v4,0,0.9845429660695854,0.015457033930414492
2026-02-15T01:41:41.533974,v4,0,0.9846559894994571,0.015344010500542949
2026-02-15T01:41:41.551864,v4,0,0.9751918457082362,0.024808154291763525
2026-02-15T01:41:41.570864,v4,0,0.8314985484551417,0.1685014515448583
2026-02-15T01:41:41.587888,v4,0,0.994607068633688,0.0053929313663119306
2026-02-15T01:41:41.608392,v4,0,0.9845429660695854,0.015457033930414492
2026-02-15T01:41:41.628462,v4,0,0.9737616612046094,0.026238338795390684
2026-02-15T01:41:41.647395,v4,0,0.9881918457082363,0.011808154291763519
2026-02-15T01:41:41.666462,v4,0,0.9252711622727056,0.07472883772729436
2026-02-15T01:41:41.684396,v4,0,0.9896360831458719,0.010363916854128215
2026-02-15T01:41:41.703968,v4,0,0.9734822952811037,0.026517704718896203
2026-02-15T01:41:41.723910,v4,1,0.06208333333333333,0.9379166666666666
2026-02-15T01:41:41.743907,v4,0,0.9846700344432775,0.015329965556722724
2026-02-15T01:41:41.763909,v4,0,0.9746059318791747,0.025394068120825296
2026-02-15T01:41:41.781974,v4,0,0.8294604647119965,0.1705395352880035
2026-02-15T01:41:41.799444,v4,0,0.8755691693442097,0.1244308306557905
2026-02-15T01:41:41.819438,v4,0,0.829833375503562,0.17016662449643813
2026-02-15T01:41:41.840449,v4,0,0.9845265390271924,0.015473460972807324
2026-02-15T01:41:41.861516,v4,0,0.9845265390271924,0.015473460972807324
2026-02-15T01:41:41.880441,v4,0,0.994652037091496,0.0053479629085041325
2026-02-15T01:41:41.899465,v4,0,0.9254193968784734,0.07458060312152648
2026-02-15T01:41:41.917465,v4,0,0.9846320542261968,0.01536794577380335
2026-02-15T01:41:41.936466,v4,0,0.978129814523192,0.021870185476807906
2026-02-15T01:41:41.956486,v4,0,0.9793881916306347,0.02061180836936522
2026-02-15T01:41:41.975472,v4,0,0.9595039363482529,0.040496063651747134
2026-02-15T01:41:41.993028,v4,0,0.9596320542261968,0.04036794577380336
2026-02-15T01:41:42.011020,v4,0,0.847745575159255,0.1522544248407452
2026-02-15T01:41:42.029021,v4,0,0.9695699348991884,0.03043006510081156
2026-02-15T01:41:42.048014,v4,0,0.9484478983207023,0.051552101679297815
2026-02-15T01:41:42.067021,v4,0,0.9495706168911113,0.05042938310888874
2026-02-15T01:41:42.086034,v4,0,0.9396811131746853,0.060318886825314694
2026-02-15T01:41:42.104556,v4,0,0.9479871854385,0.05201281456150017
2026-02-15T01:41:42.124560,v4,0,0.9484506275783443,0.05154937242165589
2026-02-15T01:41:42.143557,v4,0,0.9526160641778292,0.047383935822170827
2026-02-15T01:41:42.161560,v4,0,0.953888326887795,0.046111673112205036
2026-02-15T01:41:42.180568,v4,0,0.957588578647107,0.04241142135289308
2026-02-15T01:41:42.201085,v4,0,0.9844558826930708,0.015544117306929233
2026-02-15T01:41:42.219082,v4,0,0.9525994423912729,0.04740055760872711
2026-02-15T01:41:42.237088,v4,0,0.9425053785419806,0.0574946214580194
2026-02-15T01:41:42.256086,v4,0,0.9397443507998159,0.06025564920018416
2026-02-15T01:41:42.274139,v4,0,0.9572120475004169,0.042787952499582935
2026-02-15T01:41:42.293612,v4,0,0.9493070713838395,0.05069292861616055
2026-02-15T01:41:42.313608,v4,0,0.9593879219146823,0.04061207808531773
2026-02-15T01:41:42.332602,v4,0,0.9196291168136987,0.0803708831863013
2026-02-15T01:41:42.351608,v4,0,0.9496111138202877,0.05038888617971243
2026-02-15T01:41:42.371615,v4,0,0.8987063877006753,0.10129361229932485
2026-02-15T01:41:42.394114,v4,0,0.9395054221112918,0.060494577888707886
2026-02-15T01:41:42.414357,v4,0,0.9482827736265468,0.0517172263734531
2026-02-15T01:41:42.436353,v4,0,0.9546184348142636,0.04538156518573659
2026-02-15T01:41:42.456358,v4,0,0.9531075057640997,0.04689249423590024
2026-02-15T01:41:42.475359,v4,0,0.9444574330253548,0.05554256697464535
2026-02-15T01:41:42.494906,v4,0,0.9391056622530626,0.06089433774693746
2026-02-15T01:41:42.512899,v4,0,0.9540047396641728,0.04599526033582718
2026-02-15T01:41:42.531905,v4,0,0.9545391088643672,0.045460891135632835
2026-02-15T01:41:42.551897,v4,0,0.950230503176094,0.04976949682390587
2026-02-15T01:41:42.571906,v4,0,0.9796247365698462,0.020375263430153917
2026-02-15T01:41:42.591429,v4,0,0.8810150464531781,0.1189849535468219
2026-02-15T01:41:42.609438,v4,0,0.8025055906558981,0.19749440934410203
2026-02-15T01:41:42.628443,v4,0,0.917963403368917,0.08203659663108287
2026-02-15T01:41:42.646437,v4,0,0.8978676171619193,0.10213238283808057
2026-02-15T01:41:42.666449,v4,0,0.9164852769824929,0.08351472301750701
2026-02-15T01:41:42.684457,v4,0,0.8965035245058337,0.10349647549416609
2026-02-15T01:41:42.702989,v4,0,0.905204332322807,0.09479566767719297
2026-02-15T01:41:42.720981,v4,0,0.9293475152711966,0.07065248472880327
2026-02-15T01:41:42.739982,v4,0,0.7930937789278132,0.20690622107218698
2026-02-15T01:41:42.759982,v4,0,0.9057706629099016,0.09422933709009826
2026-02-15T01:41:42.779989,v4,0,0.7998472215822929,0.20015277841770712
2026-02-15T01:41:42.798491,v4,0,0.8959834453231962,0.10401655467680375
2026-02-15T01:41:42.815491,v4,0,0.8956737636850954,0.10432623631490445
2026-02-15T01:41:42.833493,v4,0,0.7764566865024475,0.2235433134975524
2026-02-15T01:41:42.852494,v4,0,0.9729493562818924,0.0270506437181076
2026-02-15T01:41:42.871493,v4,0,0.9765849366697256,0.023415063330274245
2026-02-15T01:41:42.892020,v4,0,0.9729437430346287,0.02705625696537114
2026-02-15T01:41:42.911028,v4,0,0.9844705700165428,0.015529429983457037
2026-02-15T01:41:42.932030,v4,0,0.9727973631124618,0.027202636887537962
2026-02-15T01:41:42.961030,v4,0,0.9641467056986008,0.035853294301399
2026-02-15T01:41:42.987043,v4,0,0.8115660154081172,0.18843398459188265
2026-02-15T01:41:43.015562,v4,0,0.9635600749768686,0.03643992502313119
2026-02-15T01:41:43.033557,v4,0,0.9725972402544123,0.0274027597455877
2026-02-15T01:41:43.051556,v4,0,0.9765001486211569,0.023499851378843056
2026-02-15T01:41:43.069560,v4,0,0.9745972402544123,0.025402759745587703
2026-02-15T01:41:43.087568,v4,0,0.9734604342094582,0.02653956579054184
2026-02-15T01:41:43.106097,v4,0,0.9727647482591162,0.027235251740883825
2026-02-15T01:41:43.125092,v4,0,0.98333011389109,0.016669886108909782
2026-02-15T01:41:43.144091,v4,0,0.9746559894994572,0.025344010500542958
2026-02-15T01:41:43.161095,v4,0,0.9851281153555498,0.01487188464445
2026-02-15T01:41:43.179102,v4,0,0.9745090326543685,0.0254909673456315
2026-02-15T01:41:43.198798,v4,0,0.9592115633795294,0.04078843662047053
2026-02-15T01:41:43.218741,v4,0,0.9727787932029364,0.0272212067970636
2026-02-15T01:41:43.239741,v4,0,0.984607068633688,0.015392931366311929
2026-02-15T01:41:43.258741,v4,0,0.9833725498265866,0.01662745017341325
2026-02-15T01:41:43.277759,v4,0,0.9745090326543685,0.0254909673456315
2026-02-15T01:41:43.295263,v4,0,0.9737616612046094,0.026238338795390684
2026-02-15T01:41:43.314263,v4,0,0.9745090326543685,0.0254909673456315
2026-02-15T01:41:43.333263,v4,0,0.9691553973233633,0.030844602676636593
2026-02-15T01:41:43.351269,v4,0,0.9527330409351896,0.04726695906481026
2026-02-15T01:41:43.371269,v4,0,0.979840159330867,0.020159840669133053
2026-02-15T01:41:43.390354,v4,0,0.9795719805817691,0.020428019418230782
2026-02-15T01:41:43.409508,v4,0,0.8245166307681626,0.17548336923183744
2026-02-15T01:41:43.429163,v4,0,0.9845906415912951,0.01540935840870476
2026-02-15T01:41:43.448157,v4,0,0.9945906415912951,0.0054093584087047605
2026-02-15T01:41:43.468168,v4,0,0.9885958498527871,0.011404150147212704
2026-02-15T01:41:43.487168,v4,0,0.9727758608867495,0.027224139113250535
2026-02-15T01:41:43.506699,v4,0,0.9729200916559804,0.027079908344019764
2026-02-15T01:41:43.524691,v4,0,0.9745960837841503,0.0254039162158497
2026-02-15T01:41:43.544691,v4,0,0.9593157746900584,0.04068422530994165
2026-02-15T01:41:43.562698,v4,0,0.9783111292701051,0.021688870729894835
2026-02-15T01:41:43.582697,v4,0,0.972626782582457,0.027373217417542933
2026-02-15T01:41:43.602241,v4,0,0.936565624739341,0.06343437526065887
2026-02-15T01:41:43.621248,v4,0,0.9427538454359115,0.05724615456408848
2026-02-15T01:41:43.640235,v4,0,0.9730220512226703,0.026977948777329525
2026-02-15T01:41:43.660234,v4,0,0.9596320542261968,0.04036794577380336
2026-02-15T01:41:43.677234,v4,0,0.947626782582457,0.052373217417542924
2026-02-15T01:41:43.695746,v4,0,0.9595039363482529,0.040496063651747134
2026-02-15T01:41:43.716751,v4,0,0.9684334605502326,0.031566539449767485
2026-02-15T01:41:43.735746,v4,0,0.9495706168911113,0.05042938310888874
2026-02-15T01:41:43.754753,v4,0,0.9019498046280411,0.098050195371959
2026-02-15T01:41:43.771746,v4,0,0.9745858065593402,0.02541419344065978
2026-02-15T01:41:43.789751,v4,0,0.9635686094994123,0.0364313905005879
2026-02-15T01:41:43.810262,v4,0,0.9744558826930708,0.02554411730692923
2026-02-15T01:41:43.830262,v4,0,0.9492795793286524,0.050720420671347674
2026-02-15T01:41:43.848271,v4,0,0.9730870684341446,0.02691293156585544
2026-02-15T01:41:43.867261,v4,0,0.9492646682922518,0.050735331707748486
2026-02-15T01:41:43.885266,v4,0,0.9711106761823284,0.028889323817671418
2026-02-15T01:41:43.903771,v4,0,0.9743359007370895,0.025664099262910484
2026-02-15T01:41:43.922770,v4,0,0.9494039706086457,0.05059602939135435
2026-02-15T01:41:43.941770,v4,0,0.9743359007370895,0.025664099262910484
2026-02-15T01:41:43.959769,v4,0,0.9493070713838395,0.05069292861616055
2026-02-15T01:41:43.978795,v4,0,0.9594812426196314,0.040518757380368545
2026-02-15T01:41:43.997297,v4,0,0.9743480072746199,0.025651992725380223
2026-02-15T01:41:44.015304,v4,0,0.9494574330253548,0.050542566974645355
2026-02-15T01:41:44.033361,v4,0,0.9694795862219883,0.030520413778011797
2026-02-15T01:41:44.052831,v4,0,0.9050796987396268,0.09492030126037342
2026-02-15T01:41:44.070964,v4,0,0.9681855729193742,0.031814427080625755
2026-02-15T01:41:44.089159,v4,0,0.9263220427770384,0.07367795722296139
2026-02-15T01:41:44.107440,v4,0,0.9445215355894574,0.055478464410542785
2026-02-15T01:41:44.125434,v4,0,0.9694602879988328,0.030539712001167105
2026-02-15T01:41:44.144441,v4,0,0.9433401634540811,0.056659836545918746
2026-02-15T01:41:44.163437,v4,0,0.9511079669648583,0.048892033035141676
2026-02-15T01:41:44.181445,v4,0,0.908651981456298,0.09134801854370199
2026-02-15T01:41:44.200883,v4,0,0.9341091177358013,0.06589088226419879
2026-02-15T01:41:44.218812,v4,0,0.923136832734981,0.07686316726501893
2026-02-15T01:41:44.238812,v4,0,0.8759005381522107,0.12409946184778925
2026-02-15T01:41:44.257812,v4,0,0.8989197510903324,0.10108024890966744
2026-02-15T01:41:44.278841,v4,0,0.9237160462132621,0.07628395378673776
2026-02-15T01:41:44.297342,v4,0,0.8993223121147422,0.10067768788525766
2026-02-15T01:41:44.316356,v4,0,0.8812155655977593,0.11878443440224046
2026-02-15T01:41:44.336349,v4,0,0.9159410820642173,0.08405891793578249
2026-02-15T01:41:44.357355,v4,0,0.9140787421265654,0.08592125787343445
2026-02-15T01:41:44.376351,v4,0,0.9086562320113712,0.09134376798862874
2026-02-15T01:41:44.395855,v4,0,0.9048137032029419,0.09518629679705796
2026-02-15T01:41:44.414363,v4,0,0.8798266920338087,0.12017330796619112
2026-02-15T01:41:44.432363,v4,0,0.8615851204245085,0.13841487957549153
2026-02-15T01:41:44.452421,v4,0,0.8709804611368278,0.12901953886317222
2026-02-15T01:41:44.475369,v4,0,0.8419712550197446,0.15802874498025551
2026-02-15T01:41:44.494901,v4,0,0.926374750981334,0.07362524901866598
2026-02-15T01:41:44.514897,v4,0,0.9152403724140538,0.08475962758594612
2026-02-15T01:41:44.537895,v4,1,0.13176744186046513,0.8682325581395349
2026-02-15T01:41:44.556897,v4,0,0.9729165596211888,0.02708344037881124
2026-02-15T01:41:44.576895,v4,0,0.9945538664386109,0.005446133561389025
2026-02-15T01:41:44.594440,v4,0,0.9728468438098226,0.027153156190177344
2026-02-15T01:41:44.614440,v4,0,0.9825266947242891,0.01747330527571089
2026-02-15T01:41:44.634440,v4,0,0.825684123198661,0.17431587680133923
2026-02-15T01:41:44.653440,v4,0,0.972770101578174,0.027229898421826007
2026-02-15T01:41:44.672435,v4,0,0.9945500060068987,0.005449993993101243
2026-02-15T01:41:44.691446,v4,0,0.9745972402544123,0.025402759745587703
2026-02-15T01:41:44.709963,v4,0,0.9734604342094582,0.02653956579054184
2026-02-15T01:41:44.729963,v4,0,0.9734736036563415,0.02652639634365861
2026-02-15T01:41:44.748965,v4,0,0.9746613428185149,0.02533865718148514
2026-02-15T01:41:44.767955,v4,0,0.9846613428185149,0.015338657181485133
2026-02-15T01:41:44.787969,v4,0,0.9742901681455028,0.02570983185449725
2026-02-15T01:41:44.805504,v4,0,0.9846559894994571,0.015344010500542949
2026-02-15T01:41:44.823499,v4,0,0.9360624549996258,0.06393754500037403
2026-02-15T01:41:44.842499,v4,0,0.9745918869353545,0.02540811306464552
2026-02-15T01:41:44.863500,v4,0,0.9795719805817691,0.020428019418230782
2026-02-15T01:41:44.883512,v4,0,0.9161261751751304,0.08387382482486952
2026-02-15T01:41:44.902011,v4,0,0.9743042130893229,0.025695786910677025
2026-02-15T01:41:44.920011,v4,0,0.9591553973233633,0.040844602676636595
2026-02-15T01:41:44.938011,v4,0,0.984607068633688,0.015392931366311929
2026-02-15T01:41:44.960011,v4,0,0.9737616612046094,0.026238338795390684
2026-02-15T01:41:44.983020,v4,0,0.9782546817138912,0.021745318286108716
2026-02-15T01:41:45.007610,v4,0,0.9734822952811037,0.026517704718896203
2026-02-15T01:41:45.028610,v4,0,0.9727787932029364,0.0272212067970636
2026-02-15T01:41:45.050608,v4,0,0.9745090326543685,0.0254909673456315
2026-02-15T01:41:45.072612,v4,0,0.9810802454527071,0.018919754547292778
2026-02-15T01:41:45.093699,v4,0,0.9716937666016311,0.02830623339836878
2026-02-15T01:41:45.114207,v4,0,0.9829474916679495,0.017052508332050468
2026-02-15T01:41:45.132207,v4,0,0.9832795234167526,0.016720476583247258
2026-02-15T01:41:45.152219,v4,0,0.9745960837841503,0.0254039162158497
2026-02-15T01:41:45.172202,v4,0,0.9782809643389427,0.021719035661057057
2026-02-15T01:41:45.191223,v4,0,0.9745632871234468,0.02543671287655334
2026-02-15T01:41:45.211748,v4,0,0.9743844638556318,0.02561553614436832
2026-02-15T01:41:45.232748,v4,0,0.9846601863482529,0.015339813651747134
2026-02-15T01:41:45.251748,v4,0,0.9746601863482529,0.025339813651747138
2026-02-15T01:41:45.269757,v4,0,0.9786730526619306,0.021326947338069387
2026-02-15T01:41:45.287761,v4,0,0.9676627538054785,0.032337246194521344
2026-02-15T01:41:45.305297,v4,0,0.9531643584846237,0.04683564151537621
2026-02-15T01:41:45.323294,v4,0,0.9695413635901184,0.03045863640988164
2026-02-15T01:41:45.343287,v4,0,0.9579065028022761,0.04209349719772379
2026-02-15T01:41:45.363287,v4,0,0.9495706168911113,0.05042938310888874
2026-02-15T01:41:45.385294,v4,0,0.9494737176663051,0.05052628233369494
2026-02-15T01:41:45.413332,v4,0,0.9019506961516853,0.09804930384831469
2026-02-15T01:41:45.450332,v4,0,0.9125071699634817,0.08749283003651842
2026-02-15T01:41:45.484339,v4,0,0.9745217039952376,0.025478296004762348
2026-02-15T01:41:45.506977,v4,0,0.7828414126421793,0.21715858735782073
2026-02-15T01:41:45.526980,v4,0,0.9598297485173859,0.0401702514826143
2026-02-15T01:41:45.544971,v4,0,0.9029497294581698,0.0970502705418305
2026-02-15T01:41:45.562978,v4,0,0.9487756045149986,0.051224395485001545
2026-02-15T01:41:45.583985,v4,0,0.9730749618966142,0.026925038103385708
2026-02-15T01:41:45.602518,v4,0,0.9489034034042055,0.051096596595794484
2026-02-15T01:41:45.622523,v4,0,0.9743359007370895,0.025664099262910484
2026-02-15T01:41:45.641530,v4,0,0.9743359007370895,0.025664099262910484
2026-02-15T01:41:45.660523,v4,0,0.9593879219146823,0.04061207808531773
2026-02-15T01:41:45.679063,v4,0,0.9691328075682247,0.030867192431774926
2026-02-15T01:41:45.698602,v4,0,0.9596184348142636,0.04038156518573659
2026-02-15T01:41:45.720612,v4,0,0.8971799518107527,0.1028200481892475
2026-02-15T01:41:45.740600,v4,0,0.9443553852639216,0.05564461473607846
2026-02-15T01:41:45.761612,v4,0,0.9445215355894574,0.055478464410542785
2026-02-15T01:41:45.782608,v4,0,0.9444574330253548,0.05554256697464535
2026-02-15T01:41:45.804114,v4,0,0.9478283254947154,0.052171674505284704
2026-02-15T01:41:45.827115,v4,0,0.9795225023454128,0.0204774976545872
2026-02-15T01:41:45.849115,v4,0,0.9695243905629354,0.03047560943706454
2026-02-15T01:41:45.874117,v4,0,0.7431171655662101,0.25688283443378984
2026-02-15T01:41:45.895637,v4,0,0.9467363810590812,0.05326361894091877
2026-02-15T01:41:45.916627,v4,0,0.8387884441869378,0.16121155581306243
2026-02-15T01:41:45.938627,v4,0,0.9399649724888345,0.060035027511165594
2026-02-15T01:41:45.960627,v4,0,0.9138011056713471,0.08619889432865295
2026-02-15T01:41:45.985634,v4,0,0.9151659622096722,0.0848340377903277
2026-02-15T01:41:46.008170,v4,0,0.9142781229778967,0.08572187702210336
2026-02-15T01:41:46.029165,v4,0,0.93795487405209,0.062045125947909924
2026-02-15T01:41:46.059167,v4,0,0.9036580391783763,0.09634196082162363
2026-02-15T01:41:46.087185,v4,0,0.8195406575013561,0.18045934249864382
2026-02-15T01:41:46.117723,v4,0,0.8914833139036509,0.1085166860963489
2026-02-15T01:41:46.142714,v4,0,0.8949009604032696,0.10509903959673018
2026-02-15T01:41:46.167716,v4,0,0.9304818938384769,0.06951810616152311
2026-02-15T01:41:46.188725,v4,0,0.8900129594700762,0.10998704052992365
2026-02-15T01:41:46.209253,v4,0,0.8748907945979113,0.1251092054020885
2026-02-15T01:41:46.229253,v4,0,0.8809699191770359,0.11903008082296396
2026-02-15T01:41:46.249261,v4,0,0.9099453881846269,0.090054611815373
2026-02-15T01:41:46.270249,v4,0,0.9305494762560593,0.06945052374394069
2026-02-15T01:41:46.292257,v4,1,0.0625,0.9375
2026-02-15T01:41:46.313825,v4,1,0.08676744186046513,0.913232558139535
2026-02-15T01:41:46.334822,v4,0,0.9729493562818924,0.0270506437181076
2026-02-15T01:41:46.355823,v4,0,0.9844705700165428,0.015529429983457037
2026-02-15T01:41:46.376822,v4,0,0.9482399456304964,0.051760054369503594
2026-02-15T01:41:46.398346,v4,0,0.9745776130405919,0.025422386959408114
2026-02-15T01:41:46.418346,v4,0,0.8406677335943528,0.15933226640564735
2026-02-15T01:41:46.439419,v4,0,0.8836961916212451,0.11630380837875506
2026-02-15T01:41:46.459900,v4,0,0.9736258115998205,0.02637418840017931
2026-02-15T01:41:46.480906,v4,0,0.9714604342094582,0.028539565790541843
2026-02-15T01:41:46.505412,v4,0,0.9848455126499247,0.01515448735007523
2026-02-15T01:41:46.525412,v4,0,0.9745003410296061,0.025499658970393906
2026-02-15T01:41:46.545412,v4,0,0.9832698427381317,0.016730157261868214
2026-02-15T01:41:46.566412,v4,0,0.9153727397485716,0.08462726025142846
2026-02-15T01:41:46.588414,v4,0,0.9884998709405296,0.01150012905947023
2026-02-15T01:41:46.611891,v4,0,0.9746559894994572,0.025344010500542958
2026-02-15T01:41:46.633903,v4,0,0.9742688197504623,0.02573118024953763
2026-02-15T01:41:46.658823,v4,0,0.9745731352184711,0.025426864781528936
2026-02-15T01:41:46.682842,v4,0,0.9774504737764876,0.022549526223512296
2026-02-15T01:41:46.706386,v4,0,0.994607068633688,0.0053929313663119306
2026-02-15T01:41:46.728379,v4,0,0.9746059318791747,0.025394068120825296
2026-02-15T01:41:46.749384,v4,0,0.981300203704788,0.018699796295211745
2026-02-15T01:41:46.768388,v4,0,0.8770973545965947,0.12290264540340551
2026-02-15T01:41:46.787400,v4,0,0.984607068633688,0.015392931366311929
2026-02-15T01:41:46.806940,v4,0,0.9746059318791747,0.025394068120825296
2026-02-15T01:41:46.828940,v4,0,0.9736345032245829,0.0263654967754169
2026-02-15T01:41:46.848940,v4,0,0.9745731352184711,0.025426864781528936
2026-02-15T01:41:46.869940,v4,1,0.1690625097807133,0.8309374902192869
2026-02-15T01:41:46.889949,v4,0,0.8116129050264353,0.18838709497356443
2026-02-15T01:41:46.910483,v4,0,0.9841490406259813,0.015850959374018522
2026-02-15T01:41:46.930481,v4,0,0.9745960837841503,0.0254039162158497
2026-02-15T01:41:46.949489,v4,0,0.9845906415912951,0.01540935840870476
2026-02-15T01:41:46.969474,v4,0,0.9833232358076355,0.01667676419236456
2026-02-15T01:41:46.988493,v4,0,0.9832795234167526,0.016720476583247258
2026-02-15T01:41:47.007026,v4,0,0.9756808010065099,0.02431919899349005
2026-02-15T01:41:47.030019,v4,0,0.9729587156390389,0.02704128436096127
2026-02-15T01:41:47.049026,v4,0,0.9848168755352669,0.01518312446473327
2026-02-15T01:41:47.067019,v4,0,0.9689711169886841,0.03102888301131561
2026-02-15T01:41:47.086039,v4,0,0.9635212039290428,0.036478796070957234
2026-02-15T01:41:47.104561,v4,0,0.947626782582457,0.052373217417542924
2026-02-15T01:41:47.121558,v4,0,0.9489083000298193,0.05109169997018074
2026-02-15T01:41:47.140564,v4,0,0.9743881916306347,0.025611808369365222
2026-02-15T01:41:47.159626,v4,0,0.9743881916306347,0.025611808369365222
2026-02-15T01:41:47.178569,v4,0,0.9484478983207023,0.051552101679297815
2026-02-15T01:41:47.197117,v4,0,0.9484478983207023,0.051552101679297815
2026-02-15T01:41:47.215116,v4,0,0.9661860991677742,0.033813900832225685
2026-02-15T01:41:47.234121,v4,0,0.7966058276977293,0.20339417230227055
2026-02-15T01:41:47.253124,v4,0,0.9495733461487532,0.050426653851246825
2026-02-15T01:41:47.272116,v4,0,0.9845858065593402,0.015414193440659784
2026-02-15T01:41:47.291131,v4,0,0.9692535184641557,0.030746481535844063
2026-02-15T01:41:47.309651,v4,0,0.8838356109855329,0.11616438901446725
2026-02-15T01:41:47.328658,v4,0,0.9080636022839712,0.09193639771602885
2026-02-15T01:41:47.348653,v4,0,0.9346881847436498,0.06531181525635021
2026-02-15T01:41:47.367651,v4,0,0.7928414126421793,0.20715858735782075
2026-02-15T01:41:47.386655,v4,0,0.9843370443650095,0.015662955634990535
2026-02-15T01:41:47.404853,v4,1,0.065,0.935
2026-02-15T01:41:47.424854,v4,0,0.9844000033011922,0.015599996698807926
2026-02-15T01:41:47.443857,v4,0,0.9493070713838395,0.05069292861616055
2026-02-15T01:41:47.461865,v4,0,0.8647571351657453,0.13524286483425474
2026-02-15T01:41:47.480874,v4,0,0.9443258540779863,0.05567414592201378
2026-02-15T01:41:47.500421,v4,1,0.06208333333333333,0.9379166666666666
2026-02-15T01:41:47.521410,v4,0,0.9646013232109472,0.03539867678905294
2026-02-15T01:41:47.555410,v4,0,0.9446184348142636,0.055381565185736586
2026-02-15T01:41:47.581411,v4,0,0.9546184348142636,0.04538156518573659
2026-02-15T01:41:47.604014,v4,0,0.9445543322501609,0.05544566774983916
2026-02-15T01:41:47.625014,v4,0,0.9445543322501609,0.05544566774983916
2026-02-15T01:41:47.644024,v4,0,0.9531600806408826,0.04683991935911714
2026-02-15T01:41:47.663021,v4,0,0.9684267669113937,0.03157323308860613
2026-02-15T01:41:47.680021,v4,0,0.9437734238069798,0.056226576193020135
2026-02-15T01:41:47.698535,v4,0,0.953870323031786,0.046129676968213934
2026-02-15T01:41:47.716535,v4,0,0.7590565352243298,0.24094346477567022
2026-02-15T01:41:47.736543,v4,0,0.9135312906988989,0.08646870930110108
2026-02-15T01:41:47.755542,v4,0,0.7929972223727384,0.20700277762726163
2026-02-15T01:41:47.774542,v4,0,0.8889556562937533,0.11104434370624658
2026-02-15T01:41:47.793547,v4,0,0.8609656951671374,0.13903430483286244
2026-02-15T01:41:47.812133,v4,0,0.8864192113395484,0.11358078866045147
2026-02-15T01:41:47.830062,v4,0,0.824539216579166,0.17546078342083404
2026-02-15T01:41:47.848059,v4,0,0.8913223121147422,0.10867768788525767
2026-02-15T01:41:47.869056,v4,0,0.7655400706133965,0.23445992938660357
2026-02-15T01:41:47.888060,v4,0,0.9037718644512985,0.09622813554870141
2026-02-15T01:41:47.906568,v4,0,0.9125400593864409,0.08745994061355893
2026-02-15T01:41:47.924907,v4,0,0.8830741605883563,0.1169258394116439
2026-02-15T01:41:47.942581,v4,1,0.12,0.88
2026-02-15T01:41:47.961576,v4,0,0.921374750981334,0.07862524901866597
2026-02-15T01:41:47.980591,v4,1,0.0625,0.9375
2026-02-15T01:41:47.999122,v4,0,0.972105085607327,0.027894914392672988
2026-02-15T01:41:48.018115,v4,0,0.9828610170739337,0.017138982926066228
2026-02-15T01:41:48.037121,v4,0,0.9746104097012954,0.025389590298704478
2026-02-15T01:41:48.055122,v4,0,0.969858682096808,0.030141317903191994
2026-02-15T01:41:48.073129,v4,0,0.9728060728011956,0.027193927198804424
2026-02-15T01:41:48.093141,v4,0,0.9846613428185149,0.015338657181485133
2026-02-15T01:41:48.110678,v4,0,0.9844584634790126,0.015541536520987305
2026-02-15T01:41:48.127678,v4,0,0.8116221814642833,0.18837781853571656
2026-02-15T01:41:48.145678,v4,0,0.9846613428185149,0.015338657181485133
2026-02-15T01:41:48.163678,v4,0,0.9729338774168121,0.027066122583187854
2026-02-15T01:41:48.183686,v4,0,0.9745003410296061,0.025499658970393906
2026-02-15T01:41:48.203218,v4,0,0.9847369194104043,0.01526308058959563
2026-02-15T01:41:48.220221,v4,0,0.921340477418721,0.07865952258127877
2026-02-15T01:41:48.239218,v4,0,0.9832765959566042,0.016723404043395763
2026-02-15T01:41:48.258218,v4,0,0.9846700344432775,0.015329965556722724
2026-02-15T01:41:48.276218,v4,0,0.9740613929013808,0.02593860709861916
2026-02-15T01:41:48.297484,v4,0,0.9833725498265866,0.01662745017341325
2026-02-15T01:41:48.316494,v4,0,0.9745090326543685,0.0254909673456315
2026-02-15T01:41:48.335541,v4,0,0.994607068633688,0.0053929313663119306
2026-02-15T01:41:48.355483,v4,0,0.9781889450909393,0.02181105490906059
2026-02-15T01:41:48.374483,v4,0,0.9703011698912496,0.02969883010875023
2026-02-15T01:41:48.394489,v4,0,0.9636345032245829,0.0363654967754169
2026-02-15T01:41:48.415001,v4,0,0.9832644894190739,0.016735510580926028
2026-02-15T01:41:48.437003,v4,0,0.9788139450909393,0.02118605490906059
2026-02-15T01:41:48.457000,v4,0,0.9731918457082362,0.02680815429176352
2026-02-15T01:41:48.484022,v4,0,0.9635687666016309,0.03643123339836878
2026-02-15T01:41:48.509548,v4,0,0.9746059318791747,0.025394068120825296
2026-02-15T01:41:48.531539,v4,0,0.9737616612046094,0.026238338795390684
2026-02-15T01:41:48.551545,v4,0,0.9845906415912951,0.01540935840870476
2026-02-15T01:41:48.571533,v4,0,0.9696601863482529,0.03033981365174714
2026-02-15T01:41:48.590543,v4,0,0.9789552435439832,0.021044756456016764
2026-02-15T01:41:48.610074,v4,0,0.974499184559344,0.025500815440655904
2026-02-15T01:41:48.629070,v4,0,0.9300566066693148,0.06994339333068524
2026-02-15T01:41:48.648074,v4,0,0.9777386557587993,0.02226134424120079
2026-02-15T01:41:48.668074,v4,0,0.974499184559344,0.025500815440655904
2026-02-15T01:41:48.687087,v4,0,0.8045138051234528,0.19548619487654723
2026-02-15T01:41:48.706602,v4,0,0.9744398337841502,0.0255601662158497
2026-02-15T01:41:48.726601,v4,0,0.9640305301326642,0.03596946986733578
2026-02-15T01:41:48.745741,v4,0,0.9645039363482529,0.03549606365174714
2026-02-15T01:41:48.765750,v4,0,0.9574534112014049,0.04254658879859492
2026-02-15T01:41:48.785771,v4,0,0.973136485327257,0.026863514672742773
2026-02-15T01:41:48.806276,v4,0,0.9485955631095849,0.05140443689041509
2026-02-15T01:41:48.826276,v4,0,0.9595039363482529,0.040496063651747134
2026-02-15T01:41:48.845276,v4,0,0.9426291360519368,0.057370863948063226
2026-02-15T01:41:48.863276,v4,0,0.9495706168911113,0.05042938310888874
2026-02-15T01:41:48.883283,v4,0,0.9490428946455044,0.050957105354495616
2026-02-15T01:41:48.901791,v4,0,0.9494764469239471,0.050523553076053024
2026-02-15T01:41:48.920793,v4,0,0.8528205587521569,0.14717944124784316
2026-02-15T01:41:48.939809,v4,0,0.9745858065593402,0.02541419344065978
2026-02-15T01:41:48.959805,v4,0,0.9475387479486989,0.05246125205130109
2026-02-15T01:41:48.979805,v4,0,0.9575216349180817,0.04247836508191829
2026-02-15T01:41:48.999344,v4,0,0.9593615675170579,0.04063843248294228
2026-02-15T01:41:49.023346,v4,0,0.9595027287537612,0.040497271246238975
2026-02-15T01:41:49.043338,v4,0,0.9493480016255851,0.05065199837441515
2026-02-15T01:41:49.063338,v4,0,0.9594680731727483,0.04053192682725178
2026-02-15T01:41:49.082416,v4,0,0.9694520244787849,0.030547975521215166
2026-02-15T01:41:49.101871,v4,0,0.8153558276977293,0.18464417230227056
2026-02-15T01:41:49.121869,v4,0,0.9743480072746199,0.025651992725380223
2026-02-15T01:41:49.142869,v4,0,0.92485791062496,0.07514208937503992
2026-02-15T01:41:49.165870,v4,0,0.957372412017406,0.04262758798259381
2026-02-15T01:41:49.186877,v4,0,0.9685282185187676,0.031471781481232246
2026-02-15T01:41:49.206419,v4,0,0.9444574330253548,0.05554256697464535
2026-02-15T01:41:49.225414,v4,0,0.94252006176214,0.05747993823785988
2026-02-15T01:41:49.243414,v4,0,0.9446184348142636,0.055381565185736586
2026-02-15T01:41:49.262414,v4,0,0.8325037316440219,0.16749626835597808
2026-02-15T01:41:49.281428,v4,0,0.9427858999759015,0.05721410002409855
2026-02-15T01:41:49.299928,v4,0,0.8655796875917641,0.1344203124082362
2026-02-15T01:41:49.319156,v4,0,0.9437093212428772,0.05629067875712269
2026-02-15T01:41:49.337154,v4,0,0.9695243905629354,0.03047560943706454
2026-02-15T01:41:49.357033,v4,0,0.8348740013192368,0.16512599868076333
2026-02-15T01:41:49.376025,v4,0,0.9342587608853995,0.0657412391146002
2026-02-15T01:41:49.396053,v4,0,0.8987600430647197,0.10123995693528016
2026-02-15T01:41:49.415231,v4,0,0.8812612789169403,0.1187387210830598
2026-02-15T01:41:49.435480,v4,0,0.902837429628892,0.09716257037110793
2026-02-15T01:41:49.458996,v4,0,0.8864192113395484,0.11358078866045147
2026-02-15T01:41:49.481030,v4,1,0.0625,0.9375
2026-02-15T01:41:49.500542,v4,0,0.8914192113395484,0.10858078866045147
2026-02-15T01:41:49.521602,v4,0,0.8562906345396348,0.14370936546036517
2026-02-15T01:41:49.540550,v4,0,0.8913655304486501,0.10863446955134975
2026-02-15T01:41:49.560548,v4,0,0.9047220178497258,0.09527798215027414
2026-02-15T01:41:49.587604,v4,0,0.8518345976061619,0.14816540239383807
2026-02-15T01:41:49.623063,v4,0,0.8568987001702644,0.1431012998297355
2026-02-15T01:41:49.652070,v4,0,0.8247746667328129,0.1752253332671871
2026-02-15T01:41:49.675063,v4,0,0.8033331384144461,0.1966668615855539
2026-02-15T01:41:49.696577,v4,0,0.8267083284906386,0.1732916715093616
2026-02-15T01:41:49.715583,v4,0,0.9006737636850954,0.09932623631490445
2026-02-15T01:41:49.734588,v4,0,0.7818440826611447,0.21815591733885545
2026-02-15T01:41:49.753582,v4,0,0.7718800538841663,0.22811994611583386
2026-02-15T01:41:49.773581,v4,0,0.7616692259871701,0.23833077401282998
2026-02-15T01:41:49.792641,v4,0,0.766807499034686,0.23319250096531385
2026-02-15T01:41:49.813156,v4,0,0.7866820671546282,0.21331793284537195
2026-02-15T01:41:49.833155,v4,0,0.7668800538841662,0.23311994611583386
2026-02-15T01:41:49.855162,v4,0,0.8066436091694285,0.1933563908305716
2026-02-15T01:41:49.874156,v4,1,0.131875,0.868125
2026-02-15T01:41:49.895175,v4,0,0.9718125502369384,0.028187449763061735
2026-02-15T01:41:49.915342,v4,0,0.9720250806006137,0.027974919399386414
2026-02-15T01:41:49.943346,v4,0,0.9844705700165428,0.015529429983457037
2026-02-15T01:41:49.962346,v4,0,0.9203619478834228,0.07963805211657723
2026-02-15T01:41:49.982363,v4,0,0.9795632889570068,0.020436711042993192
2026-02-15T01:41:50.006461,v4,0,0.9848320769493489,0.015167923050651044
2026-02-15T01:41:50.025462,v4,0,0.9775632889570067,0.022436711042993194
2026-02-15T01:41:50.044543,v4,0,0.9727973631124618,0.027202636887537962
2026-02-15T01:41:50.063466,v4,0,0.8194133630768629,0.18058663692313734
2026-02-15T01:41:50.082481,v4,0,0.9776002046713056,0.02239979532869437
2026-02-15T01:41:50.102980,v4,0,0.9739194566155563,0.026080543384443725
2026-02-15T01:41:50.122980,v4,0,0.9832769985385224,0.016723001461477507
2026-02-15T01:41:50.141980,v4,0,0.8215166307681626,0.17848336923183744
2026-02-15T01:41:50.161073,v4,0,0.9786554555719437,0.02134454442805629
2026-02-15T01:41:50.179980,v4,0,0.984607068633688,0.015392931366311929
2026-02-15T01:41:50.199498,v4,0,0.9896895590817008,0.010310440918299336
2026-02-15T01:41:50.218497,v4,0,0.984607068633688,0.015392931366311929
2026-02-15T01:41:50.237505,v4,0,0.9592022869416814,0.0407977130583184
2026-02-15T01:41:50.257497,v4,0,0.9746700344432773,0.025329965556722733
2026-02-15T01:41:50.276504,v4,0,0.9896360831458719,0.010363916854128215
2026-02-15T01:41:50.295517,v4,0,0.9745731352184711,0.025426864781528936
2026-02-15T01:41:50.314749,v4,0,0.9742240864889367,0.025775913511063262
2026-02-15T01:41:50.335749,v4,0,0.9682469684822239,0.03175303151777575
2026-02-15T01:41:50.358752,v4,0,0.916505297548574,0.08349470245142601
2026-02-15T01:41:50.377749,v4,0,0.9745960837841503,0.0254039162158497
2026-02-15T01:41:50.397289,v4,0,0.9796520370914961,0.020347962908504137
2026-02-15T01:41:50.417304,v4,0,0.9729200916559804,0.027079908344019764
2026-02-15T01:41:50.437306,v4,0,0.9543626643083765,0.045637335691623454
2026-02-15T01:41:50.457702,v4,0,0.9882719591202321,0.011728040879767683
2026-02-15T01:41:50.476709,v4,0,0.9317992009916936,0.06820079900830638
2026-02-15T01:41:50.495718,v4,0,0.9784313830105817,0.021568616989418254
2026-02-15T01:41:50.514225,v4,0,0.9744237850901868,0.025576214909813086
2026-02-15T01:41:50.534218,v4,0,0.9579215586203803,0.04207844137961964
2026-02-15T01:41:50.554218,v4,0,0.947853673073897,0.05214632692610304
2026-02-15T01:41:50.577299,v4,0,0.916058467504544,0.083941532495456
2026-02-15T01:41:50.596724,v4,0,0.9496347194552139,0.05036528054478619
2026-02-15T01:41:50.615735,v4,0,0.9732643191536442,0.02673568084635571
2026-02-15T01:41:50.633735,v4,0,0.9596374487128558,0.04036255128714426
2026-02-15T01:41:50.653745,v4,0,0.9845858065593402,0.015414193440659784
2026-02-15T01:41:50.674735,v4,0,0.9745858065593402,0.02541419344065978
2026-02-15T01:41:50.695738,v4,0,0.9433992459594625,0.05660075404053762
2026-02-15T01:41:50.722185,v4,0,0.7978412868636099,0.2021587131363901
2026-02-15T01:41:50.747180,v4,0,0.9516940121425614,0.04830598785743865
2026-02-15T01:41:50.784184,v4,0,0.9493615675170579,0.05063843248294229
2026-02-15T01:41:50.820696,v4,0,0.9478859255675524,0.052114074432448
2026-02-15T01:41:50.856697,v4,0,0.9488332395177553,0.05116676048224459
2026-02-15T01:41:50.879694,v4,0,0.9594680731727483,0.04053192682725178
2026-02-15T01:41:50.902041,v4,0,0.9080452031332956,0.09195479686670435
2026-02-15T01:41:50.920034,v4,0,0.9538659925633424,0.046134007436657576
2026-02-15T01:41:50.941035,v4,0,0.9845108249546131,0.015489175045386938
2026-02-15T01:41:50.964036,v4,0,0.7777624652737584,0.22223753472624178
2026-02-15T01:41:50.983059,v4,0,0.9496184348142636,0.05038156518573658
2026-02-15T01:41:51.003563,v4,0,0.9524083832404275,0.04759161675957222
2026-02-15T01:41:51.022569,v4,0,0.944125691893115,0.055874308106884964
2026-02-15T01:41:51.042569,v4,0,0.7728414126421793,0.22715858735782074
2026-02-15T01:41:51.063569,v4,0,0.9546184348142636,0.04538156518573659
2026-02-15T01:41:51.084565,v4,0,0.7265965512598815,0.2734034487401184
2026-02-15T01:41:51.105785,v4,0,0.9440882752365586,0.0559117247634414
2026-02-15T01:41:51.125793,v4,0,0.9735587162910465,0.02644128370895331
2026-02-15T01:41:51.146777,v4,0,0.8275150695125026,0.17248493048749736
2026-02-15T01:41:51.174785,v4,0,0.9422310484319645,0.05776895156803543
2026-02-15T01:41:51.198332,v4,0,0.9437797437780886,0.05622025622191143
2026-02-15T01:41:51.218341,v4,0,0.9136050918379799,0.08639490816202018
2026-02-15T01:41:51.240341,v4,0,0.9539669511756799,0.04603304882432023
2026-02-15T01:41:51.263336,v4,0,0.9435315478939391,0.05646845210606075
2026-02-15T01:41:51.286345,v4,0,0.9281372498476417,0.07186275015235834
2026-02-15T01:41:51.311924,v4,0,0.917963403368917,0.08203659663108287
2026-02-15T01:41:51.337917,v4,0,0.8813098806765858,0.11869011932341417
2026-02-15T01:41:51.361991,v4,1,0.0625,0.9375
2026-02-15T01:41:51.385952,v4,0,0.924895487535013,0.07510451246498678
2026-02-15T01:41:51.410487,v4,0,0.9003653341117157,0.09963466588828421
2026-02-15T01:41:51.435488,v4,1,0.0575,0.9425
2026-02-15T01:41:51.460727,v4,0,0.9254177912743742,0.07458220872562567
2026-02-15T01:41:51.484734,v4,0,0.9054974447251574,0.09450255527484248
2026-02-15T01:41:51.507264,v4,0,0.9822688729617848,0.017731127038215153
2026-02-15T01:41:51.529264,v4,1,0.05708333333333333,0.9429166666666666
2026-02-15T01:41:51.551264,v4,0,0.9844406298967825,0.015559370103217516
2026-02-15T01:41:51.577257,v4,0,0.924270757750419,0.07572924224958105
2026-02-15T01:41:51.603772,v4,0,0.9367384989179713,0.06326150108202859
2026-02-15T01:41:51.626779,v4,0,0.9339837236030073,0.06601627639699278
2026-02-15T01:41:51.650786,v4,0,0.9946398619165293,0.0053601380834706145
2026-02-15T01:41:51.672771,v4,0,0.973752969579847,0.026247030420153097
2026-02-15T01:41:51.704329,v4,0,0.9745644435937088,0.025435556406291342
2026-02-15T01:41:51.730328,v4,0,0.9846613428185149,0.015338657181485133
2026-02-15T01:41:51.757351,v4,0,0.9765069018396294,0.023493098160370606
2026-02-15T01:41:51.784447,v4,0,0.984798152321221,0.015201847678778942
2026-02-15T01:41:51.808881,v4,0,0.9745731352184711,0.025426864781528936
2026-02-15T01:41:51.839881,v4,0,0.9745090326543685,0.0254909673456315
2026-02-15T01:41:51.868879,v4,0,0.9826281153555497,0.01737188464445
2026-02-15T01:41:51.894884,v4,0,0.9846700344432775,0.015329965556722724
2026-02-15T01:41:51.918478,v4,0,0.9735760198941414,0.026423980105858544
2026-02-15T01:41:51.945476,v4,0,0.9846700344432775,0.015329965556722724
2026-02-15T01:41:51.970479,v4,0,0.984798152321221,0.015201847678778942
2026-02-15T01:41:51.999846,v4,0,0.9734691258342206,0.026530874165779435
2026-02-15T01:41:52.030847,v4,0,0.9845429660695854,0.015457033930414492
2026-02-15T01:41:52.057860,v4,0,0.9846700344432775,0.015329965556722724
2026-02-15T01:41:52.080847,v4,0,0.8115660154081172,0.18843398459188263
2026-02-15T01:41:52.104388,v4,0,0.9691991270733523,0.03080087292664768
2026-02-15T01:41:52.127389,v4,0,0.9781889450909393,0.02181105490906059
2026-02-15T01:41:52.153381,v4,0,0.9653011698912496,0.03469883010875023
2026-02-15T01:41:52.177385,v4,0,0.9832765959566042,0.016723404043395763
2026-02-15T01:41:52.198935,v4,0,0.9737518131095849,0.026248186890415096
2026-02-15T01:41:52.219926,v4,0,0.9846601863482529,0.015339813651747134
2026-02-15T01:41:52.237765,v4,0,0.9730321687268711,0.02696783127312874
2026-02-15T01:41:52.257759,v4,0,0.9767668333446753,0.02323316665532472
2026-02-15T01:41:52.278825,v4,0,0.9737932790395538,0.02620672096044634
2026-02-15T01:41:52.296729,v4,0,0.9193559688005521,0.0806440311994479
2026-02-15T01:41:52.314244,v4,0,0.9896262350508473,0.010373764949152623
2026-02-15T01:41:52.335237,v4,0,0.9577003695000825,0.04229963049991735
2026-02-15T01:41:52.358239,v4,0,0.9683658697387785,0.031634130261221596
2026-02-15T01:41:52.379236,v4,0,0.9645039363482529,0.03549606365174714
2026-02-15T01:41:52.398315,v4,0,0.94410030154932,0.0558996984506802
2026-02-15T01:41:52.416579,v4,0,0.973136485327257,0.026863514672742773
2026-02-15T01:41:52.435566,v4,0,0.9437866276936399,0.056213372306360185
2026-02-15T01:41:52.456566,v4,0,0.8102832720372553,0.18971672796274475
2026-02-15T01:41:52.481566,v4,0,0.9732793749717484,0.02672062502825155
2026-02-15T01:41:52.516205,v4,0,0.9783938080010037,0.021606191998996157
2026-02-15T01:41:52.542204,v4,0,0.9596374487128558,0.04036255128714426
2026-02-15T01:41:52.563210,v4,0,0.939809639447742,0.060190360552257925
2026-02-15T01:41:52.583213,v4,0,0.9712063743933433,0.028793625606656468
2026-02-15T01:41:52.601756,v4,0,0.9495733461487532,0.050426653851246825
2026-02-15T01:41:52.621748,v4,0,0.9745217039952376,0.025478296004762348
2026-02-15T01:41:52.642747,v4,0,0.919891220292186,0.080108779707814
2026-02-15T01:41:52.661754,v4,0,0.9712379681372364,0.028762031862763503
2026-02-15T01:41:52.680753,v4,0,0.9492646682922518,0.050735331707748486
2026-02-15T01:41:52.700294,v4,0,0.9487745222639162,0.05122547773608379
2026-02-15T01:41:52.721286,v4,0,0.9595027287537612,0.040497271246238975
2026-02-15T01:41:52.740348,v4,0,0.9844000033011922,0.015599996698807926
2026-02-15T01:41:52.759293,v4,0,0.9494039706086457,0.05059602939135435
2026-02-15T01:41:52.777300,v4,0,0.9694520244787849,0.030547975521215166
2026-02-15T01:41:52.796299,v4,0,0.9398032646348811,0.060196735365119
2026-02-15T01:41:52.816812,v4,0,0.9533045438955593,0.04669545610444078
2026-02-15T01:41:52.836810,v4,0,0.9844121098387224,0.01558789016127766
2026-02-15T01:41:52.856810,v4,0,0.9547310247418967,0.045268975258103375
2026-02-15T01:41:52.876816,v4,0,0.9533867307303494,0.046613269269650745
2026-02-15T01:41:52.895829,v4,0,0.8426030599287774,0.15739694007122287
2026-02-15T01:41:52.914339,v4,0,0.9445543322501609,0.05544566774983916
2026-02-15T01:41:52.933332,v4,0,0.9694583997813102,0.030541600218689763
2026-02-15T01:41:52.953340,v4,0,0.7216078891283623,0.2783921108716377
2026-02-15T01:41:52.972339,v4,0,0.9735174824624712,0.026482517537528664
2026-02-15T01:41:52.991875,v4,0,0.9694602879988328,0.030539712001167105
2026-02-15T01:41:53.011380,v4,0,0.9539407455669974,0.04605925443300267
2026-02-15T01:41:53.034379,v4,0,0.9546095313995784,0.04539046860042158
2026-02-15T01:41:53.057379,v4,0,0.9281784540277147,0.07182154597228527
2026-02-15T01:41:53.081388,v4,0,0.8944192113395484,0.10558078866045147
2026-02-15T01:41:53.104904,v4,0,0.8842416134077774,0.11575838659222239
2026-02-15T01:41:53.135903,v4,0,0.8609656951671374,0.13903430483286244
2026-02-15T01:41:53.160910,v4,0,0.8963223121147422,0.10367768788525768
2026-02-15T01:41:53.184917,v4,0,0.8913223121147422,0.10867768788525767
2026-02-15T01:41:53.213429,v4,0,0.8898166472369842,0.11018335276301557
2026-02-15T01:41:53.236422,v4,0,0.829539216579166,0.17046078342083404
2026-02-15T01:41:53.261425,v4,0,0.8433299166832843,0.1566700833167158
2026-02-15T01:41:53.284446,v4,0,0.9048778057670444,0.09512219423295541
2026-02-15T01:41:53.306949,v4,0,0.8468345976061619,0.15316540239383808
2026-02-15T01:41:53.326963,v4,0,0.9098778057670444,0.09012219423295541
2026-02-15T01:41:53.347961,v4,0,0.8665851204245085,0.13341487957549153
2026-02-15T01:41:53.370952,v4,0,0.8809438775103692,0.11905612248963061
2026-02-15T01:41:53.393975,v4,0,0.9179694085935435,0.08203059140645635
2026-02-15T01:41:53.423492,v4,0,0.9013747509813341,0.09862524901866596
2026-02-15T01:41:53.452493,v4,0,0.7215153291711499,0.2784846708288502
2026-02-15T01:41:53.478553,v4,0,0.7866591600561089,0.21334083994389097
2026-02-15T01:41:53.497512,v4,1,0.16,0.84
2026-02-15T01:41:53.519041,v4,0,0.9844958367790839,0.015504163220916032
2026-02-15T01:41:53.539041,v4,0,0.9669591449331538,0.033040855066845974
2026-02-15T01:41:53.560033,v4,0,0.9729437430346287,0.02705625696537114
2026-02-15T01:41:53.579035,v4,0,0.8964040816002927,0.10359591839970733
2026-02-15T01:41:53.598063,v4,0,0.9746104097012954,0.025389590298704478
2026-02-15T01:41:53.616256,v4,0,0.9845225660431152,0.01547743395688474
2026-02-15T01:41:53.635261,v4,0,0.9671307316165063,0.03286926838349382
2026-02-15T01:41:53.655249,v4,0,0.9729338774168121,0.027066122583187854
2026-02-15T01:41:53.675248,v4,0,0.9477805153665932,0.0522194846334066
2026-02-15T01:41:53.694251,v4,0,0.9882758213694207,0.011724178630579087
2026-02-15T01:41:53.712827,v4,0,0.9775695867673418,0.022430413232658136
2026-02-15T01:41:53.729758,v4,0,0.972770101578174,0.027229898421826007
2026-02-15T01:41:53.748757,v4,0,0.9359101350973059,0.06408986490269393
2026-02-15T01:41:53.768758,v4,0,0.9882579589309144,0.011742041069085425
2026-02-15T01:41:53.787784,v4,0,0.8216221814642833,0.17837781853571655
2026-02-15T01:41:53.807291,v4,0,0.964141352379543,0.03585864762045682
2026-02-15T01:41:53.827290,v4,0,0.9591553973233633,0.040844602676636595
2026-02-15T01:41:53.847290,v4,0,0.9746059318791747,0.025394068120825296
2026-02-15T01:41:53.871287,v4,0,0.9832916107190018,0.016708389280998128
2026-02-15T01:41:53.893306,v4,0,0.994607068633688,0.0053929313663119306
2026-02-15T01:41:53.912613,v4,0,0.9633737380587454,0.036626261941254484
2026-02-15T01:41:53.932609,v4,0,0.9161261751751304,0.08387382482486952
2026-02-15T01:41:53.950600,v4,0,0.9746059318791747,0.025394068120825296
2026-02-15T01:41:53.969611,v4,0,0.9737616612046094,0.026238338795390684
2026-02-15T01:41:53.988463,v4,0,0.9746059318791747,0.025394068120825296
2026-02-15T01:41:54.017489,v4,0,0.9848267236302911,0.015173276369708862
2026-02-15T01:41:54.036482,v4,0,0.9723939758053937,0.027606024194606296
2026-02-15T01:41:54.053482,v4,0,0.9303112203733476,0.06968877962665233
2026-02-15T01:41:54.072481,v4,0,0.9693157746900583,0.03068422530994165
2026-02-15T01:41:54.091482,v4,0,0.9833111292701051,0.016688870729894827
2026-02-15T01:41:54.110987,v4,0,0.9805902377093568,0.019409762290643017
2026-02-15T01:41:54.129988,v4,0,0.9736591788123016,0.026340821187698437
2026-02-15T01:41:54.152989,v4,0,0.9896262350508473,0.010373764949152623
2026-02-15T01:41:54.176991,v4,0,0.9814960456523468,0.01850395434765312
2026-02-15T01:41:54.208503,v4,1,0.06208333333333333,0.9379166666666666
2026-02-15T01:41:54.237504,v4,0,0.9644398337841502,0.035560166215849696
2026-02-15T01:41:54.263503,v4,0,0.9245496206546036,0.07545037934539638
2026-02-15T01:41:54.283503,v4,0,0.9494398337841503,0.05056016621584969
2026-02-15T01:41:54.302009,v4,0,0.949342934559344,0.05065706544065589
2026-02-15T01:41:54.320009,v4,0,0.7877129922507532,0.21228700774924694
2026-02-15T01:41:54.339009,v4,0,0.959634719455214,0.040365280544786185
2026-02-15T01:41:54.362009,v4,0,0.9484966528457395,0.051503347154260644
2026-02-15T01:41:54.384008,v4,0,0.9732672684342181,0.02673273156578182
2026-02-15T01:41:54.405517,v4,0,0.9528069834462477,0.04719301655375253
2026-02-15T01:41:54.425584,v4,0,0.9745217039952376,0.025478296004762348
2026-02-15T01:41:54.445523,v4,0,0.9397534733915761,0.06024652660842399
2026-02-15T01:41:54.465523,v4,0,0.8908570955799914,0.10914290442000879
2026-02-15T01:41:54.488522,v4,0,0.939755128472675,0.06024487152732501
2026-02-15T01:41:54.509544,v4,0,0.9534009010405613,0.04659909895943864
2026-02-15T01:41:54.529553,v4,0,0.9195226111580083,0.08047738884199179
2026-02-15T01:41:54.549545,v4,0,0.959474157444691,0.04052584255530906
2026-02-15T01:41:54.572559,v4,0,0.9525216349180817,0.047478365081918286
2026-02-15T01:41:54.594564,v4,0,0.9666882298162295,0.0333117701837703
2026-02-15T01:41:54.617086,v4,0,0.9576281405737721,0.04237185942622778
2026-02-15T01:41:54.640082,v4,0,0.9795559101814473,0.020444089818552776
2026-02-15T01:41:54.664086,v4,0,0.9716845585751102,0.02831544142488971
2026-02-15T01:41:54.688088,v4,0,0.9297961313215304,0.07020386867846952
2026-02-15T01:41:54.713605,v4,0,0.9594812426196314,0.040518757380368545
2026-02-15T01:41:54.736605,v4,0,0.9594812426196314,0.040518757380368545
2026-02-15T01:41:54.760607,v4,0,0.9492238063165531,0.05077619368344689
2026-02-15T01:41:54.784605,v4,0,0.9845436887860909,0.015456311213909238
2026-02-15T01:41:54.809132,v4,0,0.9445543322501609,0.05544566774983916
2026-02-15T01:41:54.833131,v4,0,0.9475924718976456,0.05240752810235429
2026-02-15T01:41:54.857128,v4,0,0.9442806441689506,0.05571935583104952
2026-02-15T01:41:54.882141,v4,0,0.9532517365333305,0.046748263466669465
2026-02-15T01:41:54.907642,v4,0,0.9545391088643672,0.045460891135632835
2026-02-15T01:41:54.936644,v4,0,0.9438062204676834,0.056193779532316496
2026-02-15T01:41:54.963722,v4,0,0.9420358999759013,0.05796410002409855
2026-02-15T01:41:54.990669,v4,0,0.9435957711744777,0.05640422882552229
2026-02-15T01:41:55.013706,v4,0,0.9434105859892925,0.056589414010707474
2026-02-15T01:41:55.034700,v4,0,0.8884197022867426,0.11158029771325761
2026-02-15T01:41:55.057700,v4,0,0.8759005381522107,0.12409946184778925
2026-02-15T01:41:55.080699,v4,0,0.8887642500483124,0.1112357499516874
2026-02-15T01:41:55.104321,v4,0,0.9092630671597923,0.09073693284020752
2026-02-15T01:41:55.133321,v4,0,0.868403215566093,0.13159678443390688
2026-02-15T01:41:55.162316,v4,0,0.9215493795465954,0.07845062045340442
2026-02-15T01:41:55.190321,v4,1,0.0575,0.9425
2026-02-15T01:41:55.223835,v4,0,0.9002565853757232,0.09974341462427683
2026-02-15T01:41:55.257831,v4,0,0.9005999012842208,0.09940009871577914
2026-02-15T01:41:55.289835,v4,0,0.9304818938384769,0.06951810616152311
2026-02-15T01:41:55.315349,v4,0,0.8411359883058576,0.15886401169414227
2026-02-15T01:41:55.337359,v4,0,0.8805930649781307,0.1194069350218692
2026-02-15T01:41:55.357349,v4,0,0.8809699191770359,0.11903008082296396
2026-02-15T01:41:55.380348,v4,0,0.917970910095045,0.08202908990495483
2026-02-15T01:41:55.403871,v4,0,0.926374750981334,0.07362524901866596
2026-02-15T01:41:55.423863,v4,0,0.7917578984040493,0.20824210159595083
2026-02-15T01:41:55.445864,v4,0,0.7679479311334516,0.2320520688665484
2026-02-15T01:41:55.466869,v4,0,0.8065373852094122,0.1934626147905877
2026-02-15T01:41:55.487874,v4,0,0.8065373852094122,0.1934626147905877
2026-02-15T01:41:55.506396,v4,0,0.7668800538841662,0.23311994611583386
2026-02-15T01:41:55.526396,v4,0,0.9830262524631963,0.0169737475368037
2026-02-15T01:41:55.545396,v4,0,0.9844406298967825,0.015559370103217516
2026-02-15T01:41:55.566397,v4,0,0.9782459900891288,0.021754009910871123
2026-02-15T01:41:55.587411,v4,0,0.984674512265398,0.015325487734601904
2026-02-15T01:41:55.608926,v4,0,0.969146705698601,0.030853294301398996
2026-02-15T01:41:55.629931,v4,0,0.9745644435937088,0.025435556406291342
2026-02-15T01:41:55.650007,v4,0,0.9745003410296061,0.025499658970393906
2026-02-15T01:41:55.668923,v4,0,0.9788709900891288,0.021129009910871122
2026-02-15T01:41:55.689934,v4,0,0.9734604342094582,0.02653956579054184
2026-02-15T01:41:55.709528,v4,0,0.9845483193886432,0.015451680611356678
2026-02-15T01:41:55.729522,v4,0,0.9745972402544123,0.025402759745587703
2026-02-15T01:41:55.753528,v4,0,0.9946316158107114,0.005368384189288663
2026-02-15T01:41:55.772521,v4,0,0.9832765959566042,0.016723404043395763
2026-02-15T01:41:55.791541,v4,0,0.9745918869353545,0.02540811306464552
2026-02-15T01:41:55.811067,v4,0,0.9740473479575606,0.025952652042439385
2026-02-15T01:41:55.830061,v4,0,0.9113404774187213,0.08865952258127877
2026-02-15T01:41:55.854061,v4,0,0.9795719805817691,0.020428019418230782
2026-02-15T01:41:55.874060,v4,0,0.9747680380257201,0.025231961974279855
2026-02-15T01:41:55.894082,v4,0,0.9591553973233633,0.040844602676636595
2026-02-15T01:41:55.914337,v4,0,0.9745731352184711,0.025426864781528936
2026-02-15T01:41:55.937345,v4,0,0.977712227862368,0.02228777213763197
2026-02-15T01:41:55.971337,v4,0,0.8153629050264354,0.18463709497356443
2026-02-15T01:41:56.002133,v4,0,0.9586345032245829,0.0413654967754169
2026-02-15T01:41:56.028219,v4,0,0.9734691258342206,0.026530874165779435
2026-02-15T01:41:56.048138,v4,0,0.9736329016728589,0.02636709832714128
2026-02-15T01:41:56.071132,v4,0,0.9745090326543685,0.0254909673456315
2026-02-15T01:41:56.091142,v4,0,0.9746059318791747,0.025394068120825296
2026-02-15T01:41:56.111649,v4,0,0.9845265390271924,0.015473460972807324
2026-02-15T01:41:56.130654,v4,0,0.9847883042261968,0.01521169577380335
2026-02-15T01:41:56.149656,v4,0,0.9846601863482529,0.015339813651747134
2026-02-15T01:41:56.169648,v4,0,0.9833356894729186,0.016664310527081203
2026-02-15T01:41:56.191657,v4,0,0.9784150590805862,0.021584940919413778
2026-02-15T01:41:56.213182,v4,0,0.931187462061938,0.06881253793806189
2026-02-15T01:41:56.233179,v4,0,0.9846601863482529,0.015339813651747134
2026-02-15T01:41:56.252243,v4,0,0.9737518131095849,0.026248186890415096
2026-02-15T01:41:56.271182,v4,0,0.9844243445721719,0.01557565542782792
2026-02-15T01:41:56.291195,v4,0,0.9812196250945544,0.018780374905445346
2026-02-15T01:41:56.309705,v4,0,0.8052996616415633,0.19470033835843664
2026-02-15T01:41:56.328700,v4,0,0.9050806763852505,0.09491932361474947
2026-02-15T01:41:56.346719,v4,0,0.9744681667605087,0.025531833239491396
2026-02-15T01:41:56.366697,v4,0,0.973136485327257,0.026863514672742773
2026-02-15T01:41:56.386725,v4,0,0.9497615361595299,0.05023846384047045
2026-02-15T01:41:56.413246,v4,0,0.9477935369124395,0.05220646308756039
2026-02-15T01:41:56.435245,v4,0,0.9494737176663051,0.05052628233369494
2026-02-15T01:41:56.456249,v4,0,0.9494764469239471,0.050523553076053024
2026-02-15T01:41:56.482253,v4,0,0.9494764469239471,0.050523553076053024
2026-02-15T01:41:56.502712,v4,0,0.9494764469239471,0.050523553076053024
2026-02-15T01:41:56.523706,v4,0,0.957218575962538,0.042781424037462094
2026-02-15T01:41:56.542709,v4,0,0.9493465230576777,0.050653476942322466
2026-02-15T01:41:56.572712,v4,0,0.9496989767692454,0.05030102323075476
2026-02-15T01:41:56.592711,v4,0,0.9794658322437975,0.02053416775620265
2026-02-15T01:41:56.612259,v4,0,0.9482320919728754,0.05176790802712465
2026-02-15T01:41:56.632255,v4,0,0.9843099253635422,0.015690074636457805
2026-02-15T01:41:56.651255,v4,0,0.9493711739479421,0.050628826052057985
2026-02-15T01:41:56.671260,v4,0,0.9479924312232427,0.0520075687767575
2026-02-15T01:41:56.691264,v4,0,0.9594680731727483,0.04053192682725178
2026-02-15T01:41:56.714375,v4,0,0.9733004857252454,0.02669951427475451
2026-02-15T01:41:56.736376,v4,1,0.12,0.88
2026-02-15T01:41:56.758374,v4,0,0.9145410521006341,0.085458947899366
2026-02-15T01:41:56.777380,v4,0,0.9744121098387225,0.025587890161277656
2026-02-15T01:41:56.796391,v4,0,0.9071237857545867,0.09287621424541356
2026-02-15T01:41:56.814927,v4,0,0.9213220427770384,0.07867795722296139
2026-02-15T01:41:56.835920,v4,0,0.9731075923613729,0.02689240763862718
2026-02-15T01:41:56.856919,v4,0,0.7228414126421794,0.2771585873578207
2026-02-15T01:41:56.877919,v4,0,0.9476038097661263,0.05239619023387356
2026-02-15T01:41:56.897924,v4,0,0.9445562204676835,0.0554437795323165
2026-02-15T01:41:56.921434,v4,0,0.9524100806408825,0.04758991935911713
2026-02-15T01:41:56.944433,v4,0,0.9795243905629354,0.020475609437064543
2026-02-15T01:41:56.965433,v4,0,0.9436015052577109,0.05639849474228918
2026-02-15T01:41:56.986096,v4,0,0.9547673641903701,0.04523263580963002
2026-02-15T01:41:57.005131,v4,0,0.6758094732585178,0.3241905267414822
2026-02-15T01:41:57.025125,v4,0,0.8974923632129985,0.10250763678700159
2026-02-15T01:41:57.044125,v4,0,0.768116269991786,0.231883730008214
2026-02-15T01:41:57.064127,v4,0,0.8712612789169402,0.1287387210830598
2026-02-15T01:41:57.084132,v4,0,0.8998374296288919,0.10016257037110796
2026-02-15T01:41:57.103682,v4,0,0.9114852769824929,0.088514723017507
2026-02-15T01:41:57.122679,v4,0,0.9140636863084614,0.08593631369153862
2026-02-15T01:41:57.142679,v4,0,0.889060913176128,0.11093908682387166
2026-02-15T01:41:57.161684,v4,0,0.9170780529521878,0.08292194704781199
2026-02-15T01:41:57.180679,v4,0,0.9048778057670444,0.09512219423295541
2026-02-15T01:41:57.203211,v4,0,0.9054974447251574,0.0945025552748425
2026-02-15T01:41:57.227218,v4,0,0.926374750981334,0.07362524901866598
2026-02-15T01:41:57.246210,v4,0,0.8859804611368278,0.11401953886317222
2026-02-15T01:41:57.265211,v4,0,0.8660846431092725,0.13391535689072753
2026-02-15T01:41:57.285215,v4,0,0.7664566865024475,0.23354331349755242
2026-02-15T01:41:57.302764,v4,0,0.7566692259871701,0.24333077401283001
2026-02-15T01:41:57.321761,v4,1,0.06152173913043479,0.9384782608695653
2026-02-15T01:41:57.340763,v4,0,0.7748800538841663,0.22511994611583383
2026-02-15T01:41:57.359757,v4,0,0.774807499034686,0.22519250096531385
2026-02-15T01:41:57.380757,v4,0,0.9844705700165428,0.015529429983457037
2026-02-15T01:41:57.398761,v4,0,0.9661336224445346,0.03386637755546531
2026-02-15T01:41:57.419387,v4,0,0.9729109463739252,0.02708905362607478
2026-02-15T01:41:57.441296,v4,0,0.9782459900891288,0.021754009910871123
2026-02-15T01:41:57.464299,v4,0,0.9737661390267301,0.026233860973269865
2026-02-15T01:41:57.485294,v4,0,0.9745972402544123,0.025402759745587703
2026-02-15T01:41:57.505809,v4,0,0.9848320769493489,0.015167923050651044
2026-02-15T01:41:57.524809,v4,0,0.9781802534661769,0.021819746533822997
2026-02-15T01:41:57.544812,v4,0,0.9725003410296061,0.027499658970393904
2026-02-15T01:41:57.563809,v4,0,0.9735600749768686,0.026439925023131184
2026-02-15T01:41:57.582811,v4,0,0.9745644435937088,0.025435556406291342
2026-02-15T01:41:57.601331,v4,0,0.9687071270071064,0.03129287299289363
2026-02-15T01:41:57.621346,v4,0,0.9741425941221515,0.02585740587784824
2026-02-15T01:41:57.640339,v4,0,0.9774364288326675,0.02256357116733252
2026-02-15T01:41:57.657345,v4,0,0.9745918869353545,0.02540811306464552
2026-02-15T01:41:57.675599,v4,0,0.9747637272901217,0.025236272709878334
2026-02-15T01:41:57.694603,v4,0,0.9260297932122781,0.07397020678772187
2026-02-15T01:41:57.715115,v4,0,0.9743042130893229,0.025695786910677025
2026-02-15T01:41:57.736113,v4,0,0.9746059318791747,0.025394068120825296
2026-02-15T01:41:57.765116,v4,0,0.974467988927961,0.02553201107203887
2026-02-15T01:41:57.791121,v4,0,0.9796360831458718,0.020363916854128215
2026-02-15T01:41:57.818490,v4,0,0.9641553973233633,0.03584460267663659
2026-02-15T01:41:57.837490,v4,0,0.9846700344432775,0.015329965556722724
2026-02-15T01:41:57.858493,v4,0,0.9782546817138912,0.021745318286108716
2026-02-15T01:41:57.880498,v4,0,0.9848267236302911,0.015173276369708862
2026-02-15T01:41:57.899507,v4,0,0.9728717913601761,0.02712820863982368
2026-02-15T01:41:57.918015,v4,0,0.9766675815489222,0.023332418451077804
2026-02-15T01:41:57.949023,v4,0,0.9727787932029364,0.0272212067970636
2026-02-15T01:41:57.975017,v4,0,0.9746059318791747,0.025394068120825296
2026-02-15T01:41:57.994617,v4,0,0.9775558010065099,0.022444198993490053
2026-02-15T01:41:58.013614,v4,0,0.9745960837841503,0.0254039162158497
2026-02-15T01:41:58.034614,v4,0,0.9831088023654204,0.016891197634579545
2026-02-15T01:41:58.055614,v4,0,0.9816565691409687,0.018343430859031225
2026-02-15T01:41:58.075614,v4,0,0.9390379585914691,0.060962041408530926
2026-02-15T01:41:58.095634,v4,0,0.9845265390271924,0.015473460972807324
2026-02-15T01:41:58.115146,v4,0,0.974499184559344,0.025500815440655904
2026-02-15T01:41:58.134144,v4,0,0.9943913185849812,0.005608681415018753
2026-02-15T01:41:58.153152,v4,0,0.9746523794294488,0.02534762057055132
2026-02-15T01:41:58.171144,v4,0,0.973136485327257,0.026863514672742773
2026-02-15T01:41:58.190149,v4,0,0.9743881916306347,0.025611808369365222
2026-02-15T01:41:58.211692,v4,0,0.9844198539189998,0.015580146081000114
2026-02-15T01:41:58.233691,v4,0,0.9794116078131817,0.020588392186818162
2026-02-15T01:41:58.254684,v4,0,0.959634719455214,0.040365280544786185
2026-02-15T01:41:58.274684,v4,0,0.9533137989089217,0.04668620109107846
2026-02-15T01:41:58.293697,v4,0,0.9495733461487532,0.050426653851246825
2026-02-15T01:41:58.313207,v4,0,0.9494764469239471,0.050523553076053024
2026-02-15T01:41:58.333203,v4,0,0.9429512142154785,0.057048785784521765
2026-02-15T01:41:58.359203,v4,0,0.9476927001512216,0.052307299848778334
2026-02-15T01:41:58.379203,v4,0,0.9483207037120748,0.051679296287925336
2026-02-15T01:41:58.399219,v4,0,0.9495075248465865,0.050492475153413714
2026-02-15T01:41:58.418738,v4,0,0.9493764785534586,0.05062352144654148
2026-02-15T01:41:58.439734,v4,0,0.9583234938538975,0.04167650614610266
2026-02-15T01:41:58.461731,v4,0,0.8919574290182433,0.10804257098175685
2026-02-15T01:41:58.494738,v4,0,0.9631848265071763,0.036815173492823636
2026-02-15T01:41:58.519252,v4,0,0.9471892854229367,0.052810714577063454
2026-02-15T01:41:58.543251,v4,0,0.957235219822774,0.04276478017722577
2026-02-15T01:41:58.567251,v4,0,0.9348508564555063,0.06514914354449367
2026-02-15T01:41:58.595269,v4,0,0.9494171400555288,0.05058285994447112
2026-02-15T01:41:58.620804,v4,0,0.9370703584207094,0.06292964157929054
2026-02-15T01:41:58.647810,v4,0,0.9533663231989888,0.046633676801011166
2026-02-15T01:41:58.672804,v4,0,0.9446184348142636,0.055381565185736586
2026-02-15T01:41:58.697806,v4,0,0.9547528514466502,0.04524714855334984
2026-02-15T01:41:58.722312,v4,0,0.761295197355849,0.23870480264415092
2026-02-15T01:41:58.752314,v4,0,0.9682875388784847,0.0317124611215151
2026-02-15T01:41:58.777314,v4,0,0.9445543322501609,0.05544566774983916
2026-02-15T01:41:58.800331,v4,0,0.9646013232109472,0.03539867678905294
2026-02-15T01:41:58.824842,v4,0,0.939801669900891,0.060198330099108875
2026-02-15T01:41:58.850856,v4,0,0.9694602879988328,0.030539712001167105
2026-02-15T01:41:58.872842,v4,0,0.9433518687354533,0.05664813126454669
2026-02-15T01:41:58.892862,v4,0,0.9434593405143297,0.05654065948567031
2026-02-15T01:41:58.920358,v4,0,0.9196907455669974,0.08030925443300266
2026-02-15T01:41:58.944350,v4,0,0.9139500381542345,0.08604996184576531
2026-02-15T01:41:58.963347,v4,0,0.8940124433315458,0.105987556668454
2026-02-15T01:41:58.983349,v4,0,0.8560382500166176,0.14396174998338246
2026-02-15T01:41:59.008164,v4,0,0.9281401906921063,0.07185980930789362
2026-02-15T01:41:59.031161,v4,0,0.8913864146788447,0.1086135853211551
2026-02-15T01:41:59.052161,v4,0,0.8344666617296859,0.16553333827031402
2026-02-15T01:41:59.074163,v4,0,0.9115493795465954,0.08845062045340443
2026-02-15T01:41:59.097164,v4,0,0.8498075189930482,0.15019248100695168
2026-02-15T01:41:59.117669,v4,0,0.9254177912743742,0.07458220872562567
2026-02-15T01:41:59.140669,v4,0,0.9120525310417698,0.08794746895823013
2026-02-15T01:41:59.161668,v4,0,0.8988709903057116,0.10112900969428824
2026-02-15T01:41:59.184669,v4,1,0.1615212880143113,0.8384787119856888
2026-02-15T01:41:59.211180,v4,0,0.9873534578902884,0.012646542109711506
2026-02-15T01:41:59.239180,v4,0,0.9765135867995102,0.023486413200489668
2026-02-15T01:41:59.266180,v4,0,0.9189247446011237,0.08107525539887622
2026-02-15T01:41:59.295185,v4,0,0.8475468965461672,0.15245310345383267
2026-02-15T01:41:59.324699,v4,0,0.9848455126499247,0.01515448735007523
2026-02-15T01:41:59.359691,v4,0,0.9702924782664872,0.02970752173351264
2026-02-15T01:41:59.391694,v4,0,0.9745003410296061,0.025499658970393906
2026-02-15T01:41:59.426212,v4,0,0.9111354516129784,0.08886454838702168
2026-02-15T01:41:59.462211,v4,0,0.9846613428185149,0.015338657181485133
2026-02-15T01:41:59.489221,v4,0,0.9846613428185149,0.015338657181485133
2026-02-15T01:41:59.517721,v4,0,0.9884365490839728,0.011563450916026993
2026-02-15T01:41:59.546722,v4,0,0.9795632889570068,0.020436711042993192
2026-02-15T01:41:59.575721,v4,0,0.9734682503372837,0.026531749662716427
2026-02-15T01:41:59.613252,v4,0,0.972792009793404,0.027207990206595783
2026-02-15T01:41:59.641260,v4,0,0.9747777722339418,0.02522222776605811
2026-02-15T01:41:59.679247,v4,0,0.9845429660695854,0.015457033930414492
2026-02-15T01:41:59.719765,v4,0,0.9745731352184711,0.025426864781528936
2026-02-15T01:41:59.745769,v4,0,0.9735178803592578,0.026482119640742267
2026-02-15T01:41:59.783764,v4,0,0.9777985381208975,0.022201461879102536
2026-02-15T01:41:59.809280,v4,0,0.9673378097492276,0.032662190250772355
2026-02-15T01:41:59.829286,v4,0,0.9831356796520702,0.016864320347929573
2026-02-15T01:41:59.848291,v4,0,0.9781889450909393,0.02181105490906059
2026-02-15T01:41:59.867280,v4,0,0.9745731352184711,0.025426864781528936
2026-02-15T01:41:59.893281,v4,0,0.9746059318791747,0.025394068120825296
2026-02-15T01:41:59.913786,v4,0,0.9832644894190739,0.016735510580926028
2026-02-15T01:41:59.934786,v4,0,0.9796360831458718,0.020363916854128215
2026-02-15T01:41:59.953787,v4,0,0.9312436281181041,0.06875637188189582
2026-02-15T01:41:59.973795,v4,0,0.9745960837841503,0.0254039162158497
2026-02-15T01:41:59.992792,v4,0,0.9846601863482529,0.015339813651747134
2026-02-15T01:42:00.013867,v4,0,0.9643157746900584,0.03568422530994165
2026-02-15T01:42:00.044920,v4,0,0.9832328795655486,0.016767120434451048
2026-02-15T01:42:00.071864,v4,0,0.9736104242872645,0.026389575712735605
2026-02-15T01:42:00.095872,v4,0,0.9834973146776178,0.016502685322382044
2026-02-15T01:42:00.119377,v4,0,0.9806692515458749,0.0193307484541249
2026-02-15T01:42:00.144378,v4,0,0.9744070371234467,0.02559296287655334
2026-02-15T01:42:00.168384,v4,0,0.9633302846606244,0.03666971533937553
2026-02-15T01:42:00.192388,v4,0,0.973136485327257,0.026863514672742773
2026-02-15T01:42:00.216917,v4,0,0.9612992184998376,0.03870078150016224
2026-02-15T01:42:00.246919,v4,0,0.9731882444140162,0.02681175558598384
2026-02-15T01:42:00.270918,v4,0,0.9484610677675854,0.05153893223241458
2026-02-15T01:42:00.295920,v4,0,0.958260597630153,0.04173940236984696
2026-02-15T01:42:00.324425,v4,0,0.9477935369124395,0.05220646308756039
2026-02-15T01:42:00.348425,v4,0,0.9284740594371814,0.0715259405628186
2026-02-15T01:42:00.371425,v4,0,0.9235236783131416,0.07647632168685849
2026-02-15T01:42:00.397429,v4,0,0.9496374487128558,0.05036255128714426
2026-02-15T01:42:00.424936,v4,0,0.9537954468350628,0.04620455316493706
2026-02-15T01:42:00.449946,v4,0,0.9486415468467626,0.05135845315323759
2026-02-15T01:42:00.476946,v4,0,0.9596214000188924,0.04037859998110765
2026-02-15T01:42:00.500958,v4,0,0.9743889389640457,0.02561106103595444
2026-02-15T01:42:00.531478,v4,0,0.9593455188230945,0.04065448117690566
2026-02-15T01:42:00.557478,v4,0,0.9492838990614824,0.050716100938517715
2026-02-15T01:42:00.584493,v4,0,0.9494039706086457,0.05059602939135435
2026-02-15T01:42:00.610865,v4,0,0.9489397451734459,0.05106025482655409
2026-02-15T01:42:00.635851,v4,0,0.9493070713838395,0.05069292861616055
2026-02-15T01:42:00.657860,v4,0,0.9493711739479421,0.050628826052057985
2026-02-15T01:42:00.676852,v4,0,0.9508769116350098,0.04912308836499016
2026-02-15T01:42:00.696870,v4,0,0.9494868558668951,0.05051314413310501
2026-02-15T01:42:00.717371,v4,0,0.9845436887860909,0.015456311213909238
2026-02-15T01:42:00.738373,v4,0,0.9531468545548794,0.04685314544512052
2026-02-15T01:42:00.757370,v4,0,0.9545372206468445,0.04546277935315549
2026-02-15T01:42:00.777381,v4,0,0.9546184348142636,0.04538156518573659
2026-02-15T01:42:00.797751,v4,0,0.9545372206468445,0.04546277935315549
2026-02-15T01:42:00.819261,v4,0,0.8809837985171737,0.11901620148282642
2026-02-15T01:42:00.842260,v4,0,0.9684108400489282,0.03158915995107178
2026-02-15T01:42:00.861261,v4,0,0.9434105859892925,0.056589414010707474
2026-02-15T01:42:00.882264,v4,0,0.9496469799070391,0.05035302009296086
2026-02-15T01:42:00.902840,v4,0,0.867254011396082,0.13274598860391787
2026-02-15T01:42:00.922849,v4,0,0.9037890363653258,0.09621096363467407
2026-02-15T01:42:00.942847,v4,0,0.9281784540277147,0.07182154597228527
2026-02-15T01:42:00.961849,v4,0,0.9086820595872928,0.09131794041270698
2026-02-15T01:42:00.981918,v4,0,0.9287160462132621,0.07128395378673777
2026-02-15T01:42:01.000861,v4,0,0.8465906951671376,0.15340930483286244
2026-02-15T01:42:01.022119,v4,0,0.8788013199782108,0.12119868002178918
2026-02-15T01:42:01.043130,v4,0,0.8961668110727223,0.10383318892727765
2026-02-15T01:42:01.064119,v4,0,0.9086580391783763,0.09134196082162362
2026-02-15T01:42:01.084119,v4,0,0.8559656951671376,0.14403430483286245
2026-02-15T01:42:01.104638,v4,0,0.9104177912743744,0.08958220872562567
2026-02-15T01:42:01.125636,v4,0,0.9073989144542268,0.09260108554577302
2026-02-15T01:42:01.147636,v4,0,0.9204818938384769,0.0795181061615231
2026-02-15T01:42:01.173634,v4,0,0.926374750981334,0.07362524901866598
2026-02-15T01:42:01.196645,v4,1,0.0525,0.9475
2026-02-15T01:42:01.220824,v4,0,0.9129709100950449,0.08702908990495484
2026-02-15T01:42:01.262813,v4,0,0.8313462550197446,0.16865374498025554
2026-02-15T01:42:01.301825,v4,1,0.055,0.945
2026-02-15T01:42:01.333338,v4,0,0.8015373852094122,0.19846261479058772
2026-02-15T01:42:01.357343,v4,0,0.7785553200815144,0.22144467991848554
2026-02-15T01:42:01.378342,v4,0,0.7616692259871701,0.23833077401282998
2026-02-15T01:42:01.397369,v4,1,0.10676744186046512,0.893232558139535
2026-02-15T01:42:01.418877,v4,0,0.9713087952204306,0.028691204779569393
2026-02-15T01:42:01.439874,v4,0,0.9914326543173988,0.008567345682601146
2026-02-15T01:42:01.461875,v4,0,0.9729109463739252,0.02708905362607478
2026-02-15T01:42:01.482868,v4,0,0.9830262524631963,0.0169737475368037
2026-02-15T01:42:01.503391,v4,0,0.9846613428185149,0.015338657181485133
2026-02-15T01:42:01.525397,v4,0,0.981591970321399,0.018408029678600737
2026-02-15T01:42:01.548404,v4,0,0.972770101578174,0.027229898421826007
2026-02-15T01:42:01.574400,v4,0,0.9708060728011955,0.029193927198804426
2026-02-15T01:42:01.604912,v4,0,0.9726258708089432,0.02737412919105678
2026-02-15T01:42:01.630919,v4,0,0.9738709900891288,0.026129009910871123
2026-02-15T01:42:01.655934,v4,0,0.9896273915211095,0.010372608478890624
2026-02-15T01:42:01.681914,v4,0,0.9744949877105483,0.025505012289451724
2026-02-15T01:42:01.704451,v4,0,0.9693249858066284,0.03067501419337158
2026-02-15T01:42:01.726450,v4,0,0.9845429660695854,0.015457033930414492
2026-02-15T01:42:01.747458,v4,0,0.9782546817138912,0.021745318286108716
2026-02-15T01:42:01.766457,v4,0,0.9729425690415746,0.027057430958425447
2026-02-15T01:42:01.787449,v4,0,0.8115660154081172,0.18843398459188263
2026-02-15T01:42:01.805963,v4,0,0.9746059318791747,0.025394068120825296
2026-02-15T01:42:01.825968,v4,0,0.9746059318791747,0.025394068120825296
2026-02-15T01:42:01.848968,v4,0,0.9745090326543685,0.0254909673456315
2026-02-15T01:42:01.870968,v4,0,0.9845429660695854,0.015457033930414492
2026-02-15T01:42:01.890049,v4,0,0.9833850589460351,0.016614941053964726
2026-02-15T01:42:01.909569,v4,0,0.9846700344432775,0.015329965556722724
2026-02-15T01:42:01.928567,v4,0,0.9261354516129782,0.07386454838702168
2026-02-15T01:42:01.947565,v4,0,0.9745090326543685,0.0254909673456315
2026-02-15T01:42:01.974565,v4,0,0.9746059318791747,0.025394068120825296
2026-02-15T01:42:01.994573,v4,0,0.8115660154081172,0.18843398459188263
2026-02-15T01:42:02.014117,v4,0,0.9781231705326214,0.021876829467378095
2026-02-15T01:42:02.033817,v4,0,0.9882795234167525,0.011720476583247258
2026-02-15T01:42:02.056328,v4,0,0.9846601863482529,0.015339813651747134
2026-02-15T01:42:02.075327,v4,0,0.9846601863482529,0.015339813651747134
2026-02-15T01:42:02.095328,v4,0,0.9693157746900583,0.03068422530994165
2026-02-15T01:42:02.114834,v4,0,0.9593719407462244,0.04062805925377559
2026-02-15T01:42:02.134833,v4,0,0.9834822588595137,0.016517741140486198
2026-02-15T01:42:02.152834,v4,0,0.9736104242872645,0.026389575712735605
2026-02-15T01:42:02.171834,v4,0,0.9782809643389427,0.021719035661057057
2026-02-15T01:42:02.191839,v4,0,0.9732750360418401,0.026724963958160063
2026-02-15T01:42:02.214348,v4,0,0.9845039363482528,0.015496063651747135
2026-02-15T01:42:02.233345,v4,0,0.9736619344704599,0.026338065529539927
2026-02-15T01:42:02.251347,v4,0,0.9440866961888302,0.055913303811169726
2026-02-15T01:42:02.270349,v4,0,0.9489083000298193,0.05109169997018074
2026-02-15T01:42:02.290347,v4,0,0.969453809455417,0.030546190544582984
2026-02-15T01:42:02.309853,v4,0,0.9844522941947373,0.015547705805262657
2026-02-15T01:42:02.329852,v4,0,0.9173304618845222,0.0826695381154778
2026-02-15T01:42:02.351852,v4,0,0.948726346216546,0.05127365378345414
2026-02-15T01:42:02.374853,v4,1,0.06,0.94
2026-02-15T01:42:02.395855,v4,0,0.9484506275783443,0.05154937242165589
2026-02-15T01:42:02.417370,v4,0,0.9596374487128558,0.04036255128714426
2026-02-15T01:42:02.441370,v4,0,0.9526160641778292,0.047383935822170827
2026-02-15T01:42:02.465370,v4,0,0.9484506275783443,0.05154937242165589
2026-02-15T01:42:02.488385,v4,0,0.9785100992242336,0.021489900775766478
2026-02-15T01:42:02.508463,v4,0,0.9597628047883607,0.04023719521163951
2026-02-15T01:42:02.527458,v4,0,0.9492974649529553,0.05070253504704485
2026-02-15T01:42:02.548454,v4,0,0.9493615675170579,0.05063843248294229
2026-02-15T01:42:02.574453,v4,0,0.9742458227994396,0.02575417720056037
2026-02-15T01:42:02.594454,v4,0,0.9494680731727483,0.050531926827251786
2026-02-15T01:42:02.613959,v4,0,0.8436979336890067,0.15630206631099328
2026-02-15T01:42:02.633960,v4,0,0.9743359007370895,0.025664099262910484
2026-02-15T01:42:02.655967,v4,0,0.9489397451734459,0.05106025482655409
2026-02-15T01:42:02.677028,v4,0,0.9492181930692896,0.05078180693071043
2026-02-15T01:42:02.699964,v4,0,0.9513825248822733,0.04861747511772662
2026-02-15T01:42:02.720561,v4,0,0.9475839231226275,0.05241607687737224
2026-02-15T01:42:02.739567,v4,0,0.9547528514466502,0.04524714855334984
2026-02-15T01:42:02.758561,v4,0,0.9546013232109472,0.04539867678905294
2026-02-15T01:42:02.789577,v4,0,0.9616636340353049,0.03833636596469516
2026-02-15T01:42:02.822270,v4,0,0.9646032114284698,0.03539678857153028
2026-02-15T01:42:02.850299,v4,0,0.9540533354946306,0.045946664505369446
2026-02-15T01:42:02.874267,v4,0,0.9438766430028948,0.05612335699710523
2026-02-15T01:42:02.894281,v4,0,0.9385149431760647,0.06148505682393538
2026-02-15T01:42:02.914812,v4,0,0.9087381453610688,0.09126185463893098
2026-02-15T01:42:02.937816,v4,0,0.9187160462132621,0.08128395378673776
2026-02-15T01:42:02.955810,v4,0,0.8045875471196743,0.19541245288032563
2026-02-15T01:42:02.974811,v4,0,0.8030251334113193,0.19697486658868082
2026-02-15T01:42:02.996824,v4,0,0.9254277756343996,0.07457222436560028
2026-02-15T01:42:03.015353,v4,0,0.9064833139036509,0.09351668609634889
2026-02-15T01:42:03.035880,v4,0,0.9203413658881662,0.07965863411183366
2026-02-15T01:42:03.055892,v4,0,0.7771918000779858,0.2228081999220142
2026-02-15T01:42:03.075903,v4,0,0.7631742789869475,0.23682572101305252
2026-02-15T01:42:03.095893,v4,0,0.8562737001702644,0.1437262998297355
2026-02-15T01:42:03.119170,v4,0,0.9129453881846268,0.08705461181537298
2026-02-15T01:42:03.141165,v4,0,0.8705670171681125,0.12943298283188728
2026-02-15T01:42:03.162245,v4,0,0.8612127039362436,0.13878729606375628
2026-02-15T01:42:03.182165,v4,0,0.8116436091694283,0.18835639083057157
2026-02-15T01:42:03.202193,v4,0,0.7966591600561089,0.20334083994389096
2026-02-15T01:42:03.222415,v4,0,0.9728524570570862,0.027147542942913803
2026-02-15T01:42:03.244414,v4,0,0.9400156661951385,0.0599843338048613
2026-02-15T01:42:03.265013,v4,0,0.9844705700165428,0.015529429983457037
2026-02-15T01:42:03.284939,v4,0,0.9746104097012954,0.025389590298704478
2026-02-15T01:42:03.302948,v4,0,0.9844705700165428,0.015529429983457037
2026-02-15T01:42:03.323473,v4,0,0.9727896466475815,0.027210353352418625
2026-02-15T01:42:03.344458,v4,0,0.9844584634790126,0.015541536520987305
2026-02-15T01:42:03.367458,v4,0,0.9826613428185149,0.017338657181485133
2026-02-15T01:42:03.387530,v4,0,0.9766015146977906,0.023398485302209466
2026-02-15T01:42:03.405096,v4,0,0.9882633122499722,0.01173668775002761
2026-02-15T01:42:03.425106,v4,0,0.9844461249336226,0.015553875066377272
2026-02-15T01:42:03.447104,v4,0,0.9846559894994571,0.015344010500542949
2026-02-15T01:42:03.467103,v4,0,0.9737257507889594,0.026274249211040615
2026-02-15T01:42:03.487111,v4,0,0.9845429660695854,0.015457033930414492
2026-02-15T01:42:03.505653,v4,0,0.982568844994647,0.017431155005353013
2026-02-15T01:42:03.524651,v4,0,0.9745731352184711,0.025426864781528936
2026-02-15T01:42:03.546651,v4,0,0.9746059318791747,0.025394068120825296
2026-02-15T01:42:03.567653,v4,0,0.9845429660695854,0.015457033930414492
2026-02-15T01:42:03.588644,v4,0,0.9746700344432773,0.025329965556722733
2026-02-15T01:42:03.608204,v4,0,0.9734822952811037,0.026517704718896203
2026-02-15T01:42:03.626320,v4,0,0.9831231705326214,0.016876829467378097
2026-02-15T01:42:03.646320,v4,0,0.9726543073516667,0.02734569264833331
2026-02-15T01:42:03.665319,v4,0,0.9833725498265866,0.01662745017341325
2026-02-15T01:42:03.683319,v4,1,0.07,0.93
2026-02-15T01:42:03.703326,v4,0,0.9788796817138912,0.021120318286108716
2026-02-15T01:42:03.723841,v4,0,0.983296073452001,0.01670392654799898
2026-02-15T01:42:03.742843,v4,0,0.9736104242872645,0.026389575712735605
2026-02-15T01:42:03.763839,v4,0,0.9637412449678402,0.036258755032159744
2026-02-15T01:42:03.784838,v4,0,0.9844243445721719,0.01557565542782792
2026-02-15T01:42:03.803854,v4,0,0.9884376688368907,0.011562331163109165
2026-02-15T01:42:03.822250,v4,0,0.9746601863482529,0.025339813651747138
2026-02-15T01:42:03.841250,v4,0,0.976872222516856,0.023127777483144176
2026-02-15T01:42:03.863247,v4,0,0.9733171152137413,0.026682884786258767
2026-02-15T01:42:03.885245,v4,0,0.9695039363482529,0.03049606365174714
2026-02-15T01:42:03.905847,v4,0,0.9586971771303509,0.041302822869648856
2026-02-15T01:42:03.925849,v4,0,0.958129814523192,0.0418701854768079
2026-02-15T01:42:03.948850,v4,0,0.9639930433969597,0.03600695660303988
2026-02-15T01:42:03.968852,v4,0,0.9439174108006009,0.056082589199399235
2026-02-15T01:42:03.988848,v4,0,0.9525841943083659,0.04741580569163397
2026-02-15T01:42:04.008358,v4,0,0.9571285365515316,0.04287146344846829
2026-02-15T01:42:04.028358,v4,0,0.9784623678183456,0.021537632181654366
2026-02-15T01:42:04.049421,v4,0,0.9744917638754772,0.025508236124522826
2026-02-15T01:42:04.069360,v4,0,0.9595572974547898,0.0404427025452102
2026-02-15T01:42:04.091364,v4,0,0.8397857787658218,0.1602142212341783
2026-02-15T01:42:04.114879,v4,0,0.9145787772141744,0.08542122278582574
2026-02-15T01:42:04.133871,v4,0,0.9396881847436498,0.06031181525635022
2026-02-15T01:42:04.152875,v4,0,0.9488688245959094,0.05113117540409065
2026-02-15T01:42:04.171873,v4,0,0.9692791274460832,0.030720872553916548
2026-02-15T01:42:04.191891,v4,0,0.9524552797030137,0.04754472029698625
2026-02-15T01:42:04.213421,v4,0,0.9690442180185913,0.03095578198140835
2026-02-15T01:42:04.234428,v4,0,0.9665215979039669,0.03347840209603293
2026-02-15T01:42:04.254421,v4,0,0.8947094318669541,0.10529056813304603
2026-02-15T01:42:04.274415,v4,0,0.9395054221112918,0.060494577888707886
2026-02-15T01:42:04.293435,v4,0,0.9744795862219883,0.025520413778011796
2026-02-15T01:42:04.313934,v4,0,0.9546184348142636,0.04538156518573659
2026-02-15T01:42:04.333001,v4,0,0.9683087253191627,0.03169127468083714
2026-02-15T01:42:04.351940,v4,0,0.9694583997813102,0.030541600218689763
2026-02-15T01:42:04.372934,v4,0,0.9546184348142636,0.04538156518573659
2026-02-15T01:42:04.394938,v4,0,0.9440882752365586,0.0559117247634414
2026-02-15T01:42:04.415477,v4,0,0.9516079669648583,0.04839203303514167
2026-02-15T01:42:04.439472,v4,0,0.9433401634540811,0.056659836545918746
2026-02-15T01:42:04.482471,v4,0,0.9545391088643672,0.045460891135632835
2026-02-15T01:42:04.512013,v4,0,0.9246266430028948,0.0753733569971052
2026-02-15T01:42:04.534062,v4,0,0.8989500381542345,0.1010499618457653
2026-02-15T01:42:04.554015,v4,0,0.9281633982096105,0.07183660179038942
2026-02-15T01:42:04.574526,v4,0,0.9287160462132621,0.07128395378673777
2026-02-15T01:42:04.595538,v4,0,0.8862537146204198,0.11374628537958023
2026-02-15T01:42:04.618066,v4,0,0.9214243795465955,0.07857562045340444
2026-02-15T01:42:04.639054,v4,0,0.8914192113395484,0.10858078866045147
2026-02-15T01:42:04.659050,v4,0,0.7515573006280803,0.24844269937191973
2026-02-15T01:42:04.678056,v4,0,0.829539216579166,0.17046078342083404
2026-02-15T01:42:04.702069,v4,0,0.8659656951671374,0.13403430483286244
2026-02-15T01:42:04.722405,v4,0,0.6732692764564421,0.326730723543558
2026-02-15T01:42:04.743396,v4,1,0.154375,0.845625
2026-02-15T01:42:04.764392,v4,0,0.9729493562818924,0.0270506437181076
2026-02-15T01:42:04.784408,v4,0,0.982400594611567,0.017599405388432906
2026-02-15T01:42:04.803406,v4,0,0.9729437430346287,0.02705625696537114
2026-02-15T01:42:04.824535,v4,0,0.9774058109287037,0.02259418907129629
2026-02-15T01:42:04.843536,v4,0,0.8116221814642833,0.18837781853571656
2026-02-15T01:42:04.863529,v4,0,0.9774058109287037,0.02259418907129629
2026-02-15T01:42:04.884536,v4,0,0.969146705698601,0.030853294301398996
2026-02-15T01:42:04.907083,v4,0,0.9844584634790126,0.015541536520987305
2026-02-15T01:42:04.928089,v4,0,0.9946316158107114,0.005368384189288663
2026-02-15T01:42:04.948082,v4,0,0.9641467056986008,0.035853294301399
2026-02-15T01:42:04.967089,v4,0,0.9690266596099516,0.03097334039004824
2026-02-15T01:42:04.988086,v4,0,0.9848320769493489,0.015167923050651044
2026-02-15T01:42:05.017609,v4,0,0.9745003410296061,0.025499658970393906
2026-02-15T01:42:05.037606,v4,0,0.9848267236302911,0.015173276369708862
2026-02-15T01:42:05.058613,v4,0,0.9882429031128102,0.011757096887189582
2026-02-15T01:42:05.080607,v4,0,0.9801369006532912,0.019863099346708574
2026-02-15T01:42:05.104610,v4,0,0.8164892720172938,0.18351072798270615
2026-02-15T01:42:05.130682,v4,0,0.9851281153555498,0.01487188464445
2026-02-15T01:42:05.150675,v4,0,0.9642115633795294,0.03578843662047053
2026-02-15T01:42:05.169675,v4,0,0.9592115633795294,0.04078843662047053
2026-02-15T01:42:05.188684,v4,0,0.8195166307681626,0.18048336923183744
2026-02-15T01:42:05.206849,v4,0,0.9745731352184711,0.025426864781528936
2026-02-15T01:42:05.226845,v4,0,0.9846700344432775,0.015329965556722724
2026-02-15T01:42:05.247845,v4,0,0.9794697861267485,0.020530213873251376
2026-02-15T01:42:05.266846,v4,0,0.9846700344432775,0.015329965556722724
2026-02-15T01:42:05.285870,v4,0,0.9845429660695854,0.015457033930414492
2026-02-15T01:42:05.304844,v4,0,0.9727787932029364,0.0272212067970636
2026-02-15T01:42:05.326985,v4,0,0.9786554555719437,0.02134454442805629
2026-02-15T01:42:05.349988,v4,0,0.9845265390271924,0.015473460972807324
2026-02-15T01:42:05.373986,v4,0,0.968851046647444,0.031148953352555905
2026-02-15T01:42:05.403994,v4,0,0.9734150590805862,0.02658494091941378
2026-02-15T01:42:05.432507,v4,0,0.9736104242872645,0.026389575712735605
2026-02-15T01:42:05.455509,v4,0,0.8145927524918739,0.18540724750812618
2026-02-15T01:42:05.475515,v4,0,0.9731029464082697,0.026897053591730506
2026-02-15T01:42:05.494527,v4,0,0.9833111292701051,0.016688870729894827
2026-02-15T01:42:05.523044,v4,0,0.9731029464082697,0.026897053591730506
2026-02-15T01:42:05.543044,v4,0,0.9843272160208785,0.015672783979121318
2026-02-15T01:42:05.564036,v4,0,0.9782630248940427,0.02173697510595711
2026-02-15T01:42:05.583046,v4,0,0.9594237850901868,0.040576214909813085
2026-02-15T01:42:05.606568,v4,0,0.9595039363482529,0.040496063651747134
2026-02-15T01:42:05.628076,v4,1,0.14906250978071334,0.8509374902192869
2026-02-15T01:42:05.648078,v4,0,0.8015965512598815,0.19840344874011845
2026-02-15T01:42:05.669083,v4,0,0.9484478983207023,0.051552101679297815
2026-02-15T01:42:05.689082,v4,0,0.9596186707612504,0.04038132923874956
2026-02-15T01:42:05.708619,v4,0,0.9284767886948234,0.07152321130517668
2026-02-15T01:42:05.726623,v4,0,0.9574319755206111,0.04256802447938877
2026-02-15T01:42:05.749623,v4,0,0.9495733461487532,0.050426653851246825
2026-02-15T01:42:05.770612,v4,0,0.9734776979181015,0.02652230208189847
2026-02-15T01:42:05.789611,v4,0,0.9785924432908708,0.021407556709129222
2026-02-15T01:42:05.808145,v4,0,0.9347443507998159,0.06525564920018416
2026-02-15T01:42:05.827137,v4,0,0.9742458227994396,0.02575417720056037
2026-02-15T01:42:05.848149,v4,0,0.9593615675170579,0.04063843248294228
2026-02-15T01:42:05.867138,v4,0,0.9571287141670836,0.042871285832916266
2026-02-15T01:42:05.889140,v4,0,0.9494039706086457,0.05059602939135435
2026-02-15T01:42:05.910445,v4,0,0.966342038106566,0.033657961893433945
2026-02-15T01:42:05.929439,v4,0,0.9662858720504,0.033714127949600006
2026-02-15T01:42:05.948439,v4,0,0.9595806631003815,0.04041933689961857
2026-02-15T01:42:05.966446,v4,0,0.9178684727492735,0.08213152725072657
2026-02-15T01:42:05.987457,v4,0,0.9744121098387225,0.025587890161277656
2026-02-15T01:42:06.017961,v4,0,0.9596013232109472,0.040398676789052936
2026-02-15T01:42:06.036965,v4,0,0.9547662871472261,0.04523371285277403
2026-02-15T01:42:06.055965,v4,0,0.9443382791717077,0.055661720828292564
2026-02-15T01:42:06.075958,v4,0,0.9445543322501609,0.05544566774983916
2026-02-15T01:42:06.096971,v4,0,0.9445543322501609,0.05544566774983916
2026-02-15T01:42:06.118484,v4,0,0.7264508702716319,0.2735491297283681
2026-02-15T01:42:06.138488,v4,0,0.9501600806408825,0.04983991935911713
2026-02-15T01:42:06.157487,v4,0,0.9446469799070392,0.055353020092960864
2026-02-15T01:42:06.176487,v4,0,0.9436776960166554,0.056322303983344535
2026-02-15T01:42:06.195504,v4,0,0.9438766430028948,0.05612335699710523
2026-02-15T01:42:06.213686,v4,0,0.9249228108684018,0.07507718913159817
2026-02-15T01:42:06.231693,v4,0,0.9437075084134691,0.05629249158653089
2026-02-15T01:42:06.252688,v4,0,0.8887642500483124,0.1112357499516874
2026-02-15T01:42:06.280687,v4,0,0.6951611171503402,0.30483888284965965
2026-02-15T01:42:06.307234,v4,0,0.7725413600405459,0.2274586399594541
2026-02-15T01:42:06.335245,v4,0,0.8861668110727221,0.11383318892727765
2026-02-15T01:42:06.355246,v4,0,0.8712700304764774,0.12872996952352245
2026-02-15T01:42:06.373238,v4,0,0.9265621542016799,0.07343784579832012
2026-02-15T01:42:06.392369,v4,0,0.9154177912743744,0.08458220872562566
2026-02-15T01:42:06.418896,v4,0,0.8147845599403806,0.18521544005961946
2026-02-15T01:42:06.442888,v4,1,0.03,0.97
2026-02-15T01:42:06.462893,v4,0,0.8809079062873476,0.1190920937126522
2026-02-15T01:42:06.483897,v4,0,0.9056737636850954,0.09432623631490447
2026-02-15T01:42:06.506891,v4,0,0.8963502314251298,0.10364976857487009
2026-02-15T01:42:06.529406,v4,0,0.973013458845995,0.026986541154005037
2026-02-15T01:42:06.552406,v4,0,0.9719138310495956,0.02808616895040439
2026-02-15T01:42:06.572401,v4,0,0.9845346725806455,0.015465327419354474
2026-02-15T01:42:06.590406,v4,0,0.9945538664386109,0.005446133561389025
2026-02-15T01:42:06.611463,v4,0,0.9844584634790126,0.015541536520987305
2026-02-15T01:42:06.633437,v4,0,0.9690266596099516,0.03097334039004824
2026-02-15T01:42:06.653429,v4,0,0.962146705698601,0.037853294301399
2026-02-15T01:42:06.673429,v4,0,0.9734736036563415,0.02652639634365861
2026-02-15T01:42:06.692433,v4,0,0.9846613428185149,0.015338657181485133
2026-02-15T01:42:06.710943,v4,0,0.9726258708089432,0.02737412919105678
2026-02-15T01:42:06.734942,v4,0,0.9729698486398337,0.02703015136016627
2026-02-15T01:42:06.754011,v4,0,0.9845483193886432,0.015451680611356678
2026-02-15T01:42:06.775946,v4,0,0.9745918869353545,0.02540811306464552
2026-02-15T01:42:06.794954,v4,0,0.9734550808904003,0.02654491910959966
2026-02-15T01:42:06.813471,v4,0,0.8166221814642833,0.18337781853571655
2026-02-15T01:42:06.832484,v4,0,0.9737616612046094,0.026238338795390684
2026-02-15T01:42:06.852467,v4,0,0.9788796817138912,0.021120318286108716
2026-02-15T01:42:06.872466,v4,0,0.9846700344432775,0.015329965556722724
2026-02-15T01:42:06.892472,v4,0,0.9846700344432775,0.015329965556722724
2026-02-15T01:42:06.914003,v4,0,0.9210792855568122,0.07892071444318774
2026-02-15T01:42:06.939002,v4,0,0.9709037932029364,0.0290962067970636
2026-02-15T01:42:06.960002,v4,0,0.9883129039858595,0.01168709601414037
2026-02-15T01:42:06.980006,v4,0,0.988325413105308,0.011674586894691847
2026-02-15T01:42:07.000025,v4,0,0.9896360831458719,0.010363916854128215
2026-02-15T01:42:07.018529,v4,0,0.9832644894190739,0.016735510580926028
2026-02-15T01:42:07.040539,v4,0,0.9737616612046094,0.026238338795390684
2026-02-15T01:42:07.060544,v4,0,0.9846700344432775,0.015329965556722724
2026-02-15T01:42:07.080534,v4,0,0.975175184401668,0.024824815598331954
2026-02-15T01:42:07.102550,v4,0,0.8195927524918738,0.18040724750812617
2026-02-15T01:42:07.123065,v4,0,0.9745960837841503,0.0254039162158497
2026-02-15T01:42:07.151066,v4,0,0.9734712251367523,0.02652877486324772
2026-02-15T01:42:07.170072,v4,0,0.9745960837841503,0.0254039162158497
2026-02-15T01:42:07.190072,v4,0,0.9835289027107176,0.01647109728928241
2026-02-15T01:42:07.210679,v4,0,0.9884376688368907,0.011562331163109165
2026-02-15T01:42:07.230599,v4,0,0.9845265390271924,0.015473460972807324
2026-02-15T01:42:07.249598,v4,0,0.9744070371234467,0.02559296287655334
2026-02-15T01:42:07.270603,v4,0,0.9794237850901868,0.020576214909813085
2026-02-15T01:42:07.293618,v4,0,0.7944358249735859,0.2055641750264142
2026-02-15T01:42:07.314279,v4,0,0.949342934559344,0.05065706544065589
2026-02-15T01:42:07.334210,v4,0,0.949342934559344,0.05065706544065589
2026-02-15T01:42:07.354204,v4,0,0.9844522941947373,0.015547705805262657
2026-02-15T01:42:07.373204,v4,0,0.9495706168911113,0.05042938310888874
2026-02-15T01:42:07.392210,v4,0,0.9495378202304078,0.050462179769592386
2026-02-15T01:42:07.412733,v4,0,0.9397507441339341,0.06024925586606591
2026-02-15T01:42:07.434734,v4,0,0.9525436540423234,0.047456345957676414
2026-02-15T01:42:07.457099,v4,0,0.9733422520271202,0.026657747972879783
2026-02-15T01:42:07.475099,v4,0,0.9397534733915761,0.06024652660842399
2026-02-15T01:42:07.495101,v4,0,0.9479512142154785,0.05204878578452176
2026-02-15T01:42:07.515613,v4,0,0.9580405229687934,0.0419594770312065
2026-02-15T01:42:07.534615,v4,0,0.7927852465860132,0.2072147534139868
2026-02-15T01:42:07.552612,v4,0,0.94780702343892,0.052192976561080046
2026-02-15T01:42:07.570619,v4,0,0.9742244737449712,0.02577552625502875
2026-02-15T01:42:07.589954,v4,0,0.9742458227994396,0.02575417720056037
2026-02-15T01:42:07.608401,v4,0,0.9494039706086457,0.05059602939135435
2026-02-15T01:42:07.630399,v4,0,0.9594680731727483,0.04053192682725178
2026-02-15T01:42:07.650400,v4,0,0.984343788969326,0.01565621103067399
2026-02-15T01:42:07.670400,v4,0,0.9743359007370895,0.025664099262910484
2026-02-15T01:42:07.688400,v4,0,0.9494171400555288,0.05058285994447112
2026-02-15T01:42:07.707905,v4,0,0.9494812426196314,0.050518757380368554
2026-02-15T01:42:07.727907,v4,0,0.9494868558668951,0.05051314413310501
2026-02-15T01:42:07.752912,v4,0,0.9494574330253548,0.050542566974645355
2026-02-15T01:42:07.773912,v4,0,0.8477464151726848,0.15225358482731524
2026-02-15T01:42:07.794920,v4,0,0.9390769373680778,0.06092306263192212
2026-02-15T01:42:07.817496,v4,0,0.9445234643568928,0.05547653564310738
2026-02-15T01:42:07.837495,v4,0,0.9443553852639216,0.05564461473607846
2026-02-15T01:42:07.859495,v4,0,0.9546203230317861,0.04537967696821393
2026-02-15T01:42:07.880496,v4,0,0.9433401634540811,0.056659836545918746
2026-02-15T01:42:07.900498,v4,0,0.9694602879988328,0.030539712001167105
2026-02-15T01:42:07.922004,v4,0,0.9743594805788954,0.02564051942110452
2026-02-15T01:42:07.970004,v4,0,0.9494560606386208,0.05054393936137916
2026-02-15T01:42:08.006011,v4,0,0.9469261205188603,0.05307387948113964
2026-02-15T01:42:08.039523,v4,0,0.9244355310332922,0.07556446896670774
2026-02-15T01:42:08.063527,v4,0,0.9237160462132621,0.07628395378673776
2026-02-15T01:42:08.088536,v4,0,0.8515906951671375,0.14840930483286244
2026-02-15T01:42:08.110644,v4,0,0.8616632500166175,0.13833674998338247
2026-02-15T01:42:08.132645,v4,0,0.8914833139036509,0.1085166860963489
2026-02-15T01:42:08.166646,v4,0,0.7778640330045289,0.22213596699547122
2026-02-15T01:42:08.195651,v4,0,0.9265621542016799,0.07343784579832012
2026-02-15T01:42:08.216737,v4,0,0.9061599844783721,0.09384001552162796
2026-02-15T01:42:08.238716,v4,0,0.8662983590883755,0.13370164091162443
2026-02-15T01:42:08.259718,v4,0,0.8247831190181905,0.17521688098180965
2026-02-15T01:42:08.281716,v4,0,0.9796451113059033,0.02035488869409682
2026-02-15T01:42:08.302721,v4,0,0.9775393022929678,0.02246069770703212
2026-02-15T01:42:08.323274,v4,0,0.9781802534661769,0.021819746533822997
2026-02-15T01:42:08.345275,v4,0,0.947868580079658,0.05213141992034189
2026-02-15T01:42:08.366280,v4,0,0.9527243493104272,0.04727565068957266
2026-02-15T01:42:08.387277,v4,0,0.9745972402544123,0.025402759745587703
2026-02-15T01:42:08.408803,v4,0,0.9745972402544123,0.025402759745587703
2026-02-15T01:42:08.429802,v4,0,0.9825660145002137,0.01743398549978576
2026-02-15T01:42:08.452803,v4,0,0.9846124219527458,0.015387578047254113
2026-02-15T01:42:08.474802,v4,0,0.9781802534661769,0.021819746533822997
2026-02-15T01:42:08.494827,v4,0,0.9163971210434481,0.08360287895655187
2026-02-15T01:42:08.513327,v4,0,0.9816099292899375,0.01839007071006243
2026-02-15T01:42:08.533329,v4,0,0.98333011389109,0.016669886108909782
2026-02-15T01:42:08.553332,v4,0,0.9774145025534661,0.022585497446533882
2026-02-15T01:42:08.572335,v4,0,0.9884986499393087,0.011501350060691234
2026-02-15T01:42:08.592338,v4,0,0.9746700344432773,0.025329965556722733
2026-02-15T01:42:08.613987,v4,0,0.9746059318791747,0.025394068120825296
2026-02-15T01:42:08.632987,v4,0,0.9734691258342206,0.026530874165779435
2026-02-15T01:42:08.653984,v4,0,0.9846700344432775,0.015329965556722724
2026-02-15T01:42:08.673990,v4,0,0.984798152321221,0.015201847678778942
2026-02-15T01:42:08.692984,v4,0,0.9795719805817691,0.020428019418230782
2026-02-15T01:42:08.714188,v4,0,0.9881356796520702,0.011864320347929579
2026-02-15T01:42:08.733187,v4,0,0.9897315660913465,0.010268433908653441
2026-02-15T01:42:08.752187,v4,0,0.9846700344432775,0.015329965556722724
2026-02-15T01:42:08.770191,v4,0,0.9846700344432775,0.015329965556722724
2026-02-15T01:42:08.789242,v4,0,0.994309264740529,0.005690735259470916
2026-02-15T01:42:08.808730,v4,0,0.9745960837841503,0.0254039162158497
2026-02-15T01:42:08.834745,v4,0,0.9745960837841503,0.0254039162158497
2026-02-15T01:42:08.855746,v4,0,0.9789552435439832,0.021044756456016764
2026-02-15T01:42:08.873737,v4,0,0.9882328795655486,0.011767120434451049
2026-02-15T01:42:08.891745,v4,0,0.9775558010065099,0.022444198993490053
2026-02-15T01:42:08.910279,v4,0,0.9845265390271924,0.015473460972807324
2026-02-15T01:42:08.930276,v4,0,0.974499184559344,0.025500815440655904
2026-02-15T01:42:08.954279,v4,0,0.9745960837841503,0.0254039162158497
2026-02-15T01:42:08.975272,v4,0,0.9733171152137413,0.026682884786258767
2026-02-15T01:42:08.995276,v4,0,0.9726540441167449,0.027345955883254894
2026-02-15T01:42:09.014785,v4,0,0.9731485918647874,0.026851408135212505
2026-02-15T01:42:09.034785,v4,0,0.9483171152137413,0.051682884786258765
2026-02-15T01:42:09.052787,v4,0,0.9587548145231921,0.04124518547680791
2026-02-15T01:42:09.071785,v4,0,0.952509577257571,0.047490422742428866
2026-02-15T01:42:09.092621,v4,0,0.9325661090530533,0.06743389094694682
2026-02-15T01:42:09.111138,v4,0,0.9495706168911113,0.05042938310888874
2026-02-15T01:42:09.132144,v4,0,0.9745830773016984,0.025416922698301706
2026-02-15T01:42:09.151139,v4,0,0.9495706168911113,0.05042938310888874
2026-02-15T01:42:09.171139,v4,0,0.9845858065593402,0.015414193440659784
2026-02-15T01:42:09.192151,v4,0,0.9581704468350628,0.04182955316493705
2026-02-15T01:42:09.210673,v4,0,0.9596374487128558,0.04036255128714426
2026-02-15T01:42:09.229673,v4,0,0.9596374487128558,0.04036255128714426
2026-02-15T01:42:09.250670,v4,0,0.9595572974547898,0.0404427025452102
2026-02-15T01:42:09.270670,v4,0,0.919907609896494,0.08009239010350591
2026-02-15T01:42:09.290670,v4,0,0.9742458227994396,0.02575417720056037
2026-02-15T01:42:09.311180,v4,0,0.9492646682922518,0.050735331707748486
2026-02-15T01:42:09.331180,v4,0,0.896906616281135,0.10309338371886508
2026-02-15T01:42:09.351186,v4,0,0.9844000033011922,0.015599996698807926
2026-02-15T01:42:09.371187,v4,0,0.9489265757265626,0.05107342427343732
2026-02-15T01:42:09.390186,v4,0,0.9475995104722444,0.05240048952775548
2026-02-15T01:42:09.408715,v4,0,0.9489265757265626,0.05107342427343732
2026-02-15T01:42:09.427729,v4,0,0.9744000033011921,0.02559999669880792
2026-02-15T01:42:09.447794,v4,0,0.9494812426196314,0.050518757380368554
2026-02-15T01:42:09.479729,v4,0,0.9786555652894832,0.02134443471051676
2026-02-15T01:42:09.503745,v4,1,0.07,0.93
2026-02-15T01:42:09.524345,v4,0,0.9448156740537906,0.05518432594620958
2026-02-15T01:42:09.545274,v4,0,0.9426833643500834,0.05731663564991659
2026-02-15T01:42:09.565280,v4,0,0.9594381919527197,0.04056180804728009
2026-02-15T01:42:09.589281,v4,0,0.9545624874093854,0.04543751259061449
2026-02-15T01:42:09.610869,v4,0,0.9694602879988328,0.030539712001167105
2026-02-15T01:42:09.631446,v4,0,0.9496469799070391,0.05035302009296086
2026-02-15T01:42:09.651446,v4,0,0.9695459946543443,0.030454005345655517
2026-02-15T01:42:09.670455,v4,0,0.9437797437780886,0.05622025622191143
2026-02-15T01:42:09.705445,v4,0,0.9245297437780886,0.0754702562219114
2026-02-15T01:42:09.737957,v4,0,0.939265549665592,0.06073445033440815
2026-02-15T01:42:09.767956,v4,0,0.9287160462132621,0.07128395378673777
2026-02-15T01:42:09.785956,v4,0,0.8042184232133046,0.19578157678669542
2026-02-15T01:42:09.804960,v4,0,0.9287801487773648,0.0712198512226352
2026-02-15T01:42:09.825468,v4,0,0.7316134666842464,0.2683865333157537
2026-02-15T01:42:09.846468,v4,0,0.8416632500166176,0.15833674998338246
2026-02-15T01:42:09.868468,v4,0,0.8932067341852468,0.10679326581475303
2026-02-15T01:42:09.886468,v4,0,0.8911668110727221,0.10883318892727764
2026-02-15T01:42:09.905472,v4,0,0.8953867752279601,0.10461322477203991
2026-02-15T01:42:09.923982,v4,0,0.8540874434716161,0.1459125565283838
2026-02-15T01:42:09.942988,v4,0,0.9098484889598207,0.0901515110401792
2026-02-15T01:42:09.962982,v4,0,0.8451185858455322,0.15488141415446768
2026-02-15T01:42:09.997043,v4,0,0.7898456011070332,0.21015439889296697
2026-02-15T01:42:10.019584,v4,0,0.8956737636850954,0.10432623631490445
2026-02-15T01:42:10.039578,v4,0,0.8116436091694283,0.18835639083057157
2026-02-15T01:42:10.058583,v4,0,0.7365138882489596,0.2634861117510404
2026-02-15T01:42:10.077583,v4,1,0.06152173913043479,0.9384782608695653
2026-02-15T01:42:10.099660,v4,1,0.07200000000000001,0.9279999999999999
2026-02-15T01:42:10.120174,v4,0,0.972919416162132,0.02708058383786808
2026-02-15T01:42:10.139174,v4,0,0.9771442000467738,0.022855799953226123
2026-02-15T01:42:10.158175,v4,0,0.9759029201006751,0.0240970798993248
2026-02-15T01:42:10.176168,v4,0,0.9791637244370506,0.02083627556294923
2026-02-15T01:42:10.197175,v4,0,0.9745135104764893,0.025486489523510677
2026-02-15T01:42:10.218711,v4,0,0.9686258115998205,0.03137418840017931
2026-02-15T01:42:10.239724,v4,0,0.9733021561452949,0.02669784385470507
2026-02-15T01:42:10.257708,v4,0,0.9788052534661769,0.021194746533822997
2026-02-15T01:42:10.277134,v4,0,0.9828035056402789,0.017196494359721128
2026-02-15T01:42:10.295071,v4,0,0.976515204439261,0.0234847955607389
2026-02-15T01:42:10.312473,v4,0,0.9728060728011956,0.027193927198804424
2026-02-15T01:42:10.331744,v4,0,0.9752679802666918,0.024732019733307783
2026-02-15T01:42:10.351739,v4,0,0.9729644953207759,0.02703550467922408
2026-02-15T01:42:10.371385,v4,0,0.988431195764915,0.011568804235084808
2026-02-15T01:42:10.389451,v4,0,0.9765098511202033,0.023490148879796714
2026-02-15T01:42:10.406462,v4,0,0.9745090326543685,0.0254909673456315
2026-02-15T01:42:10.424750,v4,0,0.9641553973233633,0.03584460267663659
2026-02-15T01:42:10.444750,v4,0,0.9733108477700573,0.02668915222994266
2026-02-15T01:42:10.462744,v4,0,0.9746700344432773,0.025329965556722733
2026-02-15T01:42:10.483748,v4,0,0.9751902402197722,0.024809759780227796
2026-02-15T01:42:10.503764,v4,0,0.8502968965461674,0.14970310345383267
2026-02-15T01:42:10.522295,v4,0,0.9795719805817691,0.020428019418230782
2026-02-15T01:42:10.542293,v4,0,0.9745090326543685,0.0254909673456315
2026-02-15T01:42:10.563360,v4,0,0.9203673864295137,0.07963261357048627
2026-02-15T01:42:10.582300,v4,0,0.9729425690415746,0.027057430958425447
2026-02-15T01:42:10.602297,v4,0,0.9846700344432775,0.015329965556722724
2026-02-15T01:42:10.621348,v4,0,0.9846700344432775,0.015329965556722724
2026-02-15T01:42:10.640348,v4,0,0.9736104242872645,0.026389575712735605
2026-02-15T01:42:10.660348,v4,0,0.9745960837841503,0.0254039162158497
2026-02-15T01:42:10.681343,v4,0,0.9214584079302557,0.07854159206974422
2026-02-15T01:42:10.702367,v4,0,0.9704615472579446,0.029538452742055295
2026-02-15T01:42:10.722905,v4,0,0.9883356894729186,0.011664310527081202
2026-02-15T01:42:10.740911,v4,0,0.9845265390271924,0.015473460972807324
2026-02-15T01:42:10.759913,v4,0,0.9311420506422382,0.06885794935776172
2026-02-15T01:42:10.778905,v4,0,0.9846065141570665,0.015393485842933496
2026-02-15T01:42:10.798919,v4,0,0.9806051489817723,0.019394851018227462
2026-02-15T01:42:10.817433,v4,0,0.9724825518132262,0.027517448186773697
2026-02-15T01:42:10.838434,v4,0,0.9635955631095849,0.03640443689041509
2026-02-15T01:42:10.859431,v4,0,0.9732892029045139,0.02671079709548591
2026-02-15T01:42:10.878436,v4,0,0.8016058276977293,0.19839417230227055
2026-02-15T01:42:10.896449,v4,0,0.9694878876542894,0.030512112345710517
2026-02-15T01:42:10.916979,v4,0,0.9745189747375957,0.02548102526240427
2026-02-15T01:42:10.935987,v4,0,0.9581353251249233,0.04186467487507657
2026-02-15T01:42:10.953987,v4,0,0.8377527687026111,0.16224723129738897
2026-02-15T01:42:10.972987,v4,0,0.9685346221536058,0.03146537784639425
2026-02-15T01:42:11,v4,0,0.7965965512598815,0.20340344874011845
2026-02-15T01:42:11.022544,v4,0,0.9844558826930708,0.015544117306929233
2026-02-15T01:42:11.043536,v4,0,0.9581980382398687,0.04180196176013127
2026-02-15T01:42:11.063539,v4,0,0.9486427030481933,0.05135729695180674
2026-02-15T01:42:11.081617,v4,0,0.8882096433459229,0.11179035665407719
2026-02-15T01:42:11.101568,v4,0,0.9095695007763266,0.09043049922367359
2026-02-15T01:42:11.120083,v4,0,0.9492005657281491,0.050799434271851046
2026-02-15T01:42:11.140084,v4,0,0.9494039706086457,0.05059602939135435
2026-02-15T01:42:11.161078,v4,0,0.9594680731727483,0.04053192682725178
2026-02-15T01:42:11.179078,v4,0,0.7865912868636099,0.2134087131363901
2026-02-15T01:42:11.200093,v4,0,0.9347946903993402,0.06520530960065972
2026-02-15T01:42:11.221628,v4,0,0.9480284024462642,0.05197159755373591
2026-02-15T01:42:11.241632,v4,0,0.9783988554395705,0.02160114456042927
2026-02-15T01:42:11.261632,v4,0,0.9581468545548794,0.04185314544512051
2026-02-15T01:42:11.281624,v4,0,0.9364895030438843,0.0635104969561156
2026-02-15T01:42:11.299660,v4,0,0.9446184348142636,0.055381565185736586
2026-02-15T01:42:11.318193,v4,0,0.9445543322501609,0.05544566774983916
2026-02-15T01:42:11.339190,v4,0,0.9163689323953568,0.08363106760464319
2026-02-15T01:42:11.362186,v4,0,0.9427726738898982,0.05722732611010193
2026-02-15T01:42:11.384192,v4,0,0.9795243905629354,0.020475609437064543
2026-02-15T01:42:11.404213,v4,0,0.9646032114284698,0.03539678857153028
2026-02-15T01:42:11.423743,v4,0,0.9685709976806245,0.03142900231937536
2026-02-15T01:42:11.442737,v4,0,0.9796247365698462,0.020375263430153917
2026-02-15T01:42:11.460743,v4,0,0.9250515237742795,0.0749484762257205
2026-02-15T01:42:11.479739,v4,0,0.7904865946775677,0.20951340532243243
2026-02-15T01:42:11.508744,v4,0,0.8887642500483124,0.1112357499516874
2026-02-15T01:42:11.544264,v4,0,0.894483313903651,0.10551668609634891
2026-02-15T01:42:11.569262,v4,0,0.8877298747554654,0.11227012524453459
2026-02-15T01:42:11.590261,v4,0,0.8458279833027308,0.15417201669726924
2026-02-15T01:42:11.609258,v4,0,0.8911668110727221,0.10883318892727764
2026-02-15T01:42:11.628846,v4,0,0.9004135299455734,0.09958647005442645
2026-02-15T01:42:11.647848,v4,0,0.9154818938384769,0.08451810616152311
2026-02-15T01:42:11.666848,v4,0,0.9204177912743742,0.07958220872562567
2026-02-15T01:42:11.685840,v4,0,0.8418987001702644,0.1581012998297355
2026-02-15T01:42:11.705845,v4,0,0.8707836517407683,0.1292163482592314
2026-02-15T01:42:11.725371,v4,1,0.11699999999999999,0.883
2026-02-15T01:42:11.744360,v4,0,0.9729493562818924,0.0270506437181076
2026-02-15T01:42:11.762360,v4,0,0.9729165596211888,0.02708344037881124
2026-02-15T01:42:11.782354,v4,0,0.9830262524631963,0.0169737475368037
2026-02-15T01:42:11.800364,v4,0,0.984674512265398,0.015325487734601904
2026-02-15T01:42:11.818496,v4,0,0.9823409487708399,0.017659051229160026
2026-02-15T01:42:11.836495,v4,0,0.9641467056986008,0.035853294301399
2026-02-15T01:42:11.855495,v4,0,0.9745003410296061,0.025499658970393906
2026-02-15T01:42:11.874488,v4,0,0.9825052083149395,0.017494791685060476
2026-02-15T01:42:11.894495,v4,0,0.9845483193886432,0.015451680611356678
2026-02-15T01:42:11.914044,v4,0,0.9831636715033644,0.01683632849663541
2026-02-15T01:42:11.932034,v4,0,0.9844461249336226,0.015553875066377272
2026-02-15T01:42:11.950034,v4,0,0.984798152321221,0.015201847678778942
2026-02-15T01:42:11.970029,v4,0,0.9751369006532912,0.024863099346708578
2026-02-15T01:42:11.991028,v4,0,0.9736188567290385,0.026381143270961506
2026-02-15T01:42:12.018549,v4,0,0.9578772717044203,0.04212272829557949
2026-02-15T01:42:12.042553,v4,0,0.9217471905427337,0.07825280945726618
2026-02-15T01:42:12.062553,v4,0,0.9740603106502985,0.025939689349701416
2026-02-15T01:42:12.082554,v4,0,0.9289101350973058,0.07108986490269394
2026-02-15T01:42:12.101551,v4,0,0.9745090326543685,0.0254909673456315
2026-02-15T01:42:12.123598,v4,0,0.9745731352184711,0.025426864781528936
2026-02-15T01:42:12.143588,v4,0,0.9846700344432775,0.015329965556722724
2026-02-15T01:42:12.161591,v4,0,0.9745731352184711,0.025426864781528936
2026-02-15T01:42:12.180588,v4,0,0.9848267236302911,0.015173276369708862
2026-02-15T01:42:12.199591,v4,0,0.9832891050760526,0.016710894923947242
2026-02-15T01:42:12.218099,v4,0,0.9747777722339418,0.02522222776605811
2026-02-15T01:42:12.238114,v4,0,0.984607068633688,0.015392931366311929
2026-02-15T01:42:12.260106,v4,0,0.9728147644259579,0.027185235574042014
2026-02-15T01:42:12.279106,v4,0,0.9697158186318688,0.03028418136813122
2026-02-15T01:42:12.298109,v4,0,0.9721046525946692,0.02789534740533089
2026-02-15T01:42:12.315630,v4,0,0.9745960837841503,0.0254039162158497
2026-02-15T01:42:12.335624,v4,0,0.9746601863482529,0.025339813651747138
2026-02-15T01:42:12.354625,v4,0,0.9593157746900584,0.04068422530994165
2026-02-15T01:42:12.375626,v4,0,0.974499184559344,0.025500815440655904
2026-02-15T01:42:12.394630,v4,0,0.981403712975516,0.018596287024483894
2026-02-15T01:42:12.413162,v4,0,0.9834476574121687,0.01655234258783126
2026-02-15T01:42:12.432093,v4,0,0.974499184559344,0.025500815440655904
2026-02-15T01:42:12.450108,v4,0,0.9737518131095849,0.026248186890415096
2026-02-15T01:42:12.471116,v4,0,0.9806851241116463,0.019314875888353632
2026-02-15T01:42:12.491108,v4,0,0.9201903183772454,0.07980968162275455
2026-02-15T01:42:12.510612,v4,0,0.9694237850901868,0.030576214909813083
2026-02-15T01:42:12.531616,v4,0,0.9627263498955532,0.03727365010444674
2026-02-15T01:42:12.550618,v4,0,0.9596320542261968,0.04036794577380336
2026-02-15T01:42:12.569615,v4,0,0.9683787521828997,0.0316212478171003
2026-02-15T01:42:12.587652,v4,0,0.9492300024051987,0.0507699975948015
2026-02-15T01:42:12.608641,v4,0,0.9476899708935796,0.05231002910642026
2026-02-15T01:42:12.627651,v4,0,0.9484506275783443,0.05154937242165589
2026-02-15T01:42:12.646657,v4,0,0.9495733461487532,0.050426653851246825
2026-02-15T01:42:12.665657,v4,0,0.9495733461487532,0.050426653851246825
2026-02-15T01:42:12.683657,v4,0,0.9597110737237448,0.04028892627625547
2026-02-15T01:42:12.703660,v4,0,0.9743917801289682,0.025608219871031793
2026-02-15T01:42:12.725164,v4,0,0.9475417449899597,0.05245825501004048
2026-02-15T01:42:12.748165,v4,0,0.9482320919728754,0.05176790802712465
2026-02-15T01:42:12.768164,v4,0,0.9325445512434501,0.06745544875654991
2026-02-15T01:42:12.787165,v4,0,0.984343788969326,0.01565621103067399
2026-02-15T01:42:12.805166,v4,0,0.9583045438955593,0.04169545610444077
2026-02-15T01:42:12.825672,v4,0,0.957235219822774,0.04276478017722577
2026-02-15T01:42:12.845672,v4,0,0.948882110170689,0.05111788982931104
2026-02-15T01:42:12.865676,v4,0,0.949332665924444,0.050667334075556104
2026-02-15T01:42:12.888672,v4,0,0.9594812426196314,0.040518757380368545
2026-02-15T01:42:12.907675,v4,0,0.9494868558668951,0.05051314413310501
2026-02-15T01:42:12.925178,v4,0,0.9735293007698499,0.026470699230149997
2026-02-15T01:42:12.945178,v4,0,0.8460042277246361,0.15399577227536398
2026-02-15T01:42:12.965179,v4,0,0.9691012569241674,0.03089874307583262
2026-02-15T01:42:12.984178,v4,0,0.9446184348142636,0.055381565185736586
2026-02-15T01:42:13.001181,v4,0,0.9695225023454128,0.0304774976545872
2026-02-15T01:42:13.022686,v4,0,0.9546203230317861,0.04537967696821393
2026-02-15T01:42:13.046701,v4,0,0.9437093212428772,0.05629067875712269
2026-02-15T01:42:13.069694,v4,0,0.862064701087856,0.13793529891214415
2026-02-15T01:42:13.089694,v4,0,0.8721912896792334,0.1278087103207668
2026-02-15T01:42:13.108704,v4,0,0.9686987148471862,0.03130128515281402
2026-02-15T01:42:13.126934,v4,0,0.8834197022867426,0.11658029771325762
2026-02-15T01:42:13.146935,v4,0,0.9287760933465872,0.07122390665341267
2026-02-15T01:42:13.164935,v4,0,0.8944192113395484,0.10558078866045147
2026-02-15T01:42:13.182935,v4,0,0.8993223121147422,0.10067768788525766
2026-02-15T01:42:13.202945,v4,0,0.814595382635332,0.18540461736466796
2026-02-15T01:42:13.222099,v4,0,0.819595382635332,0.18040461736466795
2026-02-15T01:42:13.241027,v4,0,0.7555400706133965,0.24445992938660357
2026-02-15T01:42:13.262036,v4,0,0.782861751841509,0.21713824815849103
2026-02-15T01:42:13.283027,v4,0,0.9048902149470771,0.09510978505292286
2026-02-15T01:42:13.303034,v4,0,0.9097168039781357,0.09028319602186417
2026-02-15T01:42:13.321539,v4,0,0.8846100574611527,0.11538994253884699
2026-02-15T01:42:13.341540,v4,0,0.983013458845995,0.01698654115400503
2026-02-15T01:42:13.363541,v4,0,0.9729493562818924,0.0270506437181076
2026-02-15T01:42:13.393541,v4,0,0.9741699394774482,0.02583006052255147
2026-02-15T01:42:13.422065,v4,0,0.9787311248199717,0.021268875180028318
2026-02-15T01:42:13.452065,v4,0,0.9529247461358241,0.04707525386417584
2026-02-15T01:42:13.473071,v4,0,0.9786467639471813,0.021353236052818702
2026-02-15T01:42:13.491063,v4,0,0.9774058109287037,0.02259418907129629
2026-02-15T01:42:13.510071,v4,0,0.9751484690127467,0.024851530987253
2026-02-15T01:42:13.528419,v4,0,0.970324146322858,0.029675853677141727
2026-02-15T01:42:13.549422,v4,0,0.9728060728011956,0.027193927198804424
2026-02-15T01:42:13.576411,v4,0,0.9774004576096459,0.022599542390354107
2026-02-15T01:42:13.598415,v4,0,0.9834209235721086,0.016579076427891283
2026-02-15T01:42:13.621926,v4,0,0.9729285240977543,0.027071475902245668
2026-02-15T01:42:13.641923,v4,0,0.9846700344432775,0.015329965556722724
2026-02-15T01:42:13.661458,v4,0,0.9542022869416814,0.045797713058318396
2026-02-15T01:42:13.684459,v4,0,0.984607068633688,0.015392931366311929
2026-02-15T01:42:13.704463,v4,0,0.9219612947568379,0.07803870524316196
2026-02-15T01:42:13.724974,v4,0,0.9726345624337056,0.027365437566294365
2026-02-15T01:42:13.744987,v4,0,0.9727983382723437,0.02720166172765621
2026-02-15T01:42:13.763975,v4,0,0.9884986499393087,0.011501350060691234
2026-02-15T01:42:13.786975,v4,0,0.9641553973233633,0.03584460267663659
2026-02-15T01:42:13.807982,v4,0,0.9846700344432775,0.015329965556722724
2026-02-15T01:42:13.830495,v4,0,0.9845429660695854,0.015457033930414492
2026-02-15T01:42:13.851495,v4,0,0.9734691258342206,0.026530874165779435
2026-02-15T01:42:13.870501,v4,0,0.984798152321221,0.015201847678778942
2026-02-15T01:42:13.895495,v4,0,0.9746700344432773,0.025329965556722733
2026-02-15T01:42:13.916012,v4,0,0.9781889450909393,0.02181105490906059
2026-02-15T01:42:13.938031,v4,0,0.9743042130893229,0.025695786910677025
2026-02-15T01:42:13.958012,v4,0,0.973710065054675,0.026289934945324955
2026-02-15T01:42:13.979014,v4,0,0.9745960837841503,0.0254039162158497
2026-02-15T01:42:13.999021,v4,0,0.9729200916559804,0.027079908344019764
2026-02-15T01:42:14.018530,v4,0,0.9692309591534553,0.030769040846544637
2026-02-15T01:42:14.038529,v4,0,0.8195138051234528,0.1804861948765472
2026-02-15T01:42:14.058529,v4,0,0.9834973146776178,0.016502685322382044
2026-02-15T01:42:14.080527,v4,0,0.974499184559344,0.025500815440655904
2026-02-15T01:42:14.101531,v4,0,0.9845265390271924,0.015473460972807324
2026-02-15T01:42:14.122055,v4,0,0.9707237954979604,0.029276204502039424
2026-02-15T01:42:14.142057,v4,0,0.972626782582457,0.027373217417542933
2026-02-15T01:42:14.160048,v4,0,0.9793881916306347,0.02061180836936522
2026-02-15T01:42:14.181048,v4,0,0.9494398337841503,0.05056016621584969
2026-02-15T01:42:14.200050,v4,0,0.9733126660185494,0.02668733398145054
2026-02-15T01:42:14.219727,v4,0,0.9595039363482529,0.040496063651747134
2026-02-15T01:42:14.238725,v4,0,0.943714267476749,0.05628573252325089
2026-02-15T01:42:14.257725,v4,0,0.9273304618845222,0.07266953811547779
2026-02-15T01:42:14.277732,v4,0,0.9784596385607037,0.021540361439296288
2026-02-15T01:42:14.297727,v4,0,0.900058468491043,0.09994153150895714
2026-02-15T01:42:14.319239,v4,0,0.9692138659149269,0.030786134085072737
2026-02-15T01:42:14.338245,v4,0,0.9475932589237661,0.05240674107623399
2026-02-15T01:42:14.356119,v4,0,0.9482537599830495,0.051746240016950544
2026-02-15T01:42:14.375120,v4,0,0.9592814162589919,0.04071858374100822
2026-02-15T01:42:14.393130,v4,0,0.9393933032083379,0.060606696791661925
2026-02-15T01:42:14.411900,v4,0,0.8477451528466173,0.1522548471533828
2026-02-15T01:42:14.431916,v4,0,0.984343788969326,0.01565621103067399
2026-02-15T01:42:14.450913,v4,0,0.9731771463717945,0.02682285362820556
2026-02-15T01:42:14.468919,v4,0,0.9690366537220708,0.030963346277928773
2026-02-15T01:42:14.485921,v4,0,0.9394998088640283,0.06050019113597142
2026-02-15T01:42:14.504928,v4,0,0.9494227533027925,0.05057724669720758
2026-02-15T01:42:14.525458,v4,0,0.9734347272660684,0.026565272733931545
2026-02-15T01:42:14.544469,v4,0,0.9534356127568515,0.04656438724314862
2026-02-15T01:42:14.565457,v4,0,0.9646013232109472,0.03539867678905294
2026-02-15T01:42:14.586459,v4,0,0.9444593212428773,0.055540678757122694
2026-02-15T01:42:14.613017,v4,0,0.9435253486392664,0.05647465136073357
2026-02-15T01:42:14.633013,v4,0,0.9501600806408825,0.04983991935911713
2026-02-15T01:42:14.653534,v4,0,0.8452377886776152,0.15476221132238496
2026-02-15T01:42:14.673536,v4,0,0.9539407455669974,0.04605925443300267
2026-02-15T01:42:14.692535,v4,0,0.949567217912169,0.05043278208783101
2026-02-15T01:42:14.712044,v4,0,0.7713589485339694,0.2286410514660307
2026-02-15T01:42:14.731049,v4,0,0.9130242958841606,0.08697570411583927
2026-02-15T01:42:14.750049,v4,0,0.9237160462132621,0.07628395378673776
2026-02-15T01:42:14.772048,v4,0,0.8799135038703705,0.12008649612962943
2026-02-15T01:42:14.794054,v4,0,0.8948374296288919,0.10516257037110796
2026-02-15T01:42:14.815570,v4,0,0.8915035245058337,0.10849647549416608
2026-02-15T01:42:14.834569,v4,0,0.9004691161132594,0.0995308838867405
2026-02-15T01:42:14.853569,v4,0,0.6782692764564421,0.321730723543558
2026-02-15T01:42:14.877571,v4,1,0.05,0.95
2026-02-15T01:42:14.897590,v4,0,0.9712728239974091,0.028727176002590976
2026-02-15T01:42:14.918119,v4,0,0.9873534578902884,0.012646542109711506
2026-02-15T01:42:14.938118,v4,0,0.9730078455987313,0.026992154401268578
2026-02-15T01:42:14.957115,v4,0,0.972770101578174,0.027229898421826007
2026-02-15T01:42:14.975112,v4,0,0.9844705700165428,0.015529429983457037
2026-02-15T01:42:14.994111,v4,0,0.9734604342094582,0.02653956579054184
2026-02-15T01:42:15.013695,v4,0,0.9734736036563415,0.02652639634365861
2026-02-15T01:42:15.038671,v4,0,0.9822911921303061,0.017708807869693713
2026-02-15T01:42:15.066673,v4,0,0.9846613428185149,0.015338657181485133
2026-02-15T01:42:15.090681,v4,0,0.8265166307681626,0.17348336923183744
2026-02-15T01:42:15.122190,v4,0,0.9846613428185149,0.015338657181485133
2026-02-15T01:42:15.145187,v4,0,0.9745003410296061,0.025499658970393906
2026-02-15T01:42:15.174193,v4,0,0.9774004576096459,0.022599542390354107
2026-02-15T01:42:15.194190,v4,0,0.9845429660695854,0.015457033930414492
2026-02-15T01:42:15.213719,v4,0,0.9744949877105483,0.025505012289451724
2026-02-15T01:42:15.233719,v4,0,0.9833218103100552,0.01667818968994472
2026-02-15T01:42:15.252717,v4,0,0.9846700344432775,0.015329965556722724
2026-02-15T01:42:15.273717,v4,0,0.9845429660695854,0.015457033930414492
2026-02-15T01:42:15.292724,v4,0,0.9542022869416814,0.045797713058318396
2026-02-15T01:42:15.312226,v4,0,0.9767417852699214,0.023258214730078636
2026-02-15T01:42:15.332232,v4,0,0.9740613929013808,0.02593860709861916
2026-02-15T01:42:15.353240,v4,0,0.9781889450909393,0.02181105490906059
2026-02-15T01:42:15.373237,v4,0,0.9746059318791747,0.025394068120825296
2026-02-15T01:42:15.392240,v4,0,0.9831918457082363,0.01680815429176352
2026-02-15T01:42:15.411241,v4,0,0.9813330346629463,0.01866696533705356
2026-02-15T01:42:15.431406,v4,0,0.9845429660695854,0.015457033930414492
2026-02-15T01:42:15.452477,v4,0,0.9795719805817691,0.020428019418230782
2026-02-15T01:42:15.476409,v4,0,0.9790400590805862,0.020959940919413778
2026-02-15T01:42:15.500420,v4,0,0.9625258539745183,0.03747414602548163
2026-02-15T01:42:15.524920,v4,0,0.9946098354492606,0.005390164550739309
2026-02-15T01:42:15.547924,v4,0,0.9885958498527871,0.011404150147212704
2026-02-15T01:42:15.573925,v4,0,0.9846601863482529,0.015339813651747134
2026-02-15T01:42:15.599934,v4,0,0.9736104242872645,0.026389575712735605
2026-02-15T01:42:15.621454,v4,0,0.9736104242872645,0.026389575712735605
2026-02-15T01:42:15.643966,v4,0,0.9793628094804308,0.020637190519569183
2026-02-15T01:42:15.663044,v4,0,0.9440305301326641,0.05596946986733578
2026-02-15T01:42:15.680975,v4,0,0.9743881916306347,0.025611808369365222
2026-02-15T01:42:15.699981,v4,0,0.9494070371234468,0.05059296287655333
2026-02-15T01:42:15.722508,v4,0,0.9733623232839986,0.026637676716001323
2026-02-15T01:42:15.742515,v4,0,0.9495706168911113,0.05042938310888874
2026-02-15T01:42:15.760499,v4,0,0.9495706168911113,0.05042938310888874
2026-02-15T01:42:15.778507,v4,0,0.9713598521396289,0.028640147860370887
2026-02-15T01:42:15.798516,v4,0,0.9695873218200199,0.03041267817998011
2026-02-15T01:42:15.817040,v4,0,0.9494764469239471,0.050523553076053024
2026-02-15T01:42:15.838041,v4,0,0.9845858065593402,0.015414193440659784
2026-02-15T01:42:15.859043,v4,0,0.9477602949470599,0.05223970505294006
2026-02-15T01:42:15.877046,v4,0,0.9532649819688939,0.046735018031106065
2026-02-15T01:42:15.895047,v4,0,0.9743917801289682,0.025608219871031793
2026-02-15T01:42:15.911050,v4,0,0.9569362300139278,0.04306376998607218
2026-02-15T01:42:15.929566,v4,0,0.9492646682922518,0.050735331707748486
2026-02-15T01:42:15.950566,v4,0,0.974329156132773,0.025670843867227032
2026-02-15T01:42:15.969566,v4,0,0.9492050236224064,0.05079497637759366
2026-02-15T01:42:15.987559,v4,0,0.9844000033011922,0.015599996698807926
2026-02-15T01:42:16.006574,v4,0,0.9844000033011922,0.015599996698807926
2026-02-15T01:42:16.026086,v4,0,0.9326248088640284,0.06737519113597142
2026-02-15T01:42:16.044089,v4,0,0.962869371336287,0.037130628663712896
2026-02-15T01:42:16.072079,v4,0,0.9613820258965537,0.03861797410344616
2026-02-15T01:42:16.096080,v4,0,0.9445543322501609,0.05544566774983916
2026-02-15T01:42:16.118600,v4,0,0.832112663450756,0.16788733654924404
2026-02-15T01:42:16.141599,v4,0,0.9444574330253548,0.05554256697464535
2026-02-15T01:42:16.161676,v4,0,0.9686678466790614,0.03133215332093881
2026-02-15T01:42:16.180599,v4,0,0.9523856381034094,0.04761436189659042
2026-02-15T01:42:16.201623,v4,0,0.9433401634540811,0.056659836545918746
2026-02-15T01:42:16.222140,v4,0,0.9438062204676834,0.056193779532316496
2026-02-15T01:42:16.241140,v4,0,0.9539829129594193,0.04601708704058072
2026-02-15T01:42:16.261136,v4,0,0.9401249287528798,0.05987507124712013
2026-02-15T01:42:16.284141,v4,0,0.9686483326842233,0.031351667315776585
2026-02-15T01:42:16.304146,v4,0,0.9406406660387259,0.05935933396127409
2026-02-15T01:42:16.325653,v4,0,0.7905400706133965,0.20945992938660357
2026-02-15T01:42:16.352645,v4,0,0.8694746518109439,0.1305253481890561
2026-02-15T01:42:16.372645,v4,0,0.9187160462132621,0.08128395378673776
2026-02-15T01:42:16.392653,v4,0,0.8245406575013561,0.1754593424986438
2026-02-15T01:42:16.412667,v4,0,0.9064833139036509,0.09351668609634889
2026-02-15T01:42:16.431201,v4,0,0.8509656951671376,0.14903430483286245
2026-02-15T01:42:16.452197,v4,0,0.8963223121147422,0.10367768788525768
2026-02-15T01:42:16.471201,v4,0,0.8949459557013937,0.1050540442986064
2026-02-15T01:42:16.490206,v4,0,0.9068210987389992,0.09317890126100088
2026-02-15T01:42:16.508214,v4,0,0.894782583177212,0.10521741682278783
2026-02-15T01:42:16.526749,v4,0,0.916284002485437,0.08371599751456311
2026-02-15T01:42:16.547741,v4,1,0.025,0.975
2026-02-15T01:42:16.566747,v4,0,0.9252403724140538,0.07475962758594612
2026-02-15T01:42:16.585740,v4,0,0.8659688369259535,0.13403116307404617
2026-02-15T01:42:16.609753,v4,0,0.8116436091694283,0.18835639083057157
2026-02-15T01:42:16.643261,v4,0,0.9718125502369384,0.028187449763061735
2026-02-15T01:42:16.669779,v4,0,0.9719763260755765,0.02802367392442358
2026-02-15T01:42:16.692841,v4,0,0.9711034349115073,0.02889656508849267
2026-02-15T01:42:16.713318,v4,0,0.9823498550950356,0.017650144904964374
2026-02-15T01:42:16.733327,v4,0,0.9746104097012954,0.025389590298704478
2026-02-15T01:42:16.752329,v4,0,0.9846613428185149,0.015338657181485133
2026-02-15T01:42:16.773328,v4,0,0.9740527012766185,0.025947298723381574
2026-02-15T01:42:16.792333,v4,0,0.9743295285084654,0.02567047149153426
2026-02-15T01:42:16.811333,v4,0,0.9830438540375668,0.016956145962433188
2026-02-15T01:42:16.831853,v4,0,0.9882758213694207,0.011724178630579087
2026-02-15T01:42:16.851850,v4,0,0.9897234837098285,0.01027651629017144
2026-02-15T01:42:16.872842,v4,0,0.984607068633688,0.015392931366311929
2026-02-15T01:42:16.893843,v4,0,0.9448716999269139,0.055128300073086105
2026-02-15T01:42:16.913351,v4,0,0.9882429031128102,0.011757096887189582
2026-02-15T01:42:16.932356,v4,0,0.9746059318791747,0.025394068120825296
2026-02-15T01:42:16.951356,v4,0,0.9745090326543685,0.0254909673456315
2026-02-15T01:42:16.973427,v4,0,0.9946262624916535,0.005373737508346479
2026-02-15T01:42:16.994365,v4,0,0.9845682328321262,0.015431767167873487
2026-02-15T01:42:17.013897,v4,0,0.9833228925611374,0.016677107438862467
2026-02-15T01:42:17.033899,v4,0,0.7966129050264353,0.20338709497356447
2026-02-15T01:42:17.052895,v4,0,0.9641553973233633,0.03584460267663659
2026-02-15T01:42:17.071888,v4,0,0.9846700344432775,0.015329965556722724
2026-02-15T01:42:17.091967,v4,0,0.9833725498265866,0.01662745017341325
2026-02-15T01:42:17.112953,v4,0,0.9746059318791747,0.025394068120825296
2026-02-15T01:42:17.134993,v4,0,0.9690896607004115,0.030910339299588467
2026-02-15T01:42:17.153001,v4,0,0.9290859592684442,0.07091404073155581
2026-02-15T01:42:17.171001,v4,0,0.8603530626023332,0.13964693739766662
2026-02-15T01:42:17.187993,v4,0,0.9253673864295137,0.07463261357048627
2026-02-15T01:42:17.207007,v4,0,0.9945906415912951,0.0054093584087047605
2026-02-15T01:42:17.225543,v4,0,0.9784150590805862,0.021584940919413778
2026-02-15T01:42:17.244549,v4,0,0.9847883042261968,0.01521169577380335
2026-02-15T01:42:17.262412,v4,0,0.9884692568699904,0.01153074313000953
2026-02-15T01:42:17.280645,v4,0,0.9746601863482529,0.025339813651747138
2026-02-15T01:42:17.298651,v4,0,0.9845906415912951,0.01540935840870476
2026-02-15T01:42:17.318174,v4,0,0.9884226130187865,0.011577386981213321
2026-02-15T01:42:17.338173,v4,0,0.9772072433142022,0.02279275668579775
2026-02-15T01:42:17.367184,v4,0,0.9745039363482529,0.025496063651747138
2026-02-15T01:42:17.391191,v4,0,0.9683171152137413,0.03168288478625877
2026-02-15T01:42:17.409198,v4,0,0.9489376500799319,0.05106234992006781
2026-02-15T01:42:17.429253,v4,0,0.9440305301326641,0.05596946986733578
2026-02-15T01:42:17.448256,v4,0,0.9494398337841503,0.05056016621584969
2026-02-15T01:42:17.469255,v4,0,0.9494398337841503,0.05056016621584969
2026-02-15T01:42:17.488246,v4,0,0.9610006076934802,0.038999392306519456
2026-02-15T01:42:17.507270,v4,0,0.9525409247846816,0.047459075215318336
2026-02-15T01:42:17.525798,v4,0,0.9477935369124395,0.05220646308756039
2026-02-15T01:42:17.544806,v4,0,0.9595545681971478,0.040445431802852136
2026-02-15T01:42:17.563798,v4,0,0.9494764469239471,0.050523553076053024
2026-02-15T01:42:17.585792,v4,0,0.9745858065593402,0.02541419344065978
2026-02-15T01:42:17.606872,v4,0,0.9575869235660079,0.04241307643399204
2026-02-15T01:42:17.632185,v4,0,0.9563354848655515,0.04366451513444827
2026-02-15T01:42:17.653706,v4,0,0.9475993985747868,0.05240060142521313
2026-02-15T01:42:17.673706,v4,0,0.9475285755430763,0.05247142445692371
2026-02-15T01:42:17.693706,v4,0,0.7915965512598815,0.20840344874011843
2026-02-15T01:42:17.713229,v4,0,0.9611895937681054,0.03881040623189454
2026-02-15T01:42:17.733246,v4,0,0.7915496616415634,0.20845033835843665
2026-02-15T01:42:17.752250,v4,0,0.947635481695266,0.0523645183047339
2026-02-15T01:42:17.771244,v4,0,0.9734486485043545,0.02655135149564546
2026-02-15T01:42:17.790237,v4,0,0.9494039706086457,0.05059602939135435
2026-02-15T01:42:17.809259,v4,0,0.9595806631003815,0.04041933689961857
2026-02-15T01:42:17.830398,v4,0,0.9523828695675078,0.04761713043249184
2026-02-15T01:42:17.852411,v4,0,0.9492181930692896,0.05078180693071043
2026-02-15T01:42:17.872406,v4,0,0.9844121098387224,0.01558789016127766
2026-02-15T01:42:17.891410,v4,0,0.9545624874093854,0.04543751259061449
2026-02-15T01:42:17.910422,v4,0,0.9691012569241674,0.03089874307583262
2026-02-15T01:42:17.928901,v4,0,0.9793930493992916,0.020606950600708548
2026-02-15T01:42:17.949901,v4,0,0.9477480405353572,0.05225195946464279
2026-02-15T01:42:17.967895,v4,0,0.9445562204676835,0.0554437795323165
2026-02-15T01:42:17.987895,v4,0,0.9694389389443644,0.030561061055635486
2026-02-15T01:42:18.005914,v4,0,0.9419999287528797,0.05800007124712013
2026-02-15T01:42:18.025439,v4,0,0.9433401634540811,0.056659836545918746
2026-02-15T01:42:18.045440,v4,0,0.950230503176094,0.04976949682390587
2026-02-15T01:42:18.064436,v4,0,0.9434105859892925,0.056589414010707474
2026-02-15T01:42:18.083497,v4,0,0.9138980048961532,0.08610199510384675
2026-02-15T01:42:18.102513,v4,0,0.8495953826353321,0.15040461736466798
2026-02-15T01:42:18.129060,v4,0,0.9287160462132621,0.07128395378673777
2026-02-15T01:42:18.152059,v4,0,0.6691748578739023,0.33082514212609754
2026-02-15T01:42:18.172052,v4,0,0.8991817309194454,0.10081826908055462
2026-02-15T01:42:18.192051,v4,0,0.8510382500166176,0.14896174998338246
2026-02-15T01:42:18.213671,v4,0,0.9159601609778686,0.08403983902213139
2026-02-15T01:42:18.232681,v4,0,0.8946556454480755,0.10534435455192433
2026-02-15T01:42:18.251680,v4,0,0.8862393659222023,0.11376063407779766
2026-02-15T01:42:18.271686,v4,0,0.9104177912743744,0.08958220872562567
2026-02-15T01:42:18.291686,v4,0,0.9178778057670445,0.0821221942329554
2026-02-15T01:42:18.311692,v4,0,0.8859515750279284,0.11404842497207147
2026-02-15T01:42:18.331732,v4,1,0.12,0.88
2026-02-15T01:42:18.351731,v4,0,0.8198472215822928,0.1801527784177071
2026-02-15T01:42:18.372732,v4,1,0.07708333333333334,0.9229166666666667
2026-02-15T01:42:18.394732,v4,0,0.7367083284906386,0.26329167150936156
2026-02-15T01:42:18.414255,v4,1,0.11167054263565893,0.8883294573643411
2026-02-15T01:42:18.433275,v4,0,0.9729165596211888,0.02708344037881124
2026-02-15T01:42:18.454270,v4,0,0.9728524570570862,0.027147542942913803
2026-02-15T01:42:18.472270,v4,0,0.9844705700165428,0.015529429983457037
2026-02-15T01:42:18.503268,v4,0,0.9781802534661769,0.021819746533822997
2026-02-15T01:42:18.531785,v4,0,0.974674512265398,0.02532548773460191
2026-02-15T01:42:18.558789,v4,0,0.9738709900891288,0.026129009910871127
2026-02-15T01:42:18.578859,v4,0,0.9747690806091796,0.02523091939082052
2026-02-15T01:42:18.596844,v4,0,0.9945225660431152,0.005477433956884742
2026-02-15T01:42:18.617871,v4,0,0.9829531412028218,0.017046858797177974
2026-02-15T01:42:18.638848,v4,0,0.969146705698601,0.030853294301398996
2026-02-15T01:42:18.664522,v4,0,0.973752969579847,0.026247030420153097
2026-02-15T01:42:18.683514,v4,0,0.9882758213694207,0.011724178630579087
2026-02-15T01:42:18.701519,v4,0,0.9896895590817008,0.010310440918299336
2026-02-15T01:42:18.722030,v4,0,0.9846559894994571,0.015344010500542949
2026-02-15T01:42:18.749031,v4,0,0.9736320261759219,0.026367973824078274
2026-02-15T01:42:18.768081,v4,0,0.9824825347361176,0.017517465263882443
2026-02-15T01:42:18.788024,v4,0,0.994607068633688,0.0053929313663119306
2026-02-15T01:42:18.806025,v4,0,0.9746059318791747,0.025394068120825296
2026-02-15T01:42:18.825535,v4,0,0.9848267236302911,0.015173276369708862
2026-02-15T01:42:18.845541,v4,0,0.9198949554722984,0.0801050445277015
2026-02-15T01:42:18.866535,v4,0,0.9682295072895144,0.03177049271048526
2026-02-15T01:42:18.888534,v4,0,0.9746059318791747,0.025394068120825296
2026-02-15T01:42:18.908538,v4,0,0.8066129050264353,0.19338709497356443
2026-02-15T01:42:18.928053,v4,0,0.9845429660695854,0.015457033930414492
2026-02-15T01:42:18.946052,v4,0,0.968689067729025,0.03131093227097523
2026-02-15T01:42:18.965059,v4,0,0.9686329016728589,0.03136709832714128
2026-02-15T01:42:18.984051,v4,0,0.9745090326543685,0.0254909673456315
2026-02-15T01:42:19.004058,v4,0,0.9846700344432775,0.015329965556722724
2026-02-15T01:42:19.024566,v4,0,0.9745960837841503,0.0254039162158497
2026-02-15T01:42:19.043565,v4,0,0.9832795234167526,0.016720476583247258
2026-02-15T01:42:19.063572,v4,0,0.974499184559344,0.025500815440655904
2026-02-15T01:42:19.083571,v4,0,0.9845906415912951,0.01540935840870476
2026-02-15T01:42:19.102646,v4,0,0.9847883042261968,0.01521169577380335
2026-02-15T01:42:19.122095,v4,0,0.9946180815550787,0.005381918444921261
2026-02-15T01:42:19.143090,v4,0,0.9845906415912951,0.01540935840870476
2026-02-15T01:42:19.167090,v4,0,0.9845265390271924,0.015473460972807324
2026-02-15T01:42:19.187090,v4,0,0.9895413635901182,0.010458636409881641
2026-02-15T01:42:19.208093,v4,0,0.94910030154932,0.0508996984506802
2026-02-15T01:42:19.227117,v4,0,0.9743881916306347,0.025611808369365222
2026-02-15T01:42:19.245119,v4,0,0.8387455751592549,0.16125442484074518
2026-02-15T01:42:19.264109,v4,0,0.9595039363482529,0.040496063651747134
2026-02-15T01:42:19.285110,v4,0,0.9629401164000961,0.03705988359990367
2026-02-15T01:42:19.304115,v4,0,0.9845830773016984,0.015416922698301708
2026-02-15T01:42:19.323624,v4,0,0.9494764469239471,0.050523553076053024
2026-02-15T01:42:19.341632,v4,0,0.9486415468467626,0.05135845315323759
2026-02-15T01:42:19.363625,v4,0,0.9597655665907997,0.04023443340920048
2026-02-15T01:42:19.386623,v4,0,0.9247651504538185,0.07523484954618155
2026-02-15T01:42:19.406625,v4,0,0.9494405811175612,0.05055941888243892
2026-02-15T01:42:19.424136,v4,0,0.8572057299188096,0.14279427008119033
2026-02-15T01:42:19.442136,v4,0,0.9593455188230945,0.04065448117690566
2026-02-15T01:42:19.461137,v4,0,0.9843932586968757,0.015606741303124472
2026-02-15T01:42:19.480137,v4,0,0.9576641117967937,0.042335888203206204
2026-02-15T01:42:19.501140,v4,0,0.8920131219368254,0.10798687806317457
2026-02-15T01:42:19.521645,v4,0,0.9694520244787849,0.030547975521215166
2026-02-15T01:42:19.542646,v4,0,0.9494812426196314,0.050518757380368554
2026-02-15T01:42:19.563647,v4,0,0.9731771463717945,0.02682285362820556
2026-02-15T01:42:19.585665,v4,0,0.949554332250161,0.050445667749839156
2026-02-15T01:42:19.608659,v4,0,0.952372412017406,0.04762758798259381
2026-02-15T01:42:19.634166,v4,0,0.9546184348142636,0.04538156518573659
2026-02-15T01:42:19.656162,v4,0,0.9445543322501609,0.05544566774983916
2026-02-15T01:42:19.680125,v4,0,0.9532517365333305,0.046748263466669465
2026-02-15T01:42:19.704675,v4,0,0.9496406482350381,0.0503593517649619
2026-02-15T01:42:19.724199,v4,0,0.9437093212428772,0.05629067875712269
2026-02-15T01:42:19.745192,v4,0,0.9086505405341079,0.0913494594658922
2026-02-15T01:42:19.764193,v4,0,0.9694602879988328,0.030539712001167105
2026-02-15T01:42:19.784252,v4,1,0.025,0.975
2026-02-15T01:42:19.803193,v4,0,0.840186975940507,0.15981302405949321
2026-02-15T01:42:19.821699,v4,0,0.9124923632129984,0.08750763678700159
2026-02-15T01:42:19.839707,v4,0,0.9090807528792412,0.09091924712075866
2026-02-15T01:42:19.857708,v4,0,0.9356551487773648,0.06434485122263521
2026-02-15T01:42:19.876700,v4,0,0.9037718644512985,0.09622813554870141
2026-02-15T01:42:19.896707,v4,0,0.9257241048213207,0.07427589517867915
2026-02-15T01:42:19.917248,v4,0,0.9107241048213207,0.08927589517867915
2026-02-15T01:42:19.937243,v4,0,0.8963223121147422,0.10367768788525768
2026-02-15T01:42:19.955235,v4,0,0.9242035652265789,0.07579643477342113
2026-02-15T01:42:19.974250,v4,0,0.6832131104002761,0.316786889599724
2026-02-15T01:42:19.994238,v4,0,0.8562095976061619,0.14379040239383806
2026-02-15T01:42:20.014366,v4,0,0.9057706629099016,0.09422933709009826
2026-02-15T01:42:20.036795,v4,0,0.8957706629099016,0.10422933709009825
2026-02-15T01:42:20.057793,v4,0,0.9624199156562457,0.037580084343754004
2026-02-15T01:42:20.078793,v4,0,0.9594365014063948,0.04056349859360503
2026-02-15T01:42:20.101801,v4,0,0.9183961622727055,0.08160383772729435
2026-02-15T01:42:20.123339,v4,0,0.9796394980586396,0.020360501941360364
2026-02-15T01:42:20.143331,v4,0,0.9745972402544123,0.025402759745587703
2026-02-15T01:42:20.164333,v4,0,0.9734736036563415,0.02652639634365861
2026-02-15T01:42:20.185331,v4,0,0.9848279192621185,0.015172080737881
2026-02-15T01:42:20.210335,v4,0,0.9845483193886432,0.015451680611356678
2026-02-15T01:42:20.250859,v4,0,0.9848035056402789,0.015196494359721124
2026-02-15T01:42:20.281851,v4,0,0.9846124219527458,0.015387578047254113
2026-02-15T01:42:20.305853,v4,0,0.9845016678307874,0.01549833216921237
2026-02-15T01:42:20.324390,v4,0,0.9734550808904003,0.02654491910959966
2026-02-15T01:42:20.344382,v4,0,0.9850807345971251,0.01491926540287463
2026-02-15T01:42:20.363382,v4,0,0.9592115633795294,0.04078843662047053
2026-02-15T01:42:20.382382,v4,0,0.9844407716145648,0.015559228385435086
2026-02-15T01:42:20.402387,v4,0,0.9846700344432775,0.015329965556722724
2026-02-15T01:42:20.422921,v4,0,0.9735760198941414,0.026423980105858544
2026-02-15T01:42:20.443919,v4,0,0.9881281153555497,0.011871884644450001
2026-02-15T01:42:20.463911,v4,0,0.9796360831458718,0.020363916854128215
2026-02-15T01:42:20.482912,v4,0,0.9884861408198602,0.011513859180139753
2026-02-15T01:42:20.501937,v4,0,0.9690353512347142,0.030964648765285832
2026-02-15T01:42:20.521430,v4,0,0.994607068633688,0.0053929313663119306
2026-02-15T01:42:20.540430,v4,0,0.9737616612046094,0.026238338795390684
2026-02-15T01:42:20.560431,v4,0,0.9782546817138912,0.021745318286108716
2026-02-15T01:42:20.582431,v4,0,0.9734822952811037,0.026517704718896203
2026-02-15T01:42:20.602436,v4,0,0.9721046525946692,0.02789534740533089
2026-02-15T01:42:20.620946,v4,0,0.9643157746900584,0.03568422530994165
2026-02-15T01:42:20.639948,v4,0,0.974499184559344,0.025500815440655904
2026-02-15T01:42:20.658944,v4,0,0.9736104242872645,0.026389575712735605
2026-02-15T01:42:20.680690,v4,0,0.9846601863482529,0.015339813651747134
2026-02-15T01:42:20.701329,v4,0,0.9886109056708914,0.011389094329108548
2026-02-15T01:42:20.721835,v4,0,0.9746601863482529,0.025339813651747138
2026-02-15T01:42:20.740835,v4,0,0.974499184559344,0.025500815440655904
2026-02-15T01:42:20.759835,v4,0,0.9827104161986651,0.017289583801334833
2026-02-15T01:42:20.778835,v4,0,0.9832730134693206,0.0167269865306792
2026-02-15T01:42:20.798837,v4,0,0.9680369344704599,0.03196306552953993
2026-02-15T01:42:20.818350,v4,0,0.9483171152137413,0.051682884786258765
2026-02-15T01:42:20.837351,v4,0,0.952477189391075,0.047522810608924916
2026-02-15T01:42:20.861357,v4,0,0.9595039363482529,0.040496063651747134
2026-02-15T01:42:20.881351,v4,0,0.959634719455214,0.040365280544786185
2026-02-15T01:42:20.903355,v4,0,0.9495706168911113,0.05042938310888874
2026-02-15T01:42:20.924769,v4,0,0.9495706168911113,0.05042938310888874
2026-02-15T01:42:20.944767,v4,0,0.9436388175891207,0.05636118241087952
2026-02-15T01:42:20.963767,v4,0,0.9495733461487532,0.050426653851246825
2026-02-15T01:42:20.983767,v4,0,0.9494764469239471,0.050523553076053024
2026-02-15T01:42:21.003773,v4,0,0.9477962661700815,0.052203733829918476
2026-02-15T01:42:21.024280,v4,0,0.9734626420999973,0.026537357900002626
2026-02-15T01:42:21.043279,v4,0,0.9494434222824839,0.050556577717516274
2026-02-15T01:42:21.064280,v4,0,0.9483207037120748,0.051679296287925336
2026-02-15T01:42:21.084280,v4,0,0.9594405811175613,0.04055941888243891
2026-02-15T01:42:21.105285,v4,0,0.9485762581988364,0.051423741801163825
2026-02-15T01:42:21.124794,v4,0,0.96619579411275,0.03380420588724988
2026-02-15T01:42:21.144802,v4,0,0.8398647261342428,0.16013527386575727
2026-02-15T01:42:21.164796,v4,0,0.9489265757265626,0.05107342427343732
2026-02-15T01:42:21.185796,v4,0,0.8970546582360859,0.10294534176391419
2026-02-15T01:42:21.206815,v4,0,0.9493070713838395,0.05069292861616055
2026-02-15T01:42:21.226318,v4,0,0.9494039706086457,0.05059602939135435
2026-02-15T01:42:21.244317,v4,0,0.8203513634120151,0.17964863658798488
2026-02-15T01:42:21.263205,v4,0,0.8985245567188963,0.10147544328110389
2026-02-15T01:42:21.280206,v4,0,0.9096894030184938,0.09031059698150645
2026-02-15T01:42:21.298205,v4,0,0.963006563530919,0.03699343646908094
2026-02-15T01:42:21.319749,v4,0,0.9694795862219883,0.030520413778011797
2026-02-15T01:42:21.337761,v4,0,0.9646013232109472,0.03539867678905294
2026-02-15T01:42:21.355756,v4,0,0.9695243905629354,0.03047560943706454
2026-02-15T01:42:21.373753,v4,0,0.9683007649644881,0.031699235035511725
2026-02-15T01:42:21.392440,v4,0,0.9457276843532411,0.05427231564675881
2026-02-15T01:42:21.412448,v4,0,0.8841311519320694,0.11586884806793066
2026-02-15T01:42:21.434033,v4,0,0.7293671655662101,0.2706328344337898
2026-02-15T01:42:21.454963,v4,0,0.8621458532368013,0.13785414676319896
2026-02-15T01:42:21.474968,v4,0,0.938720060825843,0.06127993917415688
2026-02-15T01:42:21.494964,v4,0,0.9192448822327599,0.0807551177672402
2026-02-15T01:42:21.515486,v4,0,0.9086835610887942,0.09131643891120547
2026-02-15T01:42:21.534488,v4,0,0.8415906951671376,0.15840930483286245
2026-02-15T01:42:21.557482,v4,0,0.9030583240839148,0.09694167591608523
2026-02-15T01:42:21.577494,v4,0,0.9048166472369842,0.09518335276301554
2026-02-15T01:42:21.596485,v4,0,0.9015676270699363,0.09843237293006352
2026-02-15T01:42:21.614986,v4,1,0.0978031561461794,0.9021968438538207
2026-02-15T01:42:21.633991,v4,1,0.06708333333333333,0.9329166666666666
2026-02-15T01:42:21.656992,v4,0,0.9718125502369384,0.028187449763061735
2026-02-15T01:42:21.676917,v4,0,0.9711034349115073,0.02889656508849267
2026-02-15T01:42:21.699924,v4,0,0.8526030626023333,0.14739693739766663
2026-02-15T01:42:21.725660,v4,0,0.9778554038266702,0.022144596173329773
2026-02-15T01:42:21.745588,v4,0,0.9745972402544123,0.025402759745587703
2026-02-15T01:42:21.763597,v4,0,0.9745972402544123,0.025402759745587703
2026-02-15T01:42:21.782588,v4,0,0.9846436944355798,0.015356305564420143
2026-02-15T01:42:21.802614,v4,0,0.9745972402544123,0.025402759745587703
2026-02-15T01:42:21.821146,v4,0,0.9745972402544123,0.025402759745587703
2026-02-15T01:42:21.840152,v4,0,0.9641467056986008,0.035853294301399
2026-02-15T01:42:21.859148,v4,0,0.9846613428185149,0.015338657181485133
2026-02-15T01:42:21.878140,v4,0,0.9686204582807627,0.031379541719237125
2026-02-15T01:42:21.897208,v4,0,0.9734550808904003,0.02654491910959966
2026-02-15T01:42:21.919655,v4,0,0.9745590902746509,0.02544090972534916
2026-02-15T01:42:21.941655,v4,0,0.9845016678307874,0.01549833216921237
2026-02-15T01:42:21.961661,v4,0,0.9946479442980473,0.005352055701952615
2026-02-15T01:42:21.980666,v4,0,0.9746059318791747,0.025394068120825296
2026-02-15T01:42:22.001670,v4,0,0.9832765959566042,0.016723404043395763
2026-02-15T01:42:22.033050,v4,0,0.9736329016728589,0.02636709832714128
2026-02-15T01:42:22.062048,v4,0,0.9746059318791747,0.025394068120825296
2026-02-15T01:42:22.088055,v4,0,0.9746059318791747,0.025394068120825296
2026-02-15T01:42:22.108068,v4,0,0.9881231705326214,0.011876829467378098
2026-02-15T01:42:22.128601,v4,0,0.9845429660695854,0.015457033930414492
2026-02-15T01:42:22.149603,v4,0,0.9745731352184711,0.025426864781528936
2026-02-15T01:42:22.170597,v4,0,0.984607068633688,0.015392931366311929
2026-02-15T01:42:22.189596,v4,0,0.9727983382723437,0.02720166172765621
2026-02-15T01:42:22.207602,v4,0,0.9746059318791747,0.025394068120825296
2026-02-15T01:42:22.234821,v4,0,0.9745090326543685,0.0254909673456315
2026-02-15T01:42:22.256827,v4,0,0.9739317912709075,0.02606820872909259
2026-02-15T01:42:22.276822,v4,0,0.974499184559344,0.025500815440655904
2026-02-15T01:42:22.295827,v4,0,0.983353083908387,0.016646916091612812
2026-02-15T01:42:22.314827,v4,0,0.9693157746900583,0.03068422530994165
2026-02-15T01:42:22.334354,v4,0,0.9738064484864372,0.026193551513563108
2026-02-15T01:42:22.352420,v4,0,0.9193559688005521,0.0806440311994479
2026-02-15T01:42:22.372364,v4,0,0.8797780241758233,0.12022197582417687
2026-02-15T01:42:22.391352,v4,0,0.9882795234167525,0.011720476583247258
2026-02-15T01:42:22.411355,v4,0,0.9250761925052235,0.07492380749477634
2026-02-15T01:42:22.429871,v4,0,0.9744070371234467,0.02559296287655334
2026-02-15T01:42:22.450871,v4,0,0.9694398337841502,0.030560166215849702
2026-02-15T01:42:22.470871,v4,0,0.9544070371234468,0.04559296287655333
2026-02-15T01:42:22.490956,v4,0,0.9579715228979647,0.042028477102035264
2026-02-15T01:42:22.509890,v4,0,0.9437866276936399,0.056213372306360185
2026-02-15T01:42:22.528408,v4,0,0.938842793749806,0.061157206250194135
2026-02-15T01:42:22.546413,v4,0,0.8337455751592548,0.16625442484074518
2026-02-15T01:42:22.564414,v4,0,0.8103301616555734,0.18966983834442658
2026-02-15T01:42:22.584407,v4,0,0.9745830773016984,0.025416922698301706
2026-02-15T01:42:22.603429,v4,0,0.974419509540217,0.025580490459782942
2026-02-15T01:42:22.623964,v4,0,0.9478069834462477,0.05219301655375253
2026-02-15T01:42:22.641961,v4,0,0.9487954468350628,0.051204553164937064
2026-02-15T01:42:22.659933,v4,0,0.9597655665907997,0.04023443340920048
2026-02-15T01:42:22.677679,v4,0,0.9596356427245302,0.04036435727546992
2026-02-15T01:42:22.696254,v4,0,0.9571991367022948,0.042800863297704994
2026-02-15T01:42:22.715347,v4,0,0.9742458227994396,0.02575417720056037
2026-02-15T01:42:22.737368,v4,0,0.9844274916212798,0.015572508378720271
2026-02-15T01:42:22.756373,v4,0,0.9595027287537612,0.040497271246238975
2026-02-15T01:42:22.775373,v4,0,0.9494039706086457,0.05059602939135435
2026-02-15T01:42:22.792381,v4,0,0.9146852828698648,0.08531471713013523
2026-02-15T01:42:22.811388,v4,0,0.9576641117967937,0.042335888203206204
2026-02-15T01:42:22.832144,v4,0,0.9596024898051351,0.04039751019486503
2026-02-15T01:42:22.852076,v4,0,0.9743359007370895,0.025664099262910484
2026-02-15T01:42:22.872083,v4,0,0.9493843433948252,0.05061565660517475
2026-02-15T01:42:22.892083,v4,0,0.9844121098387224,0.01558789016127766
2026-02-15T01:42:22.913084,v4,0,0.9732936695010587,0.02670633049894129
2026-02-15T01:42:22.932763,v4,0,0.9226067191306359,0.07739328086936416
2026-02-15T01:42:22.952765,v4,0,0.9564381919527198,0.0435618080472801
2026-02-15T01:42:22.973775,v4,0,0.9546184348142636,0.04538156518573659
2026-02-15T01:42:22.992770,v4,0,0.727773803142239,0.27222619685776106
2026-02-15T01:42:23.010770,v4,0,0.9306903483278461,0.06930965167215368
2026-02-15T01:42:23.030294,v4,0,0.953870323031786,0.046129676968213934
2026-02-15T01:42:23.050294,v4,0,0.953870323031786,0.046129676968213934
2026-02-15T01:42:23.070293,v4,0,0.9539407455669974,0.04605925443300267
2026-02-15T01:42:23.090305,v4,0,0.9389407455669974,0.06105925443300266
2026-02-15T01:42:23.109379,v4,0,0.9536570659103148,0.046342934089685255
2026-02-15T01:42:23.128830,v4,0,0.9039796466708423,0.09602035332915762
2026-02-15T01:42:23.147829,v4,0,0.9237423523446615,0.07625764765533823
2026-02-15T01:42:23.166832,v4,0,0.9387801487773647,0.06121985122263521
2026-02-15T01:42:23.187830,v4,0,0.9114852769824929,0.088514723017507
2026-02-15T01:42:23.207831,v4,0,0.9107454087932321,0.08925459120676776
2026-02-15T01:42:23.228105,v4,0,0.8914833139036509,0.1085166860963489
2026-02-15T01:42:23.255179,v4,0,0.9052684348869096,0.0947315651130904
2026-02-15T01:42:23.276111,v4,0,0.9047168039781357,0.09528319602186416
2026-02-15T01:42:23.295111,v4,0,0.6782692764564421,0.321730723543558
2026-02-15T01:42:23.314120,v4,0,0.9726811900763452,0.027318809923654763
2026-02-15T01:42:23.334698,v4,0,0.9945346725806455,0.0054653274193544755
2026-02-15T01:42:23.354642,v4,0,0.8415468965461673,0.15845310345383268
2026-02-15T01:42:23.372639,v4,0,0.9787190182824415,0.021280981717558586
2026-02-15T01:42:23.391640,v4,0,0.9640839058052699,0.03591609419472978
2026-02-15T01:42:23.410659,v4,0,0.9734604342094582,0.02653956579054184
2026-02-15T01:42:23.430167,v4,0,0.9845483193886432,0.015451680611356678
2026-02-15T01:42:23.452169,v4,0,0.9800860879161829,0.019913912083816813
2026-02-15T01:42:23.473181,v4,0,0.9846613428185149,0.015338657181485133
2026-02-15T01:42:23.494168,v4,0,0.8653530626023332,0.13464693739766662
2026-02-15T01:42:23.514182,v4,0,0.9745590902746509,0.02544090972534916
2026-02-15T01:42:23.533831,v4,0,0.8166221814642833,0.18337781853571655
2026-02-15T01:42:23.553826,v4,0,0.8066129050264353,0.19338709497356443
2026-02-15T01:42:23.573834,v4,0,0.984840159330867,0.015159840669133045
2026-02-15T01:42:23.592834,v4,0,0.9153727397485716,0.08462726025142846
2026-02-15T01:42:23.621352,v4,0,0.9795719805817691,0.020428019418230782
2026-02-15T01:42:23.650413,v4,0,0.9260792855568121,0.07392071444318773
2026-02-15T01:42:23.680358,v4,0,0.9846700344432775,0.015329965556722724
2026-02-15T01:42:23.703029,v4,0,0.9746700344432773,0.025329965556722733
2026-02-15T01:42:23.723654,v4,0,0.9690896607004115,0.030910339299588467
2026-02-15T01:42:23.743648,v4,0,0.9766554750113918,0.023344524988608065
2026-02-15T01:42:23.770651,v4,0,0.994607068633688,0.0053929313663119306
2026-02-15T01:42:23.793648,v4,0,0.977712227862368,0.02228777213763197
2026-02-15T01:42:23.813667,v4,0,0.9726344444482703,0.027365555551729672
2026-02-15T01:42:23.833190,v4,0,0.9880865403541835,0.011913459645816287
2026-02-15T01:42:23.853183,v4,0,0.9945906415912951,0.0054093584087047605
2026-02-15T01:42:23.873183,v4,0,0.9745632871234468,0.02543671287655334
2026-02-15T01:42:23.893186,v4,0,0.9882719591202321,0.011728040879767683
2026-02-15T01:42:23.915260,v4,0,0.9745632871234468,0.02543671287655334
2026-02-15T01:42:23.935790,v4,0,0.9846601863482529,0.015339813651747134
2026-02-15T01:42:23.954784,v4,0,0.9370694712619638,0.0629305287380361
2026-02-15T01:42:23.973793,v4,0,0.9727386557587993,0.027261344241200792
2026-02-15T01:42:23.993796,v4,0,0.9729587156390389,0.02704128436096127
2026-02-15T01:42:24.013804,v4,0,0.8503367088357794,0.14966329116422064
2026-02-15T01:42:24.032346,v4,0,0.9743429345593441,0.025657065440655904
2026-02-15T01:42:24.051339,v4,0,0.9646307530525688,0.035369246947431404
2026-02-15T01:42:24.070340,v4,0,0.9496307530525688,0.0503692469474314
2026-02-15T01:42:24.087348,v4,0,0.964291654203317,0.03570834579668267
2026-02-15T01:42:24.105359,v4,0,0.9553913957204851,0.04460860427951482
2026-02-15T01:42:24.124877,v4,0,0.9734534538417309,0.02654654615826904
2026-02-15T01:42:24.144877,v4,0,0.9347976337522523,0.06520236624774772
2026-02-15T01:42:24.164885,v4,0,0.9662422652239403,0.03375773477605963
2026-02-15T01:42:24.183877,v4,0,0.944233813913923,0.05576618608607733
2026-02-15T01:42:24.202895,v4,0,0.9662063743933433,0.03379362560665647
2026-02-15T01:42:24.222401,v4,0,0.979757241389906,0.020242758610094076
2026-02-15T01:42:24.244401,v4,0,0.9494134821627235,0.05058651783727675
2026-02-15T01:42:24.265402,v4,0,0.9476303710807906,0.05236962891920951
2026-02-15T01:42:24.289399,v4,0,0.9594245324235977,0.0405754675764023
2026-02-15T01:42:24.313481,v4,0,0.9843099253635422,0.015690074636457805
2026-02-15T01:42:24.333000,v4,0,0.939771518076983,0.06022848192301689
2026-02-15T01:42:24.355005,v4,0,0.9526777511028197,0.047322248897180126
2026-02-15T01:42:24.375999,v4,0,0.9494039706086457,0.05059602939135435
2026-02-15T01:42:24.394005,v4,0,0.9489265757265626,0.05107342427343732
2026-02-15T01:42:24.413000,v4,0,0.9475995104722444,0.05240048952775548
2026-02-15T01:42:24.432547,v4,0,0.9593879219146823,0.04061207808531773
2026-02-15T01:42:24.451546,v4,0,0.9576697250440573,0.04233027495594266
2026-02-15T01:42:24.470514,v4,0,0.9744795862219883,0.025520413778011796
2026-02-15T01:42:24.494512,v4,0,0.9440769373680779,0.05592306263192213
2026-02-15T01:42:24.514512,v4,0,0.9530276990664396,0.046972300933560446
2026-02-15T01:42:24.534026,v4,0,0.9445543322501609,0.05544566774983916
2026-02-15T01:42:24.554021,v4,0,0.9476450916895165,0.05235490831048351
2026-02-15T01:42:24.574020,v4,0,0.9547547396641728,0.04524526033582718
2026-02-15T01:42:24.594020,v4,0,0.9422612705565094,0.05773872944349057
2026-02-15T01:42:24.613124,v4,0,0.8238927328598749,0.17610726714012528
2026-02-15T01:42:24.632585,v4,0,0.9694602879988328,0.030539712001167105
2026-02-15T01:42:24.653576,v4,0,0.9434105859892925,0.056589414010707474
2026-02-15T01:42:24.673587,v4,0,0.9438766430028948,0.05612335699710523
2026-02-15T01:42:24.694111,v4,0,0.9435149431760647,0.05648505682393537
2026-02-15T01:42:24.715153,v4,0,0.8940765458956484,0.10592345410435143
2026-02-15T01:42:24.733645,v4,0,0.8993223121147422,0.10067768788525766
2026-02-15T01:42:24.751637,v4,0,0.9038157573680985,0.09618424263190133
2026-02-15T01:42:24.771642,v4,0,0.8963519962579075,0.10364800374209246
2026-02-15T01:42:24.793639,v4,0,0.9114852769824929,0.088514723017507
2026-02-15T01:42:24.814660,v4,0,0.8864192113395484,0.11358078866045146
2026-02-15T01:42:24.833194,v4,0,0.9280706881608001,0.07192931183919977
2026-02-15T01:42:24.851189,v4,0,0.8948266920338088,0.10517330796619109
2026-02-15T01:42:24.870183,v4,0,0.8822180679744346,0.11778193202556539
2026-02-15T01:42:24.889252,v4,0,0.8197746667328129,0.1802253332671871
2026-02-15T01:42:24.909188,v4,0,0.9106737636850954,0.08932623631490445
2026-02-15T01:42:24.927694,v4,0,0.8907971778869288,0.1092028221130712
2026-02-15T01:42:24.949701,v4,0,0.8913903018680145,0.10860969813198537
2026-02-15T01:42:24.968695,v4,0,0.774807499034686,0.22519250096531385
2026-02-15T01:42:24.988695,v4,0,0.9795810087418007,0.020418991258199383
2026-02-15T01:42:25.010701,v4,0,0.9825266947242891,0.01747330527571089
2026-02-15T01:42:25.033221,v4,0,0.9796394980586396,0.020360501941360364
2026-02-15T01:42:25.053221,v4,0,0.9790914701017904,0.020908529898209346
2026-02-15T01:42:25.074278,v4,0,0.9745003410296061,0.025499658970393906
2026-02-15T01:42:25.097230,v4,0,0.9636258115998204,0.036374188400179315
2026-02-15T01:42:25.116240,v4,0,0.9832698427381317,0.016730157261868214
2026-02-15T01:42:25.136268,v4,0,0.9833354672101479,0.016664532789851964
2026-02-15T01:42:25.173269,v4,0,0.969146705698601,0.030853294301398996
2026-02-15T01:42:25.203280,v4,0,0.9845429660695854,0.015457033930414492
2026-02-15T01:42:25.233855,v4,0,0.9448716999269139,0.055128300073086105
2026-02-15T01:42:25.253789,v4,0,0.9746559894994572,0.025344010500542958
2026-02-15T01:42:25.271788,v4,0,0.9846559894994571,0.015344010500542949
2026-02-15T01:42:25.292784,v4,0,0.9726344444482703,0.027365555551729672
2026-02-15T01:42:25.318330,v4,0,0.984607068633688,0.015392931366311929
2026-02-15T01:42:25.342337,v4,0,0.9846700344432775,0.015329965556722724
2026-02-15T01:42:25.360332,v4,0,0.9367379141048857,0.06326208589511405
2026-02-15T01:42:25.379329,v4,0,0.994607068633688,0.0053929313663119306
2026-02-15T01:42:25.398330,v4,0,0.9776142496151258,0.022385750384874146
2026-02-15T01:42:25.417334,v4,0,0.985615606236101,0.014384393763898521
2026-02-15T01:42:25.435844,v4,0,0.9728147644259579,0.027185235574042014
2026-02-15T01:42:25.453850,v4,0,0.9745090326543685,0.0254909673456315
2026-02-15T01:42:25.471844,v4,0,0.9845429660695854,0.015457033930414492
2026-02-15T01:42:25.488776,v4,0,0.9745090326543685,0.0254909673456315
2026-02-15T01:42:25.506747,v4,0,0.9846700344432775,0.015329965556722724
2026-02-15T01:42:25.527271,v4,0,0.9192615300503,0.08073846994969984
2026-02-15T01:42:25.548271,v4,0,0.9721319141289569,0.02786808587104285
2026-02-15T01:42:25.568282,v4,0,0.9775917722295314,0.02240822777046847
2026-02-15T01:42:25.587277,v4,0,0.9737518131095849,0.026248186890415096
2026-02-15T01:42:25.606290,v4,0,0.9845265390271924,0.015473460972807324
2026-02-15T01:42:25.625812,v4,0,0.95747590295875,0.04252409704124993
2026-02-15T01:42:25.647808,v4,0,0.9543641052305667,0.04563589476943326
2026-02-15T01:42:25.668817,v4,0,0.9744455115423669,0.025554488457633192
2026-02-15T01:42:25.693810,v4,0,0.9789552435439832,0.021044756456016764
2026-02-15T01:42:25.718844,v4,0,0.9742776748028664,0.025722325197133293
2026-02-15T01:42:25.744843,v4,0,0.9625240790093932,0.03747592099060674
2026-02-15T01:42:25.768841,v4,0,0.9694878876542894,0.030512112345710517
2026-02-15T01:42:25.792848,v4,0,0.9569268765845189,0.04307312341548109
2026-02-15T01:42:25.812867,v4,0,0.959634719455214,0.040365280544786185
2026-02-15T01:42:25.837377,v4,0,0.944750744133934,0.0552492558660659
2026-02-15T01:42:25.858376,v4,0,0.958260597630153,0.04173940236984696
2026-02-15T01:42:25.878371,v4,0,0.9734561830993728,0.026543816900627116
2026-02-15T01:42:25.897378,v4,0,0.9494764469239471,0.050523553076053024
2026-02-15T01:42:25.921916,v4,0,0.9595572974547898,0.0404427025452102
2026-02-15T01:42:25.941912,v4,0,0.8477643926959909,0.1522356073040092
2026-02-15T01:42:25.961910,v4,0,0.9843564986883081,0.0156435013116919
2026-02-15T01:42:25.982910,v4,0,0.9844558202331778,0.015544179766822253
2026-02-15T01:42:26.000910,v4,0,0.9237499421080239,0.07625005789197631
2026-02-15T01:42:26.020423,v4,0,0.9743359007370895,0.025664099262910484
2026-02-15T01:42:26.042423,v4,0,0.8253420869741671,0.17465791302583278
2026-02-15T01:42:26.069423,v4,0,0.971257623539675,0.028742376460324893
2026-02-15T01:42:26.091423,v4,0,0.9496894401903725,0.050310559809627495
2026-02-15T01:42:26.114450,v4,0,0.9583101571428227,0.04168984285717722
2026-02-15T01:42:26.133950,v4,0,0.9532517365333305,0.046748263466669465
2026-02-15T01:42:26.153953,v4,0,0.8425128541857131,0.15748714581428694
2026-02-15T01:42:26.173970,v4,0,0.9440769373680779,0.05592306263192213
2026-02-15T01:42:26.195960,v4,0,0.9432827736265468,0.056717226373453104
2026-02-15T01:42:26.214967,v4,0,0.8621351236230674,0.13786487637693287
2026-02-15T01:42:26.233476,v4,0,0.952857048928922,0.04714295107107792
2026-02-15T01:42:26.252483,v4,0,0.9493856381034094,0.05061436189659042
2026-02-15T01:42:26.271484,v4,0,0.9400511205188603,0.05994887948113964
2026-02-15T01:42:26.290541,v4,0,0.9796247365698462,0.020375263430153917
2026-02-15T01:42:26.312634,v4,0,0.908136832734981,0.09186316726501892
2026-02-15T01:42:26.336091,v4,0,0.9140765458956485,0.08592345410435144
2026-02-15T01:42:26.358087,v4,0,0.9033693034268887,0.09663069657311116
2026-02-15T01:42:26.380086,v4,0,0.8812572558213931,0.11874274417860678
2026-02-15T01:42:26.401087,v4,0,0.8579377516869228,0.14206224831307715
2026-02-15T01:42:26.421589,v4,0,0.824539216579166,0.17546078342083404
2026-02-15T01:42:26.440589,v4,0,0.9015035245058337,0.0984964754941661
2026-02-15T01:42:26.458664,v4,0,0.9103653341117157,0.08963466588828421
2026-02-15T01:42:26.477591,v4,0,0.9254818938384769,0.0745181061615231
2026-02-15T01:42:26.495597,v4,0,0.8562821524556421,0.14371784754435807
2026-02-15T01:42:26.514603,v4,0,0.9178778057670445,0.08212219423295541
2026-02-15T01:42:26.534125,v4,0,0.8722821705385373,0.12771782946146282
2026-02-15T01:42:26.553125,v4,1,0.0775,0.9225
2026-02-15T01:42:26.574143,v4,0,0.9823250390179509,0.017674960982049095
2026-02-15T01:42:26.594131,v4,0,0.9874991297867364,0.012500870213263566
2026-02-15T01:42:26.614134,v4,0,0.9724450358013215,0.027554964198678505
2026-02-15T01:42:26.633638,v4,0,0.9782459900891288,0.021754009910871123
2026-02-15T01:42:26.653644,v4,0,0.9848320769493489,0.015167923050651044
2026-02-15T01:42:26.672638,v4,0,0.9740527012766185,0.025947298723381574
2026-02-15T01:42:26.690644,v4,0,0.9330116711290674,0.06698832887093262
2026-02-15T01:42:26.713034,v4,0,0.9846613428185149,0.015338657181485133
2026-02-15T01:42:26.749551,v4,0,0.9746613428185149,0.02533865718148514
2026-02-15T01:42:26.775549,v4,0,0.9845483193886432,0.015451680611356678
2026-02-15T01:42:26.796606,v4,0,0.9884490582034213,0.011550941796578472
2026-02-15T01:42:26.815623,v4,0,0.9114063974812958,0.088593602518704
2026-02-15T01:42:26.834198,v4,0,0.9744949877105483,0.025505012289451724
2026-02-15T01:42:26.857143,v4,0,0.9896220382020516,0.010377961797948438
2026-02-15T01:42:26.879131,v4,0,0.9746059318791747,0.025394068120825296
2026-02-15T01:42:26.904150,v4,0,0.9846700344432775,0.015329965556722724
2026-02-15T01:42:26.923654,v4,0,0.8512968965461672,0.1487031034538327
2026-02-15T01:42:26.943653,v4,0,0.9734691258342206,0.026530874165779435
2026-02-15T01:42:26.962654,v4,0,0.9681733412333483,0.03182665876665131
2026-02-15T01:42:26.983655,v4,0,0.9745090326543685,0.0254909673456315
2026-02-15T01:42:27.002660,v4,0,0.9691553973233633,0.030844602676636593
2026-02-15T01:42:27.022201,v4,0,0.9728147644259579,0.027185235574042014
2026-02-15T01:42:27.042203,v4,0,0.9833725498265866,0.01662745017341325
2026-02-15T01:42:27.061194,v4,0,0.8754975119062125,0.12450248809378746
2026-02-15T01:42:27.083195,v4,0,0.9881281153555497,0.011871884644450001
2026-02-15T01:42:27.106201,v4,0,0.933904781778248,0.06609521822175175
2026-02-15T01:42:27.125708,v4,0,0.9722684284333073,0.027731571566692738
2026-02-15T01:42:27.144708,v4,0,0.9882719591202321,0.011728040879767683
2026-02-15T01:42:27.163712,v4,0,0.9400004406131487,0.05999955938685129
2026-02-15T01:42:27.183712,v4,0,0.9748508310716839,0.02514916892831615
2026-02-15T01:42:27.208725,v4,0,0.9886314793064689,0.011368520693530995
2026-02-15T01:42:27.228237,v4,0,0.9350004406131487,0.06499955938685129
2026-02-15T01:42:27.248240,v4,0,0.9541984914469026,0.045801508553097225
2026-02-15T01:42:27.268230,v4,0,0.9845039363482528,0.015496063651747135
2026-02-15T01:42:27.288224,v4,0,0.9733126660185494,0.02668733398145054
2026-02-15T01:42:27.308357,v4,0,0.9733226707347699,0.02667732926522999
2026-02-15T01:42:27.327887,v4,0,0.9569147700469885,0.04308522995301136
2026-02-15T01:42:27.347884,v4,0,0.916927859025807,0.08307214097419308
2026-02-15T01:42:27.367887,v4,0,0.8574954493806856,0.14250455061931452
2026-02-15T01:42:27.391881,v4,0,0.9494764469239471,0.050523553076053024
2026-02-15T01:42:27.414894,v4,0,0.9598280934362868,0.040171906563713285
2026-02-15T01:42:27.434429,v4,0,0.9494764469239471,0.050523553076053024
2026-02-15T01:42:27.454423,v4,0,0.9845858065593402,0.015414193440659784
2026-02-15T01:42:27.473429,v4,0,0.9486432019278616,0.05135679807213862
2026-02-15T01:42:27.494431,v4,0,0.9494434222824839,0.050556577717516274
2026-02-15T01:42:27.512435,v4,0,0.9784431554952083,0.021556844504791686
2026-02-15T01:42:27.532977,v4,0,0.9784693335056796,0.021530666494320484
2026-02-15T01:42:27.551971,v4,0,0.9488200700708722,0.05117992992912782
2026-02-15T01:42:27.570976,v4,0,0.974329156132773,0.025670843867227032
2026-02-15T01:42:27.590979,v4,0,0.9526777511028197,0.047322248897180126
2026-02-15T01:42:27.612978,v4,0,0.9731919386544419,0.02680806134555797
2026-02-15T01:42:27.634498,v4,0,0.9523828695675078,0.04761713043249184
2026-02-15T01:42:27.653498,v4,0,0.9594680731727483,0.04053192682725178
2026-02-15T01:42:27.671498,v4,0,0.8930558188445482,0.1069441811554517
2026-02-15T01:42:27.690492,v4,0,0.9443258540779863,0.05567414592201378
2026-02-15T01:42:27.709511,v4,0,0.9558263588261071,0.044173641173892664
2026-02-15T01:42:27.729571,v4,0,0.9795436887860909,0.020456311213909232
2026-02-15T01:42:27.751568,v4,0,0.9593744616000331,0.040625538399966576
2026-02-15T01:42:27.772576,v4,0,0.9372019373680779,0.06279806263192213
2026-02-15T01:42:27.792576,v4,0,0.9635417722554199,0.03645822774458012
2026-02-15T01:42:27.812590,v4,0,0.9432825284513242,0.0567174715486757
2026-02-15T01:42:27.833682,v4,0,0.9695243905629354,0.03047560943706454
2026-02-15T01:42:27.855687,v4,0,0.9694602879988328,0.030539712001167105
2026-02-15T01:42:27.876687,v4,0,0.954075162199384,0.04592483780061591
2026-02-15T01:42:27.898687,v4,0,0.9546095313995784,0.04539046860042158
2026-02-15T01:42:27.918701,v4,0,0.9281824771232617,0.07181752287673832
2026-02-15T01:42:27.938014,v4,0,0.8245406575013561,0.1754593424986438
2026-02-15T01:42:27.960014,v4,0,0.7066177327203381,0.2933822672796618
2026-02-15T01:42:27.979014,v4,0,0.8965035245058337,0.10349647549416609
2026-02-15T01:42:27.997073,v4,0,0.8963223121147422,0.10367768788525768
2026-02-15T01:42:28.016027,v4,0,0.905204332322807,0.09479566767719297
2026-02-15T01:42:28.033537,v4,0,0.8830954042553502,0.11690459574464984
2026-02-15T01:42:28.053547,v4,0,0.8848266920338087,0.11517330796619107
2026-02-15T01:42:28.073552,v4,0,0.926374750981334,0.07362524901866596
2026-02-15T01:42:28.094537,v4,0,0.8810424740265161,0.11895752597348397
2026-02-15T01:42:28.114569,v4,0,0.914605987581012,0.08539401241898814
2026-02-15T01:42:28.134091,v4,0,0.8813731294185899,0.11862687058140996
2026-02-15T01:42:28.153090,v4,0,0.8066342844342184,0.1933657155657815
2026-02-15T01:42:28.172084,v4,1,0.065,0.935
2026-02-15T01:42:28.190091,v4,0,0.7668324584502706,0.23316754154972943
2026-02-15T01:42:28.209109,v4,0,0.7696476189444256,0.2303523810555743
2026-02-15T01:42:28.227606,v4,0,0.7516692259871701,0.24833077401283002
2026-02-15T01:42:28.256604,v4,0,0.9766914888178445,0.023308511182155538
2026-02-15T01:42:28.289603,v4,0,0.979575395494537,0.020424604505462927
2026-02-15T01:42:28.319268,v4,0,0.9745972402544123,0.025402759745587703
2026-02-15T01:42:28.339289,v4,0,0.9746613428185149,0.02533865718148514
2026-02-15T01:42:28.358279,v4,0,0.9702924782664872,0.02970752173351264
2026-02-15T01:42:28.379279,v4,0,0.969080969075649,0.030919030924350874
2026-02-15T01:42:28.404282,v4,0,0.988025217011877,0.011974782988122847
2026-02-15T01:42:28.427817,v4,0,0.9636258115998204,0.036374188400179315
2026-02-15T01:42:28.446827,v4,0,0.9736242100480963,0.026375789951903688
2026-02-15T01:42:28.467822,v4,0,0.9774670479577077,0.022532952042292234
2026-02-15T01:42:28.488823,v4,0,0.9737476162607892,0.02625238373921091
2026-02-15T01:42:28.508828,v4,0,0.9745918869353545,0.02540811306464552
2026-02-15T01:42:28.530352,v4,0,0.9832644894190739,0.016735510580926028
2026-02-15T01:42:28.549352,v4,0,0.9833725498265866,0.01662745017341325
2026-02-15T01:42:28.567352,v4,0,0.9734691258342206,0.026530874165779435
2026-02-15T01:42:28.586353,v4,0,0.9746059318791747,0.025394068120825296
2026-02-15T01:42:28.605351,v4,0,0.9845429660695854,0.015457033930414492
2026-02-15T01:42:28.626417,v4,0,0.9782546817138912,0.021745318286108716
2026-02-15T01:42:28.647411,v4,0,0.9846700344432775,0.015329965556722724
2026-02-15T01:42:28.666417,v4,0,0.9211354516129782,0.07886454838702167
2026-02-15T01:42:28.685413,v4,0,0.9735760198941414,0.026423980105858544
2026-02-15T01:42:28.704413,v4,0,0.9740613929013808,0.02593860709861916
2026-02-15T01:42:28.723449,v4,0,0.9746059318791747,0.025394068120825296
2026-02-15T01:42:28.743449,v4,0,0.9641553973233633,0.03584460267663659
2026-02-15T01:42:28.767523,v4,0,0.9832644894190739,0.016735510580926028
2026-02-15T01:42:28.787448,v4,0,0.984607068633688,0.015392931366311929
2026-02-15T01:42:28.806456,v4,0,0.9734691258342206,0.026530874165779435
2026-02-15T01:42:28.825970,v4,0,0.9896262350508473,0.010373764949152623
2026-02-15T01:42:28.845971,v4,0,0.9743595044400475,0.025640495559952736
2026-02-15T01:42:28.865969,v4,0,0.9291120663615279,0.07088793363847228
2026-02-15T01:42:28.884969,v4,0,0.9727758608867495,0.027224139113250535
2026-02-15T01:42:28.906983,v4,0,0.8289802009003874,0.17101979909961273
2026-02-15T01:42:28.934506,v4,0,0.9783302435439832,0.021669756456016764
2026-02-15T01:42:28.957503,v4,0,0.9300004406131487,0.06999955938685129
2026-02-15T01:42:28.976503,v4,0,0.9724825518132262,0.027517448186773697
2026-02-15T01:42:28.995506,v4,0,0.9590305301326641,0.040969469867335774
2026-02-15T01:42:29.015520,v4,0,0.9595039363482529,0.040496063651747134
2026-02-15T01:42:29.035048,v4,0,0.958129814523192,0.0418701854768079
2026-02-15T01:42:29.054041,v4,0,0.9744522941947373,0.025547705805262656
2026-02-15T01:42:29.073040,v4,0,0.9595039363482529,0.040496063651747134
2026-02-15T01:42:29.094040,v4,0,0.9733887407581774,0.02661125924182241
2026-02-15T01:42:29.114122,v4,0,0.9574292462629691,0.04257075373703068
2026-02-15T01:42:29.135588,v4,0,0.9526338048374136,0.047366195162586305
2026-02-15T01:42:29.159571,v4,0,0.9732699976918601,0.026730002308139898
2026-02-15T01:42:29.179571,v4,0,0.9745858065593402,0.02541419344065978
2026-02-15T01:42:29.199574,v4,0,0.9596374487128558,0.04036255128714426
2026-02-15T01:42:29.220076,v4,0,0.9692610827606762,0.03073891723932364
2026-02-15T01:42:29.239087,v4,0,0.9495075248465865,0.050492475153413714
2026-02-15T01:42:29.258079,v4,0,0.949669036649485,0.05033096335051524
2026-02-15T01:42:29.278086,v4,0,0.9731169165348962,0.02688308346510369
2026-02-15T01:42:29.298088,v4,0,0.9493615675170579,0.05063843248294229
2026-02-15T01:42:29.317095,v4,0,0.9492974649529553,0.05070253504704485
2026-02-15T01:42:29.336612,v4,0,0.974329156132773,0.025670843867227032
2026-02-15T01:42:29.355980,v4,0,0.9733361694236727,0.026663830576327197
2026-02-15T01:42:29.377003,v4,0,0.9447946903993402,0.055205309600659704
2026-02-15T01:42:29.396614,v4,0,0.9731771463717945,0.02682285362820556
2026-02-15T01:42:29.416419,v4,0,0.9489884996984831,0.051011500301516924
2026-02-15T01:42:29.443117,v4,0,0.9786555652894832,0.02134443471051676
2026-02-15T01:42:29.464128,v4,0,0.9596013232109472,0.040398676789052936
2026-02-15T01:42:29.482120,v4,0,0.9376833643500834,0.0623166356499166
2026-02-15T01:42:29.500028,v4,0,0.967930396021342,0.03206960397865796
2026-02-15T01:42:29.518001,v4,0,0.9694583997813102,0.030541600218689763
2026-02-15T01:42:29.537730,v4,0,0.9443553852639216,0.05564461473607846
2026-02-15T01:42:29.555764,v4,0,0.9427858999759015,0.05721410002409855
2026-02-15T01:42:29.573772,v4,0,0.953870323031786,0.046129676968213934
2026-02-15T01:42:29.590765,v4,0,0.9566636340353049,0.04333636596469516
2026-02-15T01:42:29.608785,v4,0,0.9795243905629354,0.020475609437064543
2026-02-15T01:42:29.629283,v4,0,0.9540533354946306,0.045946664505369446
2026-02-15T01:42:29.652292,v4,0,0.9495885669666374,0.050411433033362624
2026-02-15T01:42:29.672284,v4,0,0.9039155441067396,0.09608445589326019
2026-02-15T01:42:29.693285,v4,0,0.8975433946769839,0.10245660532301615
2026-02-15T01:42:29.711450,v4,0,0.8894192113395484,0.11058078866045147
2026-02-15T01:42:29.731421,v4,0,0.9346472717115859,0.06535272828841386
2026-02-15T01:42:29.751435,v4,0,0.8459005381522108,0.15409946184778925
2026-02-15T01:42:29.773435,v4,0,0.8914192113395484,0.10858078866045147
2026-02-15T01:42:29.793429,v4,0,0.8812664892755042,0.11873351072449591
2026-02-15T01:42:29.812431,v4,0,0.8911668110727221,0.10883318892727764
2026-02-15T01:42:29.832090,v4,0,0.85340627741545,0.14659372258454986
2026-02-15T01:42:29.851021,v4,0,0.9204177912743742,0.07958220872562567
2026-02-15T01:42:29.871016,v4,1,0.12369601328903654,0.8763039867109634
2026-02-15T01:42:29.891016,v4,0,0.9791637244370506,0.02083627556294923
2026-02-15T01:42:29.910100,v4,0,0.9718069369896747,0.02819306301032528
2026-02-15T01:42:29.930603,v4,0,0.9728468438098226,0.027153156190177344
2026-02-15T01:42:29.963618,v4,0,0.9203619478834228,0.07963805211657723
2026-02-15T01:42:29.994678,v4,0,0.9319666480758957,0.06803335192410415
2026-02-15T01:42:30.023199,v4,0,0.9840839058052699,0.015916094194729773
2026-02-15T01:42:30.042193,v4,0,0.8116129050264353,0.18838709497356443
2026-02-15T01:42:30.061120,v4,0,0.9722955214645606,0.02770447853543943
2026-02-15T01:42:30.080127,v4,0,0.9832733008252501,0.016726699174749705
2026-02-15T01:42:30.103123,v4,0,0.9211354516129784,0.07886454838702167
2026-02-15T01:42:30.124637,v4,0,0.9832547869200274,0.01674521307997237
2026-02-15T01:42:30.145636,v4,0,0.9830438980564099,0.01695610194358991
2026-02-15T01:42:30.165636,v4,0,0.9727647482591162,0.027235251740883825
2026-02-15T01:42:30.185646,v4,0,0.9703187930038003,0.02968120699619954
2026-02-15T01:42:30.204636,v4,0,0.9746059318791747,0.025394068120825296
2026-02-15T01:42:30.224148,v4,0,0.9638796817138912,0.03612031828610872
2026-02-15T01:42:30.247154,v4,0,0.9167471905427337,0.08325280945726617
2026-02-15T01:42:30.266147,v4,0,0.9846700344432775,0.015329965556722724
2026-02-15T01:42:30.287150,v4,0,0.9723378097492276,0.027662190250772354
2026-02-15T01:42:30.308151,v4,0,0.9727787932029364,0.0272212067970636
2026-02-15T01:42:30.328656,v4,0,0.9746059318791747,0.025394068120825296
2026-02-15T01:42:30.349658,v4,0,0.9734822952811037,0.026517704718896203
2026-02-15T01:42:30.368658,v4,0,0.9746059318791747,0.025394068120825296
2026-02-15T01:42:30.387664,v4,0,0.9884861408198602,0.011513859180139753
2026-02-15T01:42:30.406822,v4,0,0.974840159330867,0.02515984066913305
2026-02-15T01:42:30.426258,v4,0,0.9745090326543685,0.0254909673456315
2026-02-15T01:42:30.451304,v4,0,0.9832644894190739,0.016735510580926028
2026-02-15T01:42:30.475268,v4,0,0.9792549828306447,0.020745017169355222
2026-02-15T01:42:30.500256,v4,0,0.9845265390271924,0.015473460972807324
2026-02-15T01:42:30.519264,v4,0,0.9777386557587993,0.02226134424120079
2026-02-15T01:42:30.538839,v4,0,0.9745960837841503,0.0254039162158497
2026-02-15T01:42:30.558777,v4,0,0.9834465751610864,0.016553424838913512
2026-02-15T01:42:30.577784,v4,0,0.9736104242872645,0.026389575712735605
2026-02-15T01:42:30.597078,v4,0,0.9744455115423669,0.025554488457633192
2026-02-15T01:42:30.617148,v4,0,0.9722998006079638,0.027700199392036468
2026-02-15T01:42:30.636163,v4,0,0.9843913185849812,0.015608681415018753
2026-02-15T01:42:30.655166,v4,1,0.06208333333333333,0.9379166666666666
2026-02-15T01:42:30.676164,v4,0,0.973218092514768,0.02678190748523209
2026-02-15T01:42:30.697170,v4,0,0.973136485327257,0.026863514672742773
2026-02-15T01:42:30.716191,v4,0,0.9494398337841503,0.05056016621584969
2026-02-15T01:42:30.734521,v4,0,0.949342934559344,0.05065706544065589
2026-02-15T01:42:30.752515,v4,0,0.947757565689418,0.052242434310581974
2026-02-15T01:42:30.770509,v4,0,0.9167137548117029,0.0832862451882973
2026-02-15T01:42:30.788976,v4,0,0.9581677175774209,0.04183228242257898
2026-02-15T01:42:30.809990,v4,0,0.98458732182002,0.015412678179980115
2026-02-15T01:42:30.828851,v4,0,0.9596374487128558,0.04036255128714426
2026-02-15T01:42:30.846861,v4,0,0.9476927001512216,0.052307299848778334
2026-02-15T01:42:30.864851,v4,0,0.9587130267802244,0.0412869732197756
2026-02-15T01:42:30.883856,v4,0,0.9690839420486576,0.03091605795134218
2026-02-15T01:42:30.904851,v4,0,0.7928414126421793,0.20715858735782075
2026-02-15T01:42:30.923390,v4,0,0.9742458227994396,0.02575417720056037
2026-02-15T01:42:30.942402,v4,0,0.9592814162589919,0.04071858374100822
2026-02-15T01:42:30.964403,v4,0,0.9646773336528424,0.03532266634715776
2026-02-15T01:42:30.984382,v4,0,0.9494039706086457,0.05059602939135435
2026-02-15T01:42:31.006413,v4,0,0.9493202408307226,0.05067975916927732
2026-02-15T01:42:31.026934,v4,0,0.8378369483564652,0.16216305164353503
2026-02-15T01:42:31.046018,v4,0,0.9580276990664396,0.04197230093356045
2026-02-15T01:42:31.065931,v4,0,0.8874521903784227,0.11254780962157744
2026-02-15T01:42:31.084936,v4,0,0.9444574330253548,0.05554256697464535
2026-02-15T01:42:31.103936,v4,0,0.944262122553263,0.05573787744673694
2026-02-15T01:42:31.122463,v4,0,0.9443553852639216,0.05564461473607846
2026-02-15T01:42:31.141464,v4,0,0.9586267776229207,0.04137322237707937
2026-02-15T01:42:31.162543,v4,0,0.953870323031786,0.046129676968213934
2026-02-15T01:42:31.181474,v4,0,0.9438062204676834,0.056193779532316496
2026-02-15T01:42:31.202465,v4,0,0.8288419201227666,0.17115807987723353
2026-02-15T01:42:31.222977,v4,0,0.9453233832288261,0.05467661677117385
2026-02-15T01:42:31.242701,v4,0,0.9434105859892925,0.056589414010707474
2026-02-15T01:42:31.262239,v4,0,0.9138011056713471,0.08619889432865295
2026-02-15T01:42:31.281233,v4,0,0.9132512711703736,0.08674872882962614
2026-02-15T01:42:31.300284,v4,0,0.898983853654435,0.10101614634556487
2026-02-15T01:42:31.319308,v4,0,0.8515906951671376,0.14840930483286244
2026-02-15T01:42:31.338810,v4,0,0.8992393659222023,0.10076063407779767
2026-02-15T01:42:31.359872,v4,0,0.9007342937366029,0.09926570626339686
2026-02-15T01:42:31.379811,v4,0,0.9157494318887792,0.08425056811122084
2026-02-15T01:42:31.399817,v4,0,0.9114980516375774,0.08850194836242269
2026-02-15T01:42:31.418822,v4,0,0.8880954042553502,0.11190459574464985
2026-02-15T01:42:31.437338,v4,1,0.0825,0.9175
2026-02-15T01:42:31.455337,v4,1,0.0825,0.9175
2026-02-15T01:42:31.477344,v4,0,0.8301185858455321,0.1698814141544677
2026-02-15T01:42:31.500331,v4,0,0.9056737636850954,0.09432623631490447
2026-02-15T01:42:31.518335,v4,0,0.8607836517407683,0.13921634825923138
2026-02-15T01:42:31.537482,v4,0,0.8115373852094122,0.1884626147905877
2026-02-15T01:42:31.562483,v4,1,0.05,0.95
2026-02-15T01:42:31.581479,v4,0,0.7866820671546282,0.21331793284537195
2026-02-15T01:42:31.599477,v4,0,0.7695750640949456,0.2304249359050543
2026-02-15T01:42:31.618512,v4,0,0.8166436091694284,0.18335639083057156
2026-02-15T01:42:31.640078,v4,1,0.06652173913043478,0.9334782608695653
2026-02-15T01:42:31.658006,v4,1,0.065,0.935
2026-02-15T01:42:31.676006,v4,0,0.8015373852094122,0.19846261479058772
2026-02-15T01:42:31.697007,v4,0,0.8213345053274229,0.17866549467257703
2026-02-15T01:42:31.718021,v4,1,0.06652173913043478,0.9334782608695653
2026-02-15T01:42:31.738529,v4,0,0.7965373852094122,0.20346261479058772
2026-02-15T01:42:31.760522,v4,0,0.8016342844342184,0.1983657155657815
2026-02-15T01:42:31.779523,v4,0,0.8016342844342184,0.1983657155657815
2026-02-15T01:42:31.809526,v4,0,0.7718800538841663,0.22811994611583386
2026-02-15T01:42:31.830551,v4,0,0.9796451113059033,0.02035488869409682
2026-02-15T01:42:31.862549,v4,0,0.9844705700165428,0.015529429983457037
2026-02-15T01:42:31.889553,v4,0,0.984674512265398,0.015325487734601904
2026-02-15T01:42:31.917576,v4,0,0.8716650043367109,0.12833499566328924
2026-02-15T01:42:31.938767,v4,0,0.9848320769493489,0.015167923050651044
2026-02-15T01:42:31.959769,v4,0,0.9798455126499248,0.020154487350075235
2026-02-15T01:42:31.979773,v4,0,0.9918975660431151,0.008102433956884742
2026-02-15T01:42:32.005767,v4,0,0.9745003410296061,0.025499658970393906
2026-02-15T01:42:32.029023,v4,0,0.9848320769493489,0.015167923050651044
2026-02-15T01:42:32.048023,v4,0,0.9882758213694207,0.011724178630579087
2026-02-15T01:42:32.067017,v4,0,0.9782459900891288,0.021754009910871123
2026-02-15T01:42:32.086023,v4,0,0.921340477418721,0.07865952258127877
2026-02-15T01:42:32.106023,v4,0,0.9642688197504622,0.035731180249537635
2026-02-15T01:42:32.125567,v4,0,0.9679279574163422,0.032072042583657624
2026-02-15T01:42:32.144567,v4,0,0.9734691258342206,0.026530874165779435
2026-02-15T01:42:32.161566,v4,0,0.984607068633688,0.015392931366311929
2026-02-15T01:42:32.179704,v4,0,0.9732546817138912,0.026745318286108714
2026-02-15T01:42:32.197679,v4,0,0.8116221814642833,0.18837781853571656
2026-02-15T01:42:32.218677,v4,0,0.9845429660695854,0.015457033930414492
2026-02-15T01:42:32.239432,v4,0,0.9745731352184711,0.025426864781528936
2026-02-15T01:42:32.258433,v4,0,0.984607068633688,0.015392931366311929
2026-02-15T01:42:32.276443,v4,0,0.9846700344432775,0.015329965556722724
2026-02-15T01:42:32.293438,v4,0,0.9745090326543685,0.0254909673456315
2026-02-15T01:42:32.312461,v4,0,0.9745731352184711,0.025426864781528936
2026-02-15T01:42:32.331977,v4,0,0.9736329016728589,0.02636709832714128
2026-02-15T01:42:32.350977,v4,0,0.9884986499393087,0.011501350060691234
2026-02-15T01:42:32.370977,v4,0,0.9846700344432775,0.015329965556722724
2026-02-15T01:42:32.388977,v4,0,0.9745960837841503,0.0254039162158497
2026-02-15T01:42:32.406986,v4,0,0.9390326052724113,0.06096739472758874
2026-02-15T01:42:32.426502,v4,0,0.9729560628790018,0.027043937120998188
2026-02-15T01:42:32.446503,v4,0,0.9746601863482529,0.025339813651747138
2026-02-15T01:42:32.474504,v4,0,0.9731029464082697,0.026897053591730506
2026-02-15T01:42:32.494509,v4,0,0.9744455115423669,0.025554488457633192
2026-02-15T01:42:32.517508,v4,0,0.9736235937341478,0.026376406265852373
2026-02-15T01:42:32.542027,v4,0,0.9845906415912951,0.01540935840870476
2026-02-15T01:42:32.562027,v4,0,0.974499184559344,0.025500815440655904
2026-02-15T01:42:32.582027,v4,0,0.9845039363482528,0.015496063651747135
2026-02-15T01:42:32.602025,v4,0,0.9843881916306345,0.015611808369365219
2026-02-15T01:42:32.620159,v4,0,0.8066058276977293,0.19339417230227057
2026-02-15T01:42:32.639673,v4,0,0.9580849765862743,0.04191502341372568
2026-02-15T01:42:32.657667,v4,0,0.9640006076934802,0.035999392306519454
2026-02-15T01:42:32.676725,v4,0,0.9573932750399475,0.042606724960052265
2026-02-15T01:42:32.697678,v4,0,0.9597914086422279,0.04020859135777233
2026-02-15T01:42:32.717682,v4,0,0.892162746706195,0.10783725329380502
2026-02-15T01:42:32.738840,v4,0,0.9634936259065101,0.03650637409348993
2026-02-15T01:42:32.758839,v4,0,0.9526160641778292,0.047383935822170827
2026-02-15T01:42:32.778840,v4,0,0.9495733461487532,0.050426653851246825
2026-02-15T01:42:32.798840,v4,0,0.8822123655821551,0.1177876344178449
2026-02-15T01:42:32.818915,v4,0,0.9035575885664376,0.09644241143356248
2026-02-15T01:42:32.838518,v4,0,0.9482537599830495,0.051746240016950544
2026-02-15T01:42:32.856447,v4,0,0.9694120381176827,0.030587961882317268
2026-02-15T01:42:32.875447,v4,0,0.9492005657281491,0.050799434271851046
2026-02-15T01:42:32.896441,v4,0,0.969510824954613,0.03048917504538693
2026-02-15T01:42:32.917462,v4,0,0.9844000033011922,0.015599996698807926
2026-02-15T01:42:32.936967,v4,0,0.9494039706086457,0.05059602939135435
2026-02-15T01:42:32.963964,v4,0,0.9489265757265626,0.05107342427343732
2026-02-15T01:42:32.982963,v4,0,0.9493070713838395,0.05069292861616055
2026-02-15T01:42:33.002972,v4,0,0.9594812426196314,0.040518757380368545
2026-02-15T01:42:33.023503,v4,0,0.9444227533027925,0.05557724669720758
2026-02-15T01:42:33.049512,v4,0,0.9398003036466038,0.06019969635339618
2026-02-15T01:42:33.071507,v4,0,0.9098723977734703,0.09012760222652975
2026-02-15T01:42:33.090507,v4,0,0.9686890331197392,0.031310966880260846
2026-02-15T01:42:33.109515,v4,0,0.958059364855672,0.04194063514432795
2026-02-15T01:42:33.129032,v4,0,0.9426833643500834,0.05731663564991659
2026-02-15T01:42:33.150033,v4,0,0.7428527505106601,0.25714724948934
2026-02-15T01:42:33.169033,v4,0,0.953870323031786,0.046129676968213934
2026-02-15T01:42:33.189032,v4,0,0.9438062204676834,0.056193779532316496
2026-02-15T01:42:33.212040,v4,0,0.9419999287528797,0.05800007124712013
2026-02-15T01:42:33.236636,v4,0,0.9696140069561122,0.030385993043887824
2026-02-15T01:42:33.258573,v4,0,0.9420703512880911,0.05792964871190887
2026-02-15T01:42:33.279575,v4,0,0.9138980048961532,0.08610199510384675
2026-02-15T01:42:33.298568,v4,0,0.9074557795865398,0.09254422041345997
2026-02-15T01:42:33.316589,v4,0,0.8940166503151386,0.10598334968486124
2026-02-15T01:42:33.336046,v4,0,0.898617183909614,0.10138281609038588
2026-02-15T01:42:33.357046,v4,0,0.8660382500166175,0.13396174998338245
2026-02-15T01:42:33.376045,v4,0,0.8382573618338043,0.1617426381661958
2026-02-15T01:42:33.404040,v4,0,0.9157366572336949,0.08426334276630514
2026-02-15T01:42:33.445567,v4,0,0.8739707165347171,0.12602928346528272
2026-02-15T01:42:33.491568,v4,0,0.905204332322807,0.09479566767719297
2026-02-15T01:42:33.535080,v4,0,0.9148778057670444,0.0851221942329554
2026-02-15T01:42:33.569085,v4,0,0.9047168039781357,0.09528319602186416
2026-02-15T01:42:33.599079,v4,0,0.9047809065422382,0.09521909345776161
2026-02-15T01:42:33.628628,v4,0,0.926374750981334,0.07362524901866596
2026-02-15T01:42:33.647636,v4,0,0.9063903018680145,0.09360969813198533
2026-02-15T01:42:33.668707,v4,0,0.8907706629099016,0.10922933709009829
2026-02-15T01:42:33.688635,v4,0,0.8166436091694284,0.18335639083057156
2026-02-15T01:42:33.709649,v4,1,0.185,0.815
2026-02-15T01:42:33.731150,v4,0,0.9729493562818924,0.0270506437181076
2026-02-15T01:42:33.756147,v4,0,0.9816436510210815,0.018356348978918177
2026-02-15T01:42:33.779147,v4,0,0.9830078455987313,0.01699215440126857
2026-02-15T01:42:33.803153,v4,0,0.9848452463962322,0.015154753603767812
2026-02-15T01:42:33.828666,v4,0,0.9945346725806455,0.0054653274193544755
2026-02-15T01:42:33.849734,v4,1,0.06708333333333333,0.9329166666666666
2026-02-15T01:42:33.871664,v4,0,0.9735673282693792,0.026432671730620957
2026-02-15T01:42:33.892663,v4,0,0.9775019564171878,0.022498043582812013
2026-02-15T01:42:33.913813,v4,0,0.9745003410296061,0.025499658970393906
2026-02-15T01:42:33.934783,v4,0,0.9745972402544123,0.025402759745587703
2026-02-15T01:42:33.955795,v4,0,0.969146705698601,0.030853294301398996
2026-02-15T01:42:33.975779,v4,0,0.9796273915211094,0.02037260847889063
2026-02-15T01:42:33.997787,v4,0,0.9800807345971251,0.01991926540287463
2026-02-15T01:42:34.017788,v4,0,0.9744949877105483,0.025505012289451724
2026-02-15T01:42:34.046084,v4,0,0.9746059318791747,0.025394068120825296
2026-02-15T01:42:34.069092,v4,0,0.9717538918074515,0.028246108192548372
2026-02-15T01:42:34.097087,v4,0,0.994607068633688,0.0053929313663119306
2026-02-15T01:42:34.122091,v4,0,0.9389101350973058,0.06108986490269393
2026-02-15T01:42:34.143615,v4,0,0.8452968965461674,0.15470310345383267
2026-02-15T01:42:34.165615,v4,0,0.9319744471651593,0.06802555283484064
2026-02-15T01:42:34.192669,v4,0,0.9746059318791747,0.025394068120825296
2026-02-15T01:42:34.215620,v4,0,0.9884861408198602,0.011513859180139753
2026-02-15T01:42:34.236946,v4,0,0.9742240864889367,0.025775913511063262
2026-02-15T01:42:34.258943,v4,0,0.9736345032245829,0.0263654967754169
2026-02-15T01:42:34.279943,v4,0,0.9828920548599566,0.017107945140043435
2026-02-15T01:42:34.302955,v4,0,0.9882795234167525,0.011720476583247258
2026-02-15T01:42:34.324487,v4,0,0.9796262350508473,0.020373764949152627
2026-02-15T01:42:34.345476,v4,0,0.9945906415912951,0.0054093584087047605
2026-02-15T01:42:34.364475,v4,0,0.972468246996162,0.027531753003837894
2026-02-15T01:42:34.386484,v4,0,0.9783111292701051,0.021688870729894835
2026-02-15T01:42:34.405481,v4,0,0.9845039363482528,0.015496063651747135
2026-02-15T01:42:34.423500,v4,0,0.967626782582457,0.03237321741754293
2026-02-15T01:42:34.446948,v4,0,0.9743881916306347,0.025611808369365222
2026-02-15T01:42:34.466948,v4,0,0.9594237850901868,0.040576214909813085
2026-02-15T01:42:34.485955,v4,0,0.9628398035838628,0.03716019641613716
2026-02-15T01:42:34.504948,v4,0,0.9494737176663051,0.05052628233369494
2026-02-15T01:42:34.525479,v4,0,0.9494737176663051,0.05052628233369494
2026-02-15T01:42:34.545473,v4,0,0.9596214000188924,0.04037859998110765
2026-02-15T01:42:34.566486,v4,0,0.9745217039952376,0.025478296004762348
2026-02-15T01:42:34.589472,v4,0,0.9573960042975895,0.042603995702410344
2026-02-15T01:42:34.611562,v4,0,0.9743917801289682,0.025608219871031793
2026-02-15T01:42:34.630708,v4,0,0.9474718042196737,0.052528195780326296
2026-02-15T01:42:34.650703,v4,0,0.978227679473871,0.02177232052612884
2026-02-15T01:42:34.675708,v4,0,0.9695775726014684,0.030422427398531716
2026-02-15T01:42:34.700708,v4,0,0.9494680731727483,0.050531926827251786
2026-02-15T01:42:34.720727,v4,0,0.947635481695266,0.0523645183047339
2026-02-15T01:42:34.739256,v4,0,0.9594680731727483,0.04053192682725178
2026-02-15T01:42:34.759259,v4,0,0.7815496616415634,0.21845033835843666
2026-02-15T01:42:34.779256,v4,0,0.9030452031332956,0.09695479686670434
2026-02-15T01:42:34.801260,v4,0,0.9735448023505084,0.02645519764949161
2026-02-15T01:42:34.821263,v4,0,0.9664381919527198,0.0335618080472801
2026-02-15T01:42:34.839789,v4,0,0.9440769373680779,0.05592306263192213
2026-02-15T01:42:34.858789,v4,0,0.9445215355894574,0.055478464410542785
2026-02-15T01:42:34.879784,v4,0,0.9736555652894832,0.02634443471051676
2026-02-15T01:42:34.899922,v4,0,0.8987021903784228,0.10129780962157744
2026-02-15T01:42:34.918924,v4,0,0.9530390369349203,0.04696096306507973
2026-02-15T01:42:34.944432,v4,0,0.9694389389443644,0.030561061055635486
2026-02-15T01:42:34.973439,v4,0,0.9795243905629354,0.020475609437064543
2026-02-15T01:42:35.002432,v4,0,0.9669939474071346,0.033006052592865306
2026-02-15T01:42:35.022270,v4,0,0.9539284917756308,0.04607150822436939
2026-02-15T01:42:35.040786,v4,0,0.9345020906596578,0.06549790934034216
2026-02-15T01:42:35.058780,v4,0,0.9237160462132621,0.07628395378673776
2026-02-15T01:42:35.077784,v4,0,0.8943223121147422,0.10567768788525767
2026-02-15T01:42:35.104787,v4,1,0.0625,0.9375
2026-02-15T01:42:35.127340,v4,0,0.9159561378823216,0.08404386211767836
2026-02-15T01:42:35.146340,v4,0,0.8849135038703705,0.11508649612962943
2026-02-15T01:42:35.165340,v4,0,0.8956171839096139,0.10438281609038587
2026-02-15T01:42:35.184340,v4,0,0.7918312994674852,0.20816870053251482
2026-02-15T01:42:35.203217,v4,0,0.7192086461145617,0.2807913538854383
2026-02-15T01:42:35.224365,v4,0,0.8247831190181905,0.17521688098180965
2026-02-15T01:42:35.243373,v4,0,0.9103911453425798,0.08960885465742027
2026-02-15T01:42:35.263373,v4,1,0.0775,0.9225
2026-02-15T01:42:35.282373,v4,0,0.9006737636850954,0.09932623631490445
2026-02-15T01:42:35.304370,v4,0,0.898291771597084,0.10170822840291588
2026-02-15T01:42:35.325890,v4,0,0.8469712550197446,0.1530287449802555
2026-02-15T01:42:35.345881,v4,0,0.9844705700165428,0.015529429983457037
2026-02-15T01:42:35.366889,v4,0,0.9729437430346287,0.02705625696537114
2026-02-15T01:42:35.385898,v4,0,0.9299877716181736,0.07001222838182636
2026-02-15T01:42:35.405889,v4,0,0.9792198904932167,0.020780109506783172
2026-02-15T01:42:35.425442,v4,0,0.9788709900891288,0.021129009910871122
2026-02-15T01:42:35.447438,v4,0,0.9790789609823417,0.020921039017657867
2026-02-15T01:42:35.467437,v4,0,0.9775170122352921,0.022482987764707855
2026-02-15T01:42:35.486437,v4,0,0.980142253972349,0.01985774602765076
2026-02-15T01:42:35.505437,v4,0,0.9728630997354137,0.027136900264586088
2026-02-15T01:42:35.526962,v4,0,0.952868580079658,0.047131419920341894
2026-02-15T01:42:35.548965,v4,0,0.979557935637949,0.020442064362051003
2026-02-15T01:42:35.567965,v4,0,0.9702871249474295,0.029712875052570455
2026-02-15T01:42:35.598041,v4,0,0.8153721814642833,0.18462781853571655
2026-02-15T01:42:35.622979,v4,0,0.9733108477700573,0.02668915222994266
2026-02-15T01:42:35.643198,v4,0,0.9766554750113918,0.023344524988608065
2026-02-15T01:42:35.673193,v4,0,0.9198949554722984,0.0801050445277015
2026-02-15T01:42:35.693259,v4,0,0.9845429660695854,0.015457033930414492
2026-02-15T01:42:35.712319,v4,0,0.994607068633688,0.0053929313663119306
2026-02-15T01:42:35.731764,v4,0,0.9579522869416814,0.0420477130583184
2026-02-15T01:42:35.751764,v4,0,0.9746059318791747,0.025394068120825296
2026-02-15T01:42:35.771764,v4,0,0.9783815899981815,0.021618410001818536
2026-02-15T01:42:35.791830,v4,0,0.9737616612046094,0.026238338795390684
2026-02-15T01:42:35.812776,v4,0,0.9726345624337056,0.027365437566294365
2026-02-15T01:42:35.835281,v4,0,0.934019063598544,0.06598093640145578
2026-02-15T01:42:35.861284,v4,0,0.9738348920461013,0.026165107953898793
2026-02-15T01:42:35.884289,v4,0,0.9845265390271924,0.015473460972807324
2026-02-15T01:42:35.907283,v4,0,0.9896262350508473,0.010373764949152623
2026-02-15T01:42:35.931842,v4,0,0.9946098354492606,0.005390164550739309
2026-02-15T01:42:35.954837,v4,0,0.988642493703991,0.011357506296008917
2026-02-15T01:42:35.977844,v4,0,0.9214584079302557,0.07854159206974422
2026-02-15T01:42:35.996845,v4,0,0.9845906415912951,0.01540935840870476
2026-02-15T01:42:36.015854,v4,0,0.8797500912149293,0.12024990878507072
2026-02-15T01:42:36.037359,v4,0,0.9693429345593441,0.030657065440655905
2026-02-15T01:42:36.058358,v4,0,0.9624534112014049,0.03754658879859492
2026-02-15T01:42:36.078365,v4,0,0.949342934559344,0.05065706544065589
2026-02-15T01:42:36.101425,v4,0,0.9494070371234468,0.05059296287655333
2026-02-15T01:42:36.125896,v4,0,0.9695164589633595,0.030483541036640437
2026-02-15T01:42:36.149903,v4,0,0.9845506370259608,0.015449362974039165
2026-02-15T01:42:36.168903,v4,0,0.9234740594371814,0.0765259405628186
2026-02-15T01:42:36.187903,v4,0,0.9495706168911113,0.05042938310888874
2026-02-15T01:42:36.208439,v4,0,0.9732968965120379,0.02670310348796204
2026-02-15T01:42:36.228862,v4,0,0.9662610827606762,0.033738917239323644
2026-02-15T01:42:36.246860,v4,0,0.9123163400879137,0.08768365991208632
2026-02-15T01:42:36.265860,v4,0,0.8002996616415633,0.19970033835843665
2026-02-15T01:42:36.282860,v4,0,0.7965965512598815,0.20340344874011845
2026-02-15T01:42:36.301856,v4,0,0.9742244737449712,0.02577552625502875
2026-02-15T01:42:36.321873,v4,0,0.9593615675170579,0.04063843248294228
2026-02-15T01:42:36.342388,v4,0,0.9490985179667161,0.05090148203328416
2026-02-15T01:42:36.362387,v4,0,0.9596024898051351,0.04039751019486503
2026-02-15T01:42:36.382383,v4,0,0.9593879219146823,0.04061207808531773
2026-02-15T01:42:36.400391,v4,0,0.9494680731727483,0.050531926827251786
2026-02-15T01:42:36.420399,v4,0,0.9594680731727483,0.04053192682725178
2026-02-15T01:42:36.439931,v4,0,0.9596156592520182,0.040384340747981806
2026-02-15T01:42:36.459928,v4,0,0.9476337538210358,0.05236624617896426
2026-02-15T01:42:36.485925,v4,0,0.9744795862219883,0.025520413778011796
2026-02-15T01:42:36.515934,v4,0,0.9528438228429187,0.0471561771570813
2026-02-15T01:42:36.543598,v4,0,0.9444574330253548,0.05554256697464535
2026-02-15T01:42:36.566656,v4,0,0.9376833643500834,0.0623166356499166
2026-02-15T01:42:36.587596,v4,0,0.9441056622530624,0.05589433774693746
2026-02-15T01:42:36.607604,v4,0,0.8225150695125026,0.17748493048749736
2026-02-15T01:42:36.634129,v4,0,0.938870323031786,0.06112967696821394
2026-02-15T01:42:36.659206,v4,0,0.8388419201227666,0.16115807987723355
2026-02-15T01:42:36.678136,v4,0,0.9695499043920095,0.030450095607990387
2026-02-15T01:42:36.698144,v4,0,0.9204761581017151,0.07952384189828507
2026-02-15T01:42:36.718131,v4,0,0.9057009619719709,0.09429903802802919
2026-02-15T01:42:36.736668,v4,0,0.8989796466708423,0.10102035332915764
2026-02-15T01:42:36.756668,v4,0,0.9136320558900671,0.08636794410993286
2026-02-15T01:42:36.777668,v4,0,0.8712612789169402,0.1287387210830598
2026-02-15T01:42:36.796668,v4,0,0.874028215566093,0.12597178443390689
2026-02-15T01:42:36.815694,v4,0,0.8930710987389991,0.10692890126100092
2026-02-15T01:42:36.834215,v4,0,0.9048137032029419,0.09518629679705796
2026-02-15T01:42:36.855215,v4,0,0.8662771154213815,0.1337228845786185
2026-02-15T01:42:36.876224,v4,0,0.9154818938384769,0.08451810616152311
2026-02-15T01:42:36.896215,v4,0,0.9063052461524309,0.09369475384756906
2026-02-15T01:42:36.914218,v4,0,0.9711363096930588,0.02886369030694109
2026-02-15T01:42:36.932727,v4,0,0.9728524570570862,0.027147542942913803
2026-02-15T01:42:36.951787,v4,0,0.9765135867995102,0.023486413200489668
2026-02-15T01:42:36.969734,v4,0,0.9830262524631963,0.0169737475368037
2026-02-15T01:42:36.991734,v4,0,0.8116221814642833,0.18837781853571656
2026-02-15T01:42:37.013748,v4,0,0.9746613428185149,0.02533865718148514
2026-02-15T01:42:37.032274,v4,0,0.9846613428185149,0.015338657181485133
2026-02-15T01:42:37.051274,v4,0,0.9945225660431152,0.005477433956884742
2026-02-15T01:42:37.070274,v4,0,0.9845483193886432,0.015451680611356678
2026-02-15T01:42:37.090275,v4,0,0.9845483193886432,0.015451680611356678
2026-02-15T01:42:37.112276,v4,0,0.8613530626023334,0.13864693739766662
2026-02-15T01:42:37.133944,v4,0,0.8153629050264354,0.18463709497356443
2026-02-15T01:42:37.161951,v4,0,0.9773523723288993,0.022647627671100595
2026-02-15T01:42:37.184945,v4,0,0.9851369006532912,0.014863099346708574
2026-02-15T01:42:37.204760,v4,0,0.9751902402197722,0.024809759780227796
2026-02-15T01:42:37.225772,v4,0,0.9845429660695854,0.015457033930414492
2026-02-15T01:42:37.244776,v4,0,0.9340062889434597,0.06599371105654009
2026-02-15T01:42:37.263777,v4,0,0.9856281153555497,0.014371884644450002
2026-02-15T01:42:37.282777,v4,0,0.9946345085974716,0.005365491402528431
2026-02-15T01:42:37.301777,v4,0,0.9746059318791747,0.025394068120825296
2026-02-15T01:42:37.320782,v4,0,0.994607068633688,0.0053929313663119306
2026-02-15T01:42:37.340291,v4,0,0.9748379830378296,0.02516201696217034
2026-02-15T01:42:37.360292,v4,0,0.9788139450909393,0.02118605490906059
2026-02-15T01:42:37.381291,v4,0,0.9738796817138912,0.026120318286108713
2026-02-15T01:42:37.403290,v4,0,0.9846700344432775,0.015329965556722724
2026-02-15T01:42:37.425320,v4,0,0.9745632871234468,0.02543671287655334
2026-02-15T01:42:37.448853,v4,0,0.9775558010065099,0.022444198993490053
2026-02-15T01:42:37.466853,v4,0,0.9692309591534553,0.030769040846544637
2026-02-15T01:42:37.485846,v4,0,0.9795621324867447,0.02043786751325519
2026-02-15T01:42:37.504853,v4,0,0.9783302435439832,0.021669756456016764
2026-02-15T01:42:37.530392,v4,0,0.974499184559344,0.025500815440655904
2026-02-15T01:42:37.549392,v4,0,0.9089224207710668,0.09107757922893313
2026-02-15T01:42:37.569392,v4,0,0.9943913185849812,0.005608681415018753
2026-02-15T01:42:37.588392,v4,0,0.9676734710816446,0.0323265289183554
2026-02-15T01:42:37.606392,v4,0,0.9440305301326641,0.05596946986733578
2026-02-15T01:42:37.625898,v4,0,0.9844522941947373,0.015547705805262657
2026-02-15T01:42:37.646908,v4,0,0.952746924169477,0.04725307583052287
2026-02-15T01:42:37.671909,v4,0,0.9494398337841503,0.05056016621584969
2026-02-15T01:42:37.694906,v4,0,0.9489093822809015,0.051090617719098494
2026-02-15T01:42:37.714912,v4,0,0.9745189747375957,0.02548102526240427
2026-02-15T01:42:37.735450,v4,0,0.9593082918786122,0.040691708121387865
2026-02-15T01:42:37.755452,v4,0,0.921927859025807,0.07807214097419309
2026-02-15T01:42:37.774444,v4,0,0.9058624488990492,0.09413755110095096
2026-02-15T01:42:37.795522,v4,0,0.8016058276977293,0.19839417230227055
2026-02-15T01:42:37.816451,v4,0,0.953888326887795,0.046111673112205036
2026-02-15T01:42:37.836972,v4,0,0.9494764469239471,0.050523553076053024
2026-02-15T01:42:37.857993,v4,0,0.9684190872039412,0.03158091279605888
2026-02-15T01:42:37.878972,v4,0,0.9743201630427236,0.025679836957276478
2026-02-15T01:42:37.901974,v4,0,0.9742458227994396,0.02575417720056037
2026-02-15T01:42:37.923991,v4,0,0.9492005657281491,0.050799434271851046
2026-02-15T01:42:37.946505,v4,0,0.9742458227994396,0.02575417720056037
2026-02-15T01:42:37.981501,v4,0,0.9397946903993402,0.060205309600659715
2026-02-15T01:42:38.011559,v4,0,0.9493070713838395,0.05069292861616055
2026-02-15T01:42:38.042979,v4,0,0.9030452031332956,0.09695479686670434
2026-02-15T01:42:38.063981,v4,0,0.9347946903993402,0.06520530960065972
2026-02-15T01:42:38.085983,v4,0,0.9493194964775609,0.05068050352243934
2026-02-15T01:42:38.107979,v4,0,0.9594812426196314,0.040518757380368545
2026-02-15T01:42:38.128507,v4,0,0.9544868558668951,0.04551314413310501
2026-02-15T01:42:38.150509,v4,0,0.9490769373680779,0.050923062631922124
2026-02-15T01:42:38.176508,v4,0,0.9695436887860909,0.030456311213909234
2026-02-15T01:42:38.205023,v4,0,0.9445215355894574,0.055478464410542785
2026-02-15T01:42:38.226545,v4,0,0.926158740189095,0.07384125981090467
2026-02-15T01:42:38.247548,v4,0,0.9646610979012189,0.03533890209878108
2026-02-15T01:42:38.267547,v4,0,0.9584447896169224,0.041555210383077544
2026-02-15T01:42:38.288541,v4,0,0.9073550918379799,0.09264490816202016
2026-02-15T01:42:38.311552,v4,0,0.9436015052577109,0.05639849474228918
2026-02-15T01:42:38.332089,v4,1,0.025,0.975
2026-02-15T01:42:38.353087,v4,0,0.9695606340057435,0.030439365994256482
2026-02-15T01:42:38.374095,v4,0,0.9239621074602558,0.0760378925397442
2026-02-15T01:42:38.395083,v4,0,0.9088325979141999,0.09116740208580017
2026-02-15T01:42:38.426602,v4,0,0.8348303150010564,0.16516968499894358
2026-02-15T01:42:38.450601,v4,0,0.8142107672507166,0.18578923274928336
2026-02-15T01:42:38.473616,v4,0,0.8914192113395484,0.10858078866045147
2026-02-15T01:42:38.491604,v4,0,0.8317194160727837,0.1682805839272164
2026-02-15T01:42:38.511612,v4,0,0.8930670756434522,0.10693292435654786
2026-02-15T01:42:38.532144,v4,0,0.9064833139036509,0.09351668609634889
2026-02-15T01:42:38.553142,v4,0,0.8857076725889041,0.11429232741109585
2026-02-15T01:42:38.573177,v4,0,0.9004333421610548,0.09956665783894508
2026-02-15T01:42:38.593142,v4,0,0.9163052461524309,0.08369475384756907
2026-02-15T01:42:38.612150,v4,0,0.916374750981334,0.08362524901866596
2026-02-15T01:42:38.630667,v4,0,0.9079694085935435,0.09203059140645635
2026-02-15T01:42:38.652665,v4,0,0.9844705700165428,0.015529429983457037
2026-02-15T01:42:38.673662,v4,0,0.9729437430346287,0.02705625696537114
2026-02-15T01:42:38.698664,v4,0,0.9945346725806455,0.0054653274193544755
2026-02-15T01:42:38.721677,v4,0,0.9735223581813786,0.026477641818621445
2026-02-15T01:42:38.740712,v4,0,0.9736258115998205,0.02637418840017931
2026-02-15T01:42:38.763712,v4,0,0.9846613428185149,0.015338657181485133
2026-02-15T01:42:38.783711,v4,0,0.9945225660431152,0.005477433956884742
2026-02-15T01:42:38.803711,v4,0,0.9776273915211093,0.02237260847889063
2026-02-15T01:42:38.822719,v4,0,0.9845483193886432,0.015451680611356678
2026-02-15T01:42:38.842229,v4,0,0.9741425941221515,0.02585740587784824
2026-02-15T01:42:38.861229,v4,0,0.9832644894190739,0.016735510580926028
2026-02-15T17:08:47.943750,v4,1,0.01,0.99
2026-02-15T17:09:31.197030,v4,1,0.0,1.0
2026-02-15T17:11:23.157062,v4,0,0.9068020198253479,0.093197980174652
2026-02-15T17:11:23.192056,v4,0,0.8998137032029419,0.100186296797058
2026-02-15T17:11:23.215155,v4,0,0.8442751798544745,0.1557248201455255
2026-02-15T17:11:23.236164,v4,0,0.8462737001702645,0.15372629982973549
2026-02-15T17:11:23.258167,v4,0,0.9182034682345798,0.08179653176541997
2026-02-15T17:11:23.282168,v4,0,0.9447570751208931,0.05524292487910687
2026-02-15T17:11:23.306240,v4,0,0.9766858755705811,0.023314124429419082
2026-02-15T17:11:23.330896,v4,0,0.9774417821517253,0.022558217848274706
2026-02-15T17:11:23.354893,v4,0,0.9591467056986008,0.040853294301398994
2026-02-15T17:11:23.386920,v4,0,0.9745972402544123,0.025402759745587703
2026-02-15T17:11:23.416451,v4,0,0.9823283402763069,0.01767165972369302
2026-02-15T17:11:23.446200,v4,1,0.1790625097807133,0.8209374902192869
2026-02-15T17:11:23.468132,v4,0,0.8066129050264353,0.19338709497356443
2026-02-15T17:11:23.491879,v4,0,0.9845483193886432,0.015451680611356678
2026-02-15T17:11:23.516884,v4,0,0.9778850298256312,0.022114970174368656
2026-02-15T17:11:23.535975,v4,0,0.9727647482591162,0.027235251740883825
2026-02-15T17:11:23.555969,v4,0,0.9727647482591162,0.027235251740883825
2026-02-15T17:11:23.574943,v4,0,0.9845429660695854,0.015457033930414492
2026-02-15T17:11:23.596887,v4,0,0.9884986499393087,0.011501350060691234
2026-02-15T17:11:23.622005,v4,0,0.9846700344432775,0.015329965556722724
2026-02-15T17:11:23.645005,v4,0,0.9152658089536477,0.08473419104635216
2026-02-15T17:11:23.664003,v4,0,0.9795719805817691,0.020428019418230782
2026-02-15T17:11:23.687002,v4,0,0.9745090326543685,0.0254909673456315
2026-02-15T17:11:23.707009,v4,0,0.9844407716145648,0.015559228385435086
2026-02-15T17:11:23.744079,v4,0,0.974840159330867,0.02515984066913305
2026-02-15T17:11:23.782680,v4,0,0.9828769990418524,0.01712300095814759
2026-02-15T17:11:23.805831,v4,0,0.9734691258342206,0.026530874165779435
2026-02-15T17:11:23.824857,v4,0,0.9745090326543685,0.0254909673456315
2026-02-15T17:11:23.847380,v4,0,0.9831356796520702,0.016864320347929573
2026-02-15T17:11:23.869922,v4,0,0.9734691258342206,0.026530874165779435
2026-02-15T17:11:23.890919,v4,0,0.9846601863482529,0.015339813651747134
2026-02-15T17:11:23.910920,v4,0,0.9692309591534553,0.030769040846544637
2026-02-15T17:11:23.930969,v4,0,0.9746601863482529,0.025339813651747138
2026-02-15T17:11:23.950965,v4,0,0.9886109056708914,0.011389094329108548
2026-02-15T17:11:23.971981,v4,0,0.9896262350508473,0.010373764949152623
2026-02-15T17:11:23.992976,v4,0,0.9745960837841503,0.0254039162158497
2026-02-15T17:11:24.012981,v4,0,0.9467492918208693,0.05325070817913065
2026-02-15T17:11:24.033019,v4,0,0.9736104242872645,0.026389575712735605
2026-02-15T17:11:24.053019,v4,0,0.9743429345593441,0.025657065440655904
2026-02-15T17:11:24.075086,v4,0,0.9794237850901868,0.020576214909813085
2026-02-15T17:11:24.097015,v4,0,0.9495039363482529,0.050496063651747136
2026-02-15T17:11:24.117521,v4,0,0.9494398337841503,0.05056016621584969
2026-02-15T17:11:24.138065,v4,0,0.9445039363482529,0.055496063651747134
2026-02-15T17:11:24.164060,v4,0,0.984453809455417,0.015546190544582988
2026-02-15T17:11:24.187081,v4,0,0.9745189747375957,0.02548102526240427
2026-02-15T17:11:24.206092,v4,0,0.9845830773016984,0.015416922698301708
2026-02-15T17:11:24.225942,v4,0,0.9845451201777847,0.01545487982221529
2026-02-15T17:11:24.244895,v4,0,0.9479871854385,0.05201281456150017
2026-02-15T17:11:24.265885,v4,0,0.9598280934362868,0.040171906563713285
2026-02-15T17:11:24.286898,v4,0,0.9533063659067302,0.04669363409326963
2026-02-15T17:11:24.306909,v4,0,0.9525436540423234,0.047456345957676414
2026-02-15T17:11:24.325940,v4,0,0.9494434222824839,0.050556577717516274
2026-02-15T17:11:24.344947,v4,0,0.9580784612182194,0.041921538781780655
2026-02-15T17:11:24.362943,v4,0,0.9584457366497187,0.04155426335028152
2026-02-15T17:11:24.382938,v4,0,0.9581145443386986,0.041885455661301425
2026-02-15T17:11:24.404951,v4,0,0.9494680731727483,0.050531926827251786
2026-02-15T17:11:24.425990,v4,0,0.9662858720504,0.033714127949600006
2026-02-15T17:11:24.445004,v4,0,0.9494171400555288,0.05058285994447112
2026-02-15T17:11:24.464999,v4,0,0.9580096623602473,0.04199033763975248
2026-02-15T17:11:24.485006,v4,0,0.9493258540779863,0.05067414592201378
2026-02-15T17:11:24.511008,v4,0,0.9595372206468445,0.040462779353155495
2026-02-15T17:11:24.533034,v4,0,0.9192837401890951,0.08071625981090466
2026-02-15T17:11:24.557096,v4,0,0.9463986068641641,0.05360139313583581
2026-02-15T17:11:24.577039,v4,0,0.9193416968669696,0.08065830313303049
2026-02-15T17:11:24.600050,v4,0,0.9795225023454128,0.0204774976545872
2026-02-15T17:11:24.625108,v4,0,0.8419882962682982,0.158011703731702
2026-02-15T17:11:24.650261,v4,0,0.9694602879988328,0.030539712001167105
2026-02-15T17:11:24.677237,v4,0,0.9686314154996154,0.03136858450038464
2026-02-15T17:11:24.702785,v4,0,0.9420703512880911,0.05792964871190887
2026-02-15T17:11:24.725878,v4,0,0.9434105859892925,0.056589414010707474
2026-02-15T17:11:24.750888,v4,0,0.6908094732585178,0.3091905267414822
2026-02-15T17:11:24.774898,v4,0,0.9232241377767955,0.07677586222320439
2026-02-15T17:11:24.817000,v4,0,0.9281401906921063,0.07185980930789362
2026-02-15T17:11:24.858668,v4,0,0.889837429628892,0.11016257037110795
2026-02-15T17:11:24.903823,v4,0,0.9057654650963058,0.09423453490369389
2026-02-15T17:11:24.930916,v4,0,0.8432573618338043,0.1567426381661958
2026-02-15T17:11:24.954926,v4,0,0.9086835610887942,0.09131643891120547
2026-02-15T17:11:24.977940,v4,0,0.9242035652265789,0.07579643477342113
2026-02-15T17:11:24.998950,v4,0,0.8130812994674852,0.18691870053251478
2026-02-15T17:11:25.020015,v4,0,0.8898992468832888,0.11010075311671112
2026-02-15T17:11:25.042022,v4,0,0.8418987001702644,0.1581012998297355
2026-02-15T17:11:25.064100,v4,0,0.7933331384144462,0.2066668615855539
2026-02-15T17:11:25.087141,v4,0,0.8707836517407683,0.12921634825923137
2026-02-15T17:11:25.117409,v4,1,0.015,0.985
2026-02-15T17:11:25.141044,v4,0,0.9129694085935435,0.08703059140645636
2026-02-15T17:11:25.162048,v4,0,0.8657836517407683,0.13421634825923137
2026-02-15T17:11:25.185097,v4,0,0.7699613220842975,0.23003867791570257
2026-02-15T17:11:25.210144,v4,1,0.10176744186046513,0.898232558139535
2026-02-15T17:11:25.233191,v4,0,0.9844705700165428,0.015529429983457037
2026-02-15T17:11:25.260725,v4,0,0.9728468438098226,0.027153156190177344
2026-02-15T17:11:25.293809,v4,0,0.9830262524631963,0.0169737475368037
2026-02-15T17:11:25.320863,v4,0,0.9592028717547669,0.04079712824523294
2026-02-15T17:11:25.347389,v4,0,0.9745972402544123,0.025402759745587703
2026-02-15T17:11:25.371076,v4,0,0.9642741730695199,0.03572582693047982
2026-02-15T17:11:25.393988,v4,0,0.9761802534661769,0.023819746533823
2026-02-15T17:11:25.416482,v4,0,0.964080969075649,0.03591903092435088
2026-02-15T17:11:25.436020,v4,0,0.9727973631124618,0.027202636887537962
2026-02-15T17:11:25.457011,v4,0,0.9742780604365754,0.025721939563424386
2026-02-15T17:11:25.477017,v4,0,0.9745003410296061,0.025499658970393906
2026-02-15T17:11:25.497025,v4,0,0.9831858831218593,0.01681411687814055
2026-02-15T17:11:25.519542,v4,0,0.9744949877105483,0.025505012289451724
2026-02-15T17:11:25.540060,v4,0,0.984798152321221,0.015201847678778942
2026-02-15T17:11:25.561063,v4,0,0.9833573753197581,0.016642624680241778
2026-02-15T17:11:25.581069,v4,0,0.9796360831458718,0.020363916854128215
2026-02-15T17:11:25.602069,v4,0,0.9727787932029364,0.0272212067970636
2026-02-15T17:11:25.628246,v4,0,0.9745090326543685,0.0254909673456315
2026-02-15T17:11:25.651778,v4,0,0.9735760198941414,0.026423980105858544
2026-02-15T17:11:25.675788,v4,0,0.9766675815489222,0.023332418451077804
2026-02-15T17:11:25.696787,v4,0,0.9845429660695854,0.015457033930414492
2026-02-15T17:11:25.716291,v4,0,0.9734691258342206,0.026530874165779435
2026-02-15T17:11:25.736834,v4,0,0.9845429660695854,0.015457033930414492
2026-02-15T17:11:25.758841,v4,0,0.9832494336009696,0.016750566399030185
2026-02-15T17:11:25.777835,v4,0,0.9636345032245829,0.0363654967754169
2026-02-15T17:11:25.798835,v4,0,0.9745090326543685,0.0254909673456315
2026-02-15T17:11:25.819370,v4,0,0.9776642996083165,0.022335700391683547
2026-02-15T17:11:25.844884,v4,0,0.9389488742786924,0.06105112572130747
2026-02-15T17:11:25.865001,v4,0,0.974499184559344,0.025500815440655904
2026-02-15T17:11:25.883936,v4,0,0.9736104242872645,0.026389575712735605
2026-02-15T17:11:25.902931,v4,0,0.9745960837841503,0.0254039162158497
2026-02-15T17:11:25.922987,v4,0,0.9727386557587993,0.027261344241200792
2026-02-15T17:11:25.952786,v4,0,0.9399032255577534,0.060096774442246786
2026-02-15T17:11:25.973791,v4,0,0.9834692568699904,0.01653074313000953
2026-02-15T17:11:26.004834,v4,0,0.9845039363482528,0.015496063651747135
2026-02-15T17:11:26.040968,v4,0,0.978136485327257,0.021863514672742772
2026-02-15T17:11:26.063990,v4,0,0.9794116078131817,0.020588392186818162
2026-02-15T17:11:26.084987,v4,0,0.8713876520793292,0.12861234792067078
2026-02-15T17:11:26.104988,v4,0,0.9743881916306347,0.025611808369365222
2026-02-15T17:11:26.127034,v4,0,0.904890249882055,0.09510975011794498
2026-02-15T17:11:26.147046,v4,0,0.9495706168911113,0.05042938310888874
2026-02-15T17:11:26.171034,v4,0,0.9496347194552139,0.05036528054478619
2026-02-15T17:11:26.195045,v4,0,0.944750744133934,0.0552492558660659
2026-02-15T17:11:26.216571,v4,0,0.9784361898078744,0.021563810192125568
2026-02-15T17:11:26.237177,v4,0,0.9526365340950556,0.04736346590494439
2026-02-15T17:11:26.257104,v4,0,0.9733543585646506,0.026645641435349515
2026-02-15T17:11:26.279100,v4,0,0.9662610827606762,0.033738917239323644
2026-02-15T17:11:26.304108,v4,0,0.9526381891761545,0.04736181082384541
2026-02-15T17:11:26.326200,v4,0,0.7878414126421793,0.21215858735782075
2026-02-15T17:11:26.349756,v4,0,0.9730870684341446,0.02691293156585544
2026-02-15T17:11:26.369755,v4,0,0.929735074361968,0.07026492563803204
2026-02-15T17:11:26.389749,v4,0,0.9475289760395756,0.052471023960424384
2026-02-15T17:11:26.413761,v4,0,0.9533045438955593,0.04669545610444078
2026-02-15T17:11:26.436795,v4,0,0.9785893994890243,0.021410600510975753
2026-02-15T17:11:26.456801,v4,0,0.9580495242430099,0.04195047575698996
2026-02-15T17:11:26.479801,v4,0,0.9594641310163151,0.0405358689836849
2026-02-15T17:11:26.499804,v4,0,0.9733087253191627,0.02669127468083714
2026-02-15T17:11:26.523937,v4,0,0.9526337538210358,0.04736624617896425
2026-02-15T17:11:26.543838,v4,0,0.9445215355894574,0.055478464410542785
2026-02-15T17:11:26.562856,v4,0,0.9390769373680778,0.06092306263192212
2026-02-15T17:11:26.582860,v4,0,0.9682875388784847,0.0317124611215151
2026-02-15T17:11:26.603856,v4,0,0.944019302365321,0.05598069763467908
2026-02-15T17:11:26.632101,v4,0,0.9316036509157896,0.0683963490842104
2026-02-15T17:11:26.656091,v4,0,0.9646629861187415,0.03533701388125842
2026-02-15T17:11:26.675093,v4,0,0.9438062204676834,0.056193779532316496
2026-02-15T17:11:26.695086,v4,0,0.9456348043005091,0.05436519569949083
2026-02-15T17:11:26.716084,v4,0,0.9434105859892925,0.056589414010707474
2026-02-15T17:11:26.736123,v4,0,0.9496526695307401,0.050347330469260064
2026-02-15T17:11:26.760117,v4,0,0.9345409264612193,0.06545907353878061
2026-02-15T17:11:26.780131,v4,0,0.8941668110727222,0.10583318892727764
2026-02-15T17:11:26.799151,v4,0,0.7655400706133965,0.23445992938660357
2026-02-15T17:11:26.818675,v4,0,0.899108093818883,0.10089190618111685
2026-02-15T17:11:26.841177,v4,0,0.9107326341381478,0.08926736586185209
2026-02-15T17:11:26.865179,v4,0,0.8949099844783721,0.10509001552162799
2026-02-15T17:11:26.883691,v4,0,0.8932433178117054,0.10675668218829465
2026-02-15T17:11:26.904744,v4,0,0.9057454087932321,0.09425459120676777
2026-02-15T17:11:26.926790,v4,0,0.9159972411493039,0.08400275885069602
2026-02-15T17:11:26.952829,v4,0,0.8461444405912353,0.15385555940876486
2026-02-15T17:11:26.972898,v4,0,0.904605987581012,0.09539401241898814
2026-02-15T17:11:26.993907,v4,1,0.0675,0.9325
2026-02-15T17:11:27.014906,v4,0,0.983013458845995,0.01698654115400503
2026-02-15T17:11:27.034923,v4,0,0.9511621152405548,0.04883788475944486
2026-02-15T17:11:27.057929,v4,0,0.9830387615826447,0.016961238417355175
2026-02-15T17:11:27.077929,v4,0,0.9741699394774482,0.02583006052255147
2026-02-15T17:11:27.096943,v4,0,0.9825266947242891,0.01747330527571089
2026-02-15T17:11:27.116443,v4,0,0.9746613428185149,0.02533865718148514
2026-02-15T17:11:27.134971,v4,0,0.969080969075649,0.030919030924350874
2026-02-15T17:11:27.155972,v4,0,0.970770101578174,0.029229898421826005
2026-02-15T17:11:27.179966,v4,0,0.9745644435937088,0.025435556406291342
2026-02-15T17:11:27.199966,v4,0,0.9641467056986008,0.035853294301399
2026-02-15T17:11:27.220978,v4,0,0.9745644435937088,0.025435556406291342
2026-02-15T17:11:27.243075,v4,0,0.9728060728011956,0.027193927198804424
2026-02-15T17:11:27.266020,v4,0,0.9846124219527458,0.015387578047254113
2026-02-15T17:11:27.286011,v4,0,0.9479193928167663,0.05208060718323365
2026-02-15T17:11:27.304004,v4,0,0.9498716999269139,0.05012830007308611
2026-02-15T17:11:27.324051,v4,0,0.964141352379543,0.03585864762045682
2026-02-15T17:11:27.356592,v4,0,0.9845429660695854,0.015457033930414492
2026-02-15T17:11:27.397234,v4,0,0.9846700344432775,0.015329965556722724
2026-02-15T17:11:27.419456,v4,0,0.984607068633688,0.015392931366311929
2026-02-15T17:11:27.440978,v4,0,0.9260792855568121,0.07392071444318773
2026-02-15T17:11:27.460979,v4,0,0.8463437861644855,0.15365621383551448
2026-02-15T17:11:27.482975,v4,0,0.9781889450909393,0.02181105490906059
2026-02-15T17:11:27.507002,v4,0,0.9733108477700573,0.02668915222994266
2026-02-15T17:11:27.527034,v4,0,0.9745090326543685,0.0254909673456315
2026-02-15T17:11:27.547039,v4,0,0.9832408281768044,0.016759171823195494
2026-02-15T17:11:27.567050,v4,0,0.8066129050264353,0.19338709497356443
2026-02-15T17:11:27.587059,v4,0,0.9528772717044203,0.04712272829557949
2026-02-15T17:11:27.609045,v4,0,0.9881356796520702,0.011864320347929579
2026-02-15T17:11:27.637123,v4,0,0.9777985381208975,0.022201461879102536
2026-02-15T17:11:27.656130,v4,0,0.9742026913544248,0.025797308645575338
2026-02-15T17:11:27.677141,v4,0,0.9845265390271924,0.015473460972807324
2026-02-15T17:11:27.696144,v4,0,0.9744455115423669,0.025554488457633192
2026-02-15T17:11:27.719651,v4,0,0.974499184559344,0.025500815440655904
2026-02-15T17:11:27.740783,v4,0,0.9736104242872645,0.026389575712735605
2026-02-15T17:11:27.760799,v4,0,0.8117348222551235,0.18826517774487642
2026-02-15T17:11:27.780810,v4,0,0.9882719591202321,0.011728040879767683
2026-02-15T17:11:27.801880,v4,0,0.9742016091033424,0.025798390896657582
2026-02-15T17:11:27.824857,v4,0,0.9736104242872645,0.026389575712735605
2026-02-15T17:11:27.844869,v4,0,0.9525561387308517,0.047443861269148124
2026-02-15T17:11:27.866874,v4,0,0.9843881916306345,0.015611808369365219
2026-02-15T17:11:27.886879,v4,0,0.9645039363482529,0.03549606365174714
2026-02-15T17:11:27.906880,v4,0,0.949342934559344,0.05065706544065589
2026-02-15T17:11:27.930920,v4,0,0.9613553845560037,0.03864461544399619
2026-02-15T17:11:27.951921,v4,0,0.9485080344821597,0.05149196551784046
2026-02-15T17:11:27.970921,v4,0,0.9844522941947373,0.015547705805262657
2026-02-15T17:11:27.989933,v4,0,0.9684334605502326,0.031566539449767485
2026-02-15T17:11:28.009927,v4,0,0.9732793749717484,0.02672062502825155
2026-02-15T17:11:28.034147,v4,0,0.9525436540423234,0.047456345957676414
2026-02-15T17:11:28.055151,v4,0,0.9845858065593402,0.015414193440659784
2026-02-15T17:11:28.074138,v4,0,0.9596374487128558,0.04036255128714426
2026-02-15T17:11:28.093137,v4,0,0.9525370928676,0.04746290713240005
2026-02-15T17:11:28.113138,v4,0,0.974324836399943,0.025675163600057
2026-02-15T17:11:28.137080,v4,0,0.9479218967905738,0.05207810320942641
2026-02-15T17:11:28.165108,v4,0,0.9474718042196737,0.052528195780326296
2026-02-15T17:11:28.184114,v4,0,0.7878414126421793,0.21215858735782075
2026-02-15T17:11:28.203113,v4,0,0.914484886044468,0.08551511395553206
2026-02-15T17:11:28.223164,v4,0,0.9494680731727483,0.050531926827251786
2026-02-15T17:11:28.243164,v4,0,0.9843452904708275,0.015654709529172486
2026-02-15T17:11:28.265174,v4,0,0.9309072424326414,0.0690927575673584
2026-02-15T17:11:28.284170,v4,0,0.9594812426196314,0.040518757380368545
2026-02-15T17:11:28.305182,v4,0,0.9474930254927739,0.052506974507225995
2026-02-15T17:11:28.326855,v4,0,0.9444574330253548,0.05554256697464535
2026-02-15T17:11:28.347837,v4,0,0.9440769373680779,0.05592306263192213
2026-02-15T17:11:28.369843,v4,0,0.9445543322501609,0.05544566774983916
2026-02-15T17:11:28.389847,v4,0,0.9685081143291719,0.03149188567082796
2026-02-15T17:11:28.408846,v4,0,0.9531581924233601,0.0468418075766398
2026-02-15T17:11:28.430878,v4,0,0.9646560697387843,0.035343930261215586
2026-02-15T17:11:28.451969,v4,0,0.8238927328598749,0.17610726714012528
2026-02-15T17:11:28.474973,v4,0,0.9694855547613739,0.030514445238626103
2026-02-15T17:11:28.494909,v4,0,0.9695499043920095,0.030450095607990387
2026-02-15T17:11:28.512912,v4,0,0.9438766430028948,0.05612335699710523
2026-02-15T17:11:28.534946,v4,0,0.9185879696265701,0.0814120303734299
2026-02-15T17:11:28.557952,v4,0,0.778172436047952,0.22182756395204795
2026-02-15T17:11:28.578973,v4,0,0.9281372498476417,0.07186275015235834
2026-02-15T17:11:28.598054,v4,0,0.8397706240248296,0.1602293759751702
2026-02-15T17:11:28.617395,v4,0,0.8562778598845504,0.14372214011544948
2026-02-15T17:11:28.643950,v4,0,0.9069913725117096,0.0930086274882903
2026-02-15T17:11:28.677990,v4,0,0.8963223121147422,0.10367768788525768
2026-02-15T17:11:28.703065,v4,0,0.9103653341117157,0.08963466588828421
2026-02-15T17:11:28.722062,v4,0,0.7779209797470321,0.222079020252968
2026-02-15T17:11:28.740052,v4,0,0.9090525310417696,0.09094746895823015
2026-02-15T17:11:28.760045,v4,0,0.8722821705385373,0.12771782946146282
2026-02-15T17:11:28.781059,v4,0,0.906284002485437,0.09371599751456312
2026-02-15T17:11:28.803068,v4,0,0.9062638413207036,0.09373615867929647
2026-02-15T17:11:28.824102,v4,0,0.8660524108404375,0.13394758915956234
2026-02-15T17:11:28.844185,v4,0,0.7664306386924296,0.23356936130757053
2026-02-15T17:11:28.866095,v4,0,0.7916342844342183,0.2083657155657815
2026-02-15T17:11:28.890115,v4,0,0.8216436091694284,0.17835639083057156
2026-02-15T17:11:28.910125,v4,0,0.9776811900763452,0.022318809923654762
2026-02-15T17:11:28.930182,v4,0,0.9723860346099518,0.027613965390048237
2026-02-15T17:11:28.949173,v4,0,0.984674512265398,0.015325487734601904
2026-02-15T17:11:28.969180,v4,0,0.982400594611567,0.017599405388432906
2026-02-15T17:11:28.990903,v4,0,0.9249003087913562,0.0750996912086437
2026-02-15T17:11:29.012911,v4,0,0.9843489601857334,0.01565103981426658
2026-02-15T17:11:29.033857,v4,0,0.9844584634790126,0.015541536520987305
2026-02-15T17:11:29.053860,v4,0,0.9738709900891288,0.026129009910871123
2026-02-15T17:11:29.073853,v4,0,0.988248256431868,0.011751743568131766
2026-02-15T17:11:29.094852,v4,0,0.969146705698601,0.030853294301398996
2026-02-15T17:11:29.113867,v4,0,0.9745003410296061,0.025499658970393906
2026-02-15T17:11:29.133759,v4,0,0.9846559894994571,0.015344010500542949
2026-02-15T17:11:29.153762,v4,0,0.9745918869353545,0.02540811306464552
2026-02-15T17:11:29.179761,v4,0,0.9845429660695854,0.015457033930414492
2026-02-15T17:11:29.203761,v4,0,0.9846559894994571,0.015344010500542949
2026-02-15T17:11:29.225115,v4,0,0.9751918457082362,0.024808154291763525
2026-02-15T17:11:29.246207,v4,0,0.8314985484551417,0.1685014515448583
2026-02-15T17:11:29.266800,v4,0,0.994607068633688,0.0053929313663119306
2026-02-15T17:11:29.285800,v4,0,0.9845429660695854,0.015457033930414492
2026-02-15T17:11:29.305817,v4,0,0.9737616612046094,0.026238338795390684
2026-02-15T17:11:29.326854,v4,0,0.9881918457082363,0.011808154291763519
2026-02-15T17:11:29.348869,v4,0,0.9252711622727056,0.07472883772729436
2026-02-15T17:11:29.369872,v4,0,0.9896360831458719,0.010363916854128215
2026-02-15T17:11:29.390862,v4,0,0.9734822952811037,0.026517704718896203
2026-02-15T17:11:29.412866,v4,1,0.06208333333333333,0.9379166666666666
2026-02-15T17:11:29.436900,v4,0,0.9846700344432775,0.015329965556722724
2026-02-15T17:11:29.466903,v4,0,0.9746059318791747,0.025394068120825296
2026-02-15T17:11:29.488904,v4,0,0.8294604647119965,0.1705395352880035
2026-02-15T17:11:29.508916,v4,0,0.8755691693442097,0.1244308306557905
2026-02-15T17:11:29.528944,v4,0,0.829833375503562,0.17016662449643813
2026-02-15T17:11:29.550962,v4,0,0.9845265390271924,0.015473460972807324
2026-02-15T17:11:29.571956,v4,0,0.9845265390271924,0.015473460972807324
2026-02-15T17:11:29.590973,v4,0,0.994652037091496,0.0053479629085041325
2026-02-15T17:11:29.610969,v4,0,0.9254193968784734,0.07458060312152648
2026-02-15T17:11:29.633043,v4,0,0.9846320542261968,0.01536794577380335
2026-02-15T17:11:29.655049,v4,0,0.978129814523192,0.021870185476807906
2026-02-15T17:11:29.674042,v4,0,0.9793881916306347,0.02061180836936522
2026-02-15T17:11:29.693038,v4,0,0.9595039363482529,0.040496063651747134
2026-02-15T17:11:29.713036,v4,0,0.9596320542261968,0.04036794577380336
2026-02-15T17:11:29.732076,v4,0,0.847745575159255,0.1522544248407452
2026-02-15T17:11:29.754079,v4,0,0.9695699348991884,0.03043006510081156
2026-02-15T17:11:29.777080,v4,0,0.9484478983207023,0.051552101679297815
2026-02-15T17:11:29.796071,v4,0,0.9495706168911113,0.05042938310888874
2026-02-15T17:11:29.816077,v4,0,0.9396811131746853,0.060318886825314694
2026-02-15T17:11:29.837101,v4,0,0.9479871854385,0.05201281456150017
2026-02-15T17:11:29.857101,v4,0,0.9484506275783443,0.05154937242165589
2026-02-15T17:11:29.880770,v4,0,0.9526160641778292,0.047383935822170827
2026-02-15T17:11:29.900751,v4,0,0.953888326887795,0.046111673112205036
2026-02-15T17:11:29.928783,v4,0,0.957588578647107,0.04241142135289308
2026-02-15T17:11:29.960113,v4,0,0.9844558826930708,0.015544117306929233
2026-02-15T17:11:29.985279,v4,0,0.9525994423912729,0.04740055760872711
2026-02-15T17:11:30.004884,v4,0,0.9425053785419806,0.0574946214580194
2026-02-15T17:11:30.024953,v4,0,0.9397443507998159,0.06025564920018416
2026-02-15T17:11:30.044961,v4,0,0.9572120475004169,0.042787952499582935
2026-02-15T17:11:30.064728,v4,0,0.9493070713838395,0.05069292861616055
2026-02-15T17:11:30.084728,v4,0,0.9593879219146823,0.04061207808531773
2026-02-15T17:11:30.104731,v4,0,0.9196291168136987,0.0803708831863013
2026-02-15T17:11:30.123792,v4,0,0.9496111138202877,0.05038888617971243
2026-02-15T17:11:30.144806,v4,0,0.8987063877006753,0.10129361229932485
2026-02-15T17:11:30.164790,v4,0,0.9395054221112918,0.060494577888707886
2026-02-15T17:11:30.184797,v4,0,0.9482827736265468,0.0517172263734531
2026-02-15T17:11:30.205792,v4,0,0.9546184348142636,0.04538156518573659
2026-02-15T17:11:30.227022,v4,0,0.9531075057640997,0.04689249423590024
2026-02-15T17:11:30.247029,v4,0,0.9444574330253548,0.05554256697464535
2026-02-15T17:11:30.267030,v4,0,0.9391056622530626,0.06089433774693746
2026-02-15T17:11:30.286030,v4,0,0.9540047396641728,0.04599526033582718
2026-02-15T17:11:30.308034,v4,0,0.9545391088643672,0.045460891135632835
2026-02-15T17:11:30.338054,v4,0,0.950230503176094,0.04976949682390587
2026-02-15T17:11:30.357058,v4,0,0.9796247365698462,0.020375263430153917
2026-02-15T17:11:30.377061,v4,0,0.8810150464531781,0.1189849535468219
2026-02-15T17:11:30.399075,v4,0,0.8025055906558981,0.19749440934410203
2026-02-15T17:11:30.429121,v4,0,0.917963403368917,0.08203659663108287
2026-02-15T17:11:30.452106,v4,0,0.8978676171619193,0.10213238283808057
2026-02-15T17:11:30.475116,v4,0,0.9164852769824929,0.08351472301750701
2026-02-15T17:11:30.500123,v4,0,0.8965035245058337,0.10349647549416609
2026-02-15T17:11:30.527893,v4,0,0.905204332322807,0.09479566767719297
2026-02-15T17:11:30.556455,v4,0,0.9293475152711966,0.07065248472880327
2026-02-15T17:11:30.581990,v4,0,0.7930937789278132,0.20690622107218698
2026-02-15T17:11:30.601983,v4,0,0.9057706629099016,0.09422933709009826
2026-02-15T17:11:30.624030,v4,0,0.7998472215822929,0.20015277841770712
2026-02-15T17:11:30.647036,v4,0,0.8959834453231962,0.10401655467680375
2026-02-15T17:11:30.669055,v4,0,0.8956737636850954,0.10432623631490445
2026-02-15T17:11:30.690066,v4,0,0.7764566865024475,0.2235433134975524
2026-02-15T17:11:30.709073,v4,0,0.9729493562818924,0.0270506437181076
2026-02-15T17:11:30.727863,v4,0,0.9765849366697256,0.023415063330274245
2026-02-15T17:11:30.746862,v4,0,0.9729437430346287,0.02705625696537114
2026-02-15T17:11:30.768861,v4,0,0.9844705700165428,0.015529429983457037
2026-02-15T17:11:30.788860,v4,0,0.9727973631124618,0.027202636887537962
2026-02-15T17:11:30.806872,v4,0,0.9641467056986008,0.035853294301399
2026-02-15T17:11:30.824964,v4,0,0.8115660154081172,0.18843398459188265
2026-02-15T17:11:30.843974,v4,0,0.9635600749768686,0.03643992502313119
2026-02-15T17:11:30.863991,v4,0,0.9725972402544123,0.0274027597455877
2026-02-15T17:11:30.888012,v4,0,0.9765001486211569,0.023499851378843056
2026-02-15T17:11:30.909019,v4,0,0.9745972402544123,0.025402759745587703
2026-02-15T17:11:30.931118,v4,0,0.9734604342094582,0.02653956579054184
2026-02-15T17:11:30.951120,v4,0,0.9727647482591162,0.027235251740883825
2026-02-15T17:11:30.975134,v4,0,0.98333011389109,0.016669886108909782
2026-02-15T17:11:30.998131,v4,0,0.9746559894994572,0.025344010500542958
2026-02-15T17:11:31.017136,v4,0,0.9851281153555498,0.01487188464445
2026-02-15T17:11:31.036752,v4,0,0.9745090326543685,0.0254909673456315
2026-02-15T17:11:31.055837,v4,0,0.9592115633795294,0.04078843662047053
2026-02-15T17:11:31.077841,v4,0,0.9727787932029364,0.0272212067970636
2026-02-15T17:11:31.100834,v4,0,0.984607068633688,0.015392931366311929
2026-02-15T17:11:31.120365,v4,0,0.9833725498265866,0.01662745017341325
2026-02-15T17:11:31.139897,v4,0,0.9745090326543685,0.0254909673456315
2026-02-15T17:11:31.159895,v4,0,0.9737616612046094,0.026238338795390684
2026-02-15T17:11:31.179902,v4,0,0.9745090326543685,0.0254909673456315
2026-02-15T17:11:31.203909,v4,0,0.9691553973233633,0.030844602676636593
2026-02-15T17:11:31.227009,v4,0,0.9527330409351896,0.04726695906481026
2026-02-15T17:11:31.247011,v4,0,0.979840159330867,0.020159840669133053
2026-02-15T17:11:31.279114,v4,0,0.9795719805817691,0.020428019418230782
2026-02-15T17:11:31.307575,v4,0,0.8245166307681626,0.17548336923183744
2026-02-15T17:11:31.331174,v4,0,0.9845906415912951,0.01540935840870476
2026-02-15T17:11:31.352189,v4,0,0.9945906415912951,0.0054093584087047605
2026-02-15T17:11:31.372172,v4,0,0.9885958498527871,0.011404150147212704
2026-02-15T17:11:31.393174,v4,0,0.9727758608867495,0.027224139113250535
2026-02-15T17:11:31.414173,v4,0,0.9729200916559804,0.027079908344019764
2026-02-15T17:11:31.444094,v4,0,0.9745960837841503,0.0254039162158497
2026-02-15T17:11:31.467096,v4,0,0.9593157746900584,0.04068422530994165
2026-02-15T17:11:31.486105,v4,0,0.9783111292701051,0.021688870729894835
2026-02-15T17:11:31.507146,v4,0,0.972626782582457,0.027373217417542933
2026-02-15T17:11:31.528231,v4,0,0.936565624739341,0.06343437526065887
2026-02-15T17:11:31.549224,v4,0,0.9427538454359115,0.05724615456408848
2026-02-15T17:11:31.574782,v4,0,0.9730220512226703,0.026977948777329525
2026-02-15T17:11:31.593781,v4,0,0.9596320542261968,0.04036794577380336
2026-02-15T17:11:31.613787,v4,0,0.947626782582457,0.052373217417542924
2026-02-15T17:11:31.638949,v4,0,0.9595039363482529,0.040496063651747134
2026-02-15T17:11:31.658952,v4,0,0.9684334605502326,0.031566539449767485
2026-02-15T17:11:31.679941,v4,0,0.9495706168911113,0.05042938310888874
2026-02-15T17:11:31.699957,v4,0,0.9019498046280411,0.098050195371959
2026-02-15T17:11:31.718949,v4,0,0.9745858065593402,0.02541419344065978
2026-02-15T17:11:31.740096,v4,0,0.9635686094994123,0.0364313905005879
2026-02-15T17:11:31.763109,v4,0,0.9744558826930708,0.02554411730692923
2026-02-15T17:11:31.783121,v4,0,0.9492795793286524,0.050720420671347674
2026-02-15T17:11:31.803139,v4,0,0.9730870684341446,0.02691293156585544
2026-02-15T17:11:31.822805,v4,0,0.9492646682922518,0.050735331707748486
2026-02-15T17:11:31.842798,v4,0,0.9711106761823284,0.028889323817671418
2026-02-15T17:11:31.863807,v4,0,0.9743359007370895,0.025664099262910484
2026-02-15T17:11:31.883904,v4,0,0.9494039706086457,0.05059602939135435
2026-02-15T17:11:31.903829,v4,0,0.9743359007370895,0.025664099262910484
2026-02-15T17:11:31.922351,v4,0,0.9493070713838395,0.05069292861616055
2026-02-15T17:11:31.942871,v4,0,0.9594812426196314,0.040518757380368545
2026-02-15T17:11:31.963871,v4,0,0.9743480072746199,0.025651992725380223
2026-02-15T17:11:31.984881,v4,0,0.9494574330253548,0.050542566974645355
2026-02-15T17:11:32.006874,v4,0,0.9694795862219883,0.030520413778011797
2026-02-15T17:11:32.027201,v4,0,0.9050796987396268,0.09492030126037342
2026-02-15T17:11:32.046124,v4,0,0.9681855729193742,0.031814427080625755
2026-02-15T17:11:32.067134,v4,0,0.9263220427770384,0.07367795722296139
2026-02-15T17:11:32.090133,v4,0,0.9445215355894574,0.055478464410542785
2026-02-15T17:11:32.110123,v4,0,0.9694602879988328,0.030539712001167105
2026-02-15T17:11:32.129179,v4,0,0.9433401634540811,0.056659836545918746
2026-02-15T17:11:32.148184,v4,0,0.9511079669648583,0.048892033035141676
2026-02-15T17:11:32.169189,v4,0,0.908651981456298,0.09134801854370199
2026-02-15T17:11:32.189234,v4,0,0.9341091177358013,0.06589088226419879
2026-02-15T17:11:32.217840,v4,0,0.923136832734981,0.07686316726501893
2026-02-15T17:11:32.237761,v4,0,0.8759005381522107,0.12409946184778925
2026-02-15T17:11:32.255770,v4,0,0.8989197510903324,0.10108024890966744
2026-02-15T17:11:32.275765,v4,0,0.9237160462132621,0.07628395378673776
2026-02-15T17:11:32.296776,v4,0,0.8993223121147422,0.10067768788525766
2026-02-15T17:11:32.318757,v4,0,0.8812155655977593,0.11878443440224046
2026-02-15T17:11:32.338871,v4,0,0.9159410820642173,0.08405891793578249
2026-02-15T17:11:32.358854,v4,0,0.9140787421265654,0.08592125787343445
2026-02-15T17:11:32.379856,v4,0,0.9086562320113712,0.09134376798862874
2026-02-15T17:11:32.403928,v4,0,0.9048137032029419,0.09518629679705796
2026-02-15T17:11:32.424942,v4,0,0.8798266920338087,0.12017330796619112
2026-02-15T17:11:32.444038,v4,0,0.8615851204245085,0.13841487957549153
2026-02-15T17:11:32.465949,v4,0,0.8709804611368278,0.12901953886317222
2026-02-15T17:11:32.488949,v4,0,0.8419712550197446,0.15802874498025551
2026-02-15T17:11:32.524771,v4,0,0.926374750981334,0.07362524901866598
2026-02-15T17:11:32.558395,v4,0,0.9152403724140538,0.08475962758594612
2026-02-15T17:11:32.577905,v4,1,0.13176744186046513,0.8682325581395349
2026-02-15T17:11:32.596910,v4,0,0.9729165596211888,0.02708344037881124
2026-02-15T17:11:32.616246,v4,0,0.9945538664386109,0.005446133561389025
2026-02-15T17:11:32.638777,v4,0,0.9728468438098226,0.027153156190177344
2026-02-15T17:11:32.658773,v4,0,0.9825266947242891,0.01747330527571089
2026-02-15T17:11:32.681769,v4,0,0.825684123198661,0.17431587680133923
2026-02-15T17:11:32.708766,v4,0,0.972770101578174,0.027229898421826007
2026-02-15T17:11:32.742835,v4,0,0.9945500060068987,0.005449993993101243
2026-02-15T17:11:32.777033,v4,0,0.9745972402544123,0.025402759745587703
2026-02-15T17:11:32.805201,v4,0,0.9734604342094582,0.02653956579054184
2026-02-15T17:11:32.835228,v4,0,0.9734736036563415,0.02652639634365861
2026-02-15T17:11:32.862835,v4,0,0.9746613428185149,0.02533865718148514
2026-02-15T17:11:32.891832,v4,0,0.9846613428185149,0.015338657181485133
2026-02-15T17:11:32.917416,v4,0,0.9742901681455028,0.02570983185449725
2026-02-15T17:11:32.940847,v4,0,0.9846559894994571,0.015344010500542949
2026-02-15T17:11:32.964944,v4,0,0.9360624549996258,0.06393754500037403
2026-02-15T17:11:32.995104,v4,0,0.9745918869353545,0.02540811306464552
2026-02-15T17:11:33.020685,v4,0,0.9795719805817691,0.020428019418230782
2026-02-15T17:11:33.048829,v4,0,0.9161261751751304,0.08387382482486952
2026-02-15T17:11:33.074837,v4,0,0.9743042130893229,0.025695786910677025
2026-02-15T17:11:33.101697,v4,0,0.9591553973233633,0.040844602676636595
2026-02-15T17:11:33.124944,v4,0,0.984607068633688,0.015392931366311929
2026-02-15T17:11:33.151981,v4,0,0.9737616612046094,0.026238338795390684
2026-02-15T17:11:33.175968,v4,0,0.9782546817138912,0.021745318286108716
2026-02-15T17:11:33.207075,v4,0,0.9734822952811037,0.026517704718896203
2026-02-15T17:11:33.235152,v4,0,0.9727787932029364,0.0272212067970636
2026-02-15T17:11:33.264852,v4,0,0.9745090326543685,0.0254909673456315
2026-02-15T17:11:33.291808,v4,0,0.9810802454527071,0.018919754547292778
2026-02-15T17:11:33.315803,v4,0,0.9716937666016311,0.02830623339836878
2026-02-15T17:11:33.338840,v4,0,0.9829474916679495,0.017052508332050468
2026-02-15T17:11:33.364825,v4,0,0.9832795234167526,0.016720476583247258
2026-02-15T17:11:33.399353,v4,0,0.9745960837841503,0.0254039162158497
2026-02-15T17:11:33.428210,v4,0,0.9782809643389427,0.021719035661057057
2026-02-15T17:11:33.460844,v4,0,0.9745632871234468,0.02543671287655334
2026-02-15T17:11:33.502046,v4,0,0.9743844638556318,0.02561553614436832
2026-02-15T17:11:33.546200,v4,0,0.9846601863482529,0.015339813651747134
2026-02-15T17:11:33.588816,v4,0,0.9746601863482529,0.025339813651747138
2026-02-15T17:11:33.631986,v4,0,0.9786730526619306,0.021326947338069387
2026-02-15T17:11:33.666553,v4,0,0.9676627538054785,0.032337246194521344
2026-02-15T17:11:33.697932,v4,0,0.9531643584846237,0.04683564151537621
2026-02-15T17:11:33.725019,v4,0,0.9695413635901184,0.03045863640988164
2026-02-15T17:11:33.757892,v4,0,0.9579065028022761,0.04209349719772379
2026-02-15T17:11:33.785903,v4,0,0.9495706168911113,0.05042938310888874
2026-02-15T17:11:33.841021,v4,0,0.9494737176663051,0.05052628233369494
2026-02-15T17:11:33.889234,v4,0,0.9019506961516853,0.09804930384831469
2026-02-15T17:11:33.925915,v4,0,0.9125071699634817,0.08749283003651842
2026-02-15T17:11:33.955506,v4,0,0.9745217039952376,0.025478296004762348
2026-02-15T17:11:33.985071,v4,0,0.7828414126421793,0.21715858735782073
2026-02-15T17:11:34.015178,v4,0,0.9598297485173859,0.0401702514826143
2026-02-15T17:11:34.038247,v4,0,0.9029497294581698,0.0970502705418305
2026-02-15T17:11:34.060845,v4,0,0.9487756045149986,0.051224395485001545
2026-02-15T17:11:34.087883,v4,0,0.9730749618966142,0.026925038103385708
2026-02-15T17:11:34.112865,v4,0,0.9489034034042055,0.051096596595794484
2026-02-15T17:11:34.143019,v4,0,0.9743359007370895,0.025664099262910484
2026-02-15T17:11:34.173036,v4,0,0.9743359007370895,0.025664099262910484
2026-02-15T17:11:34.202600,v4,0,0.9593879219146823,0.04061207808531773
2026-02-15T17:11:34.233717,v4,0,0.9691328075682247,0.030867192431774926
2026-02-15T17:11:34.262884,v4,0,0.9596184348142636,0.04038156518573659
2026-02-15T17:11:34.286885,v4,0,0.8971799518107527,0.1028200481892475
2026-02-15T17:11:34.310912,v4,0,0.9443553852639216,0.05564461473607846
2026-02-15T17:11:34.334060,v4,0,0.9445215355894574,0.055478464410542785
2026-02-15T17:11:34.354060,v4,0,0.9444574330253548,0.05554256697464535
2026-02-15T17:11:34.374060,v4,0,0.9478283254947154,0.052171674505284704
2026-02-15T17:11:34.396061,v4,0,0.9795225023454128,0.0204774976545872
2026-02-15T17:11:34.417066,v4,0,0.9695243905629354,0.03047560943706454
2026-02-15T17:11:34.436830,v4,0,0.7431171655662101,0.25688283443378984
2026-02-15T17:11:34.457830,v4,0,0.9467363810590812,0.05326361894091877
2026-02-15T17:11:34.477823,v4,0,0.8387884441869378,0.16121155581306243
2026-02-15T17:11:34.502830,v4,0,0.9399649724888345,0.060035027511165594
2026-02-15T17:11:34.532863,v4,0,0.9138011056713471,0.08619889432865295
2026-02-15T17:11:34.558887,v4,0,0.9151659622096722,0.0848340377903277
2026-02-15T17:11:34.579888,v4,0,0.9142781229778967,0.08572187702210336
2026-02-15T17:11:34.602892,v4,0,0.93795487405209,0.062045125947909924
2026-02-15T17:11:34.628642,v4,0,0.9036580391783763,0.09634196082162363
2026-02-15T17:11:34.649241,v4,0,0.8195406575013561,0.18045934249864382
2026-02-15T17:11:34.672977,v4,0,0.8914833139036509,0.1085166860963489
2026-02-15T17:11:34.694963,v4,0,0.8949009604032696,0.10509903959673018
2026-02-15T17:11:34.719968,v4,0,0.9304818938384769,0.06951810616152311
2026-02-15T17:11:34.740025,v4,0,0.8900129594700762,0.10998704052992365
2026-02-15T17:11:34.760025,v4,0,0.8748907945979113,0.1251092054020885
2026-02-15T17:11:34.781036,v4,0,0.8809699191770359,0.11903008082296396
2026-02-15T17:11:34.803038,v4,0,0.9099453881846269,0.090054611815373
2026-02-15T17:11:34.827550,v4,0,0.9305494762560593,0.06945052374394069
2026-02-15T17:11:34.847084,v4,1,0.0625,0.9375
2026-02-15T17:11:34.868172,v4,1,0.08676744186046513,0.913232558139535
2026-02-15T17:11:34.889789,v4,0,0.9729493562818924,0.0270506437181076
2026-02-15T17:11:34.912846,v4,0,0.9844705700165428,0.015529429983457037
2026-02-15T17:11:34.934887,v4,0,0.9482399456304964,0.051760054369503594
2026-02-15T17:11:34.959903,v4,0,0.9745776130405919,0.025422386959408114
2026-02-15T17:11:34.978921,v4,0,0.8406677335943528,0.15933226640564735
2026-02-15T17:11:34.997933,v4,0,0.8836961916212451,0.11630380837875506
2026-02-15T17:11:35.018918,v4,0,0.9736258115998205,0.02637418840017931
2026-02-15T17:11:35.041981,v4,0,0.9714604342094582,0.028539565790541843
2026-02-15T17:11:35.064024,v4,0,0.9848455126499247,0.01515448735007523
2026-02-15T17:11:35.083999,v4,0,0.9745003410296061,0.025499658970393906
2026-02-15T17:11:35.112026,v4,0,0.9832698427381317,0.016730157261868214
2026-02-15T17:11:35.148674,v4,0,0.9153727397485716,0.08462726025142846
2026-02-15T17:11:35.172767,v4,0,0.9884998709405296,0.01150012905947023
2026-02-15T17:11:35.192764,v4,0,0.9746559894994572,0.025344010500542958
2026-02-15T17:11:35.214018,v4,0,0.9742688197504623,0.02573118024953763
2026-02-15T17:11:35.234127,v4,0,0.9745731352184711,0.025426864781528936
2026-02-15T17:11:35.255129,v4,0,0.9774504737764876,0.022549526223512296
2026-02-15T17:11:35.276127,v4,0,0.994607068633688,0.0053929313663119306
2026-02-15T17:11:35.299119,v4,0,0.9746059318791747,0.025394068120825296
2026-02-15T17:11:35.318132,v4,0,0.981300203704788,0.018699796295211745
2026-02-15T17:11:35.337176,v4,0,0.8770973545965947,0.12290264540340551
2026-02-15T17:11:35.357168,v4,0,0.984607068633688,0.015392931366311929
2026-02-15T17:11:35.379174,v4,0,0.9746059318791747,0.025394068120825296
2026-02-15T17:11:35.401863,v4,0,0.9736345032245829,0.0263654967754169
2026-02-15T17:11:35.427331,v4,0,0.9745731352184711,0.025426864781528936
2026-02-15T17:11:35.463871,v4,1,0.1690625097807133,0.8309374902192869
2026-02-15T17:11:35.496590,v4,0,0.8116129050264353,0.18838709497356443
2026-02-15T17:11:35.521721,v4,0,0.9841490406259813,0.015850959374018522
2026-02-15T17:11:35.543792,v4,0,0.9745960837841503,0.0254039162158497
2026-02-15T17:11:35.564789,v4,0,0.9845906415912951,0.01540935840870476
2026-02-15T17:11:35.584799,v4,0,0.9833232358076355,0.01667676419236456
2026-02-15T17:11:35.607811,v4,0,0.9832795234167526,0.016720476583247258
2026-02-15T17:11:35.633204,v4,0,0.9756808010065099,0.02431919899349005
2026-02-15T17:11:35.665307,v4,0,0.9729587156390389,0.02704128436096127
2026-02-15T17:11:35.692894,v4,0,0.9848168755352669,0.01518312446473327
2026-02-15T17:11:35.717896,v4,0,0.9689711169886841,0.03102888301131561
2026-02-15T17:11:35.743914,v4,0,0.9635212039290428,0.036478796070957234
2026-02-15T17:11:35.772929,v4,0,0.947626782582457,0.052373217417542924
2026-02-15T17:11:35.793945,v4,0,0.9489083000298193,0.05109169997018074
2026-02-15T17:11:35.833982,v4,0,0.9743881916306347,0.025611808369365222
2026-02-15T17:11:35.869538,v4,0,0.9743881916306347,0.025611808369365222
2026-02-15T17:11:35.891064,v4,0,0.9484478983207023,0.051552101679297815
2026-02-15T17:11:35.918604,v4,0,0.9484478983207023,0.051552101679297815
2026-02-15T17:11:35.943702,v4,0,0.9661860991677742,0.033813900832225685
2026-02-15T17:11:35.965749,v4,0,0.7966058276977293,0.20339417230227055
2026-02-15T17:11:35.985744,v4,0,0.9495733461487532,0.050426653851246825
2026-02-15T17:11:36.006744,v4,0,0.9845858065593402,0.015414193440659784
2026-02-15T17:11:36.036218,v4,0,0.9692535184641557,0.030746481535844063
2026-02-15T17:11:36.059745,v4,0,0.8838356109855329,0.11616438901446725
2026-02-15T17:11:36.084921,v4,0,0.9080636022839712,0.09193639771602885
2026-02-15T17:11:36.115520,v4,0,0.9346881847436498,0.06531181525635021
2026-02-15T17:11:36.152652,v4,0,0.7928414126421793,0.20715858735782075
2026-02-15T17:11:36.187220,v4,0,0.9843370443650095,0.015662955634990535
2026-02-15T17:11:36.220724,v4,1,0.065,0.935
2026-02-15T17:11:36.255435,v4,0,0.9844000033011922,0.015599996698807926
2026-02-15T17:11:36.286537,v4,0,0.9493070713838395,0.05069292861616055
2026-02-15T17:11:36.313860,v4,0,0.8647571351657453,0.13524286483425474
2026-02-15T17:11:36.340935,v4,0,0.9443258540779863,0.05567414592201378
2026-02-15T17:11:36.370959,v4,1,0.06208333333333333,0.9379166666666666
2026-02-15T17:11:36.400974,v4,0,0.9646013232109472,0.03539867678905294
2026-02-15T17:11:36.435081,v4,0,0.9446184348142636,0.055381565185736586
2026-02-15T17:11:36.481768,v4,0,0.9546184348142636,0.04538156518573659
2026-02-15T17:11:36.520853,v4,0,0.9445543322501609,0.05544566774983916
2026-02-15T17:11:36.557876,v4,0,0.9445543322501609,0.05544566774983916
2026-02-15T17:11:36.592955,v4,0,0.9531600806408826,0.04683991935911714
2026-02-15T17:11:36.626055,v4,0,0.9684267669113937,0.03157323308860613
2026-02-15T17:11:36.655830,v4,0,0.9437734238069798,0.056226576193020135
2026-02-15T17:11:36.683890,v4,0,0.953870323031786,0.046129676968213934
2026-02-15T17:11:36.712916,v4,0,0.7590565352243298,0.24094346477567022
2026-02-15T17:11:36.742700,v4,0,0.9135312906988989,0.08646870930110108
2026-02-15T17:11:36.766800,v4,0,0.7929972223727384,0.20700277762726163
2026-02-15T17:11:36.796410,v4,0,0.8889556562937533,0.11104434370624658
2026-02-15T17:11:36.833039,v4,0,0.8609656951671374,0.13903430483286244
2026-02-15T17:11:36.871752,v4,0,0.8864192113395484,0.11358078866045147
2026-02-15T17:11:36.907389,v4,0,0.824539216579166,0.17546078342083404
2026-02-15T17:11:36.937739,v4,0,0.8913223121147422,0.10867768788525767
2026-02-15T17:11:36.970622,v4,0,0.7655400706133965,0.23445992938660357
2026-02-15T17:11:37.027419,v4,0,0.9037718644512985,0.09622813554870141
2026-02-15T17:11:37.069880,v4,0,0.9125400593864409,0.08745994061355893
2026-02-15T17:11:37.103974,v4,0,0.8830741605883563,0.1169258394116439
2026-02-15T17:11:37.139374,v4,1,0.12,0.88
2026-02-15T17:11:37.187601,v4,0,0.921374750981334,0.07862524901866597
2026-02-15T17:11:37.221716,v4,1,0.0625,0.9375
2026-02-15T17:11:37.255374,v4,0,0.972105085607327,0.027894914392672988
2026-02-15T17:11:37.283680,v4,0,0.9828610170739337,0.017138982926066228
2026-02-15T17:11:37.309281,v4,0,0.9746104097012954,0.025389590298704478
2026-02-15T17:11:37.350563,v4,0,0.969858682096808,0.030141317903191994
2026-02-15T17:11:37.382663,v4,0,0.9728060728011956,0.027193927198804424
2026-02-15T17:11:37.415338,v4,0,0.9846613428185149,0.015338657181485133
2026-02-15T17:11:37.446921,v4,0,0.9844584634790126,0.015541536520987305
2026-02-15T17:11:37.477940,v4,0,0.8116221814642833,0.18837781853571656
2026-02-15T17:11:37.506542,v4,0,0.9846613428185149,0.015338657181485133
2026-02-15T17:11:37.539150,v4,0,0.9729338774168121,0.027066122583187854
2026-02-15T17:11:37.566245,v4,0,0.9745003410296061,0.025499658970393906
2026-02-15T17:11:37.597828,v4,0,0.9847369194104043,0.01526308058959563
2026-02-15T17:11:37.621002,v4,0,0.921340477418721,0.07865952258127877
2026-02-15T17:11:37.655011,v4,0,0.9832765959566042,0.016723404043395763
2026-02-15T17:11:37.678016,v4,0,0.9846700344432775,0.015329965556722724
2026-02-15T17:11:37.698541,v4,0,0.9740613929013808,0.02593860709861916
2026-02-15T17:11:37.719280,v4,0,0.9833725498265866,0.01662745017341325
2026-02-15T17:11:37.738928,v4,0,0.9745090326543685,0.0254909673456315
2026-02-15T17:11:37.757917,v4,0,0.994607068633688,0.0053929313663119306
2026-02-15T17:11:37.776918,v4,0,0.9781889450909393,0.02181105490906059
2026-02-15T17:11:37.797916,v4,0,0.9703011698912496,0.02969883010875023
2026-02-15T17:11:37.816935,v4,0,0.9636345032245829,0.0363654967754169
2026-02-15T17:11:37.835969,v4,0,0.9832644894190739,0.016735510580926028
2026-02-15T17:11:37.854983,v4,0,0.9788139450909393,0.02118605490906059
2026-02-15T17:11:37.875015,v4,0,0.9731918457082362,0.02680815429176352
2026-02-15T17:11:37.900997,v4,0,0.9635687666016309,0.03643123339836878
2026-02-15T17:11:37.936092,v4,0,0.9746059318791747,0.025394068120825296
2026-02-15T17:11:37.970998,v4,0,0.9737616612046094,0.026238338795390684
2026-02-15T17:11:38.002045,v4,0,0.9845906415912951,0.01540935840870476
2026-02-15T17:11:38.031080,v4,0,0.9696601863482529,0.03033981365174714
2026-02-15T17:11:38.060109,v4,0,0.9789552435439832,0.021044756456016764
2026-02-15T17:11:38.100728,v4,0,0.974499184559344,0.025500815440655904
2026-02-15T17:11:38.143814,v4,0,0.9300566066693148,0.06994339333068524
2026-02-15T17:11:38.171884,v4,0,0.9777386557587993,0.02226134424120079
2026-02-15T17:11:38.212921,v4,0,0.974499184559344,0.025500815440655904
2026-02-15T17:11:38.250022,v4,0,0.8045138051234528,0.19548619487654723
2026-02-15T17:11:38.280058,v4,0,0.9744398337841502,0.0255601662158497
2026-02-15T17:11:38.301063,v4,0,0.9640305301326642,0.03596946986733578
2026-02-15T17:11:38.323081,v4,0,0.9645039363482529,0.03549606365174714
2026-02-15T17:11:38.348116,v4,0,0.9574534112014049,0.04254658879859492
2026-02-15T17:11:38.371134,v4,0,0.973136485327257,0.026863514672742773
2026-02-15T17:11:38.391120,v4,0,0.9485955631095849,0.05140443689041509
2026-02-15T17:11:38.412121,v4,0,0.9595039363482529,0.040496063651747134
2026-02-15T17:11:38.433183,v4,0,0.9426291360519368,0.057370863948063226
2026-02-15T17:11:38.455180,v4,0,0.9495706168911113,0.05042938310888874
2026-02-15T17:11:38.476188,v4,0,0.9490428946455044,0.050957105354495616
2026-02-15T17:11:38.497241,v4,0,0.9494764469239471,0.050523553076053024
2026-02-15T17:11:38.517755,v4,0,0.8528205587521569,0.14717944124784316
2026-02-15T17:11:38.537805,v4,0,0.9745858065593402,0.02541419344065978
2026-02-15T17:11:38.561826,v4,0,0.9475387479486989,0.05246125205130109
2026-02-15T17:11:38.583826,v4,0,0.9575216349180817,0.04247836508191829
2026-02-15T17:11:38.603826,v4,0,0.9593615675170579,0.04063843248294228
2026-02-15T17:11:38.623834,v4,0,0.9595027287537612,0.040497271246238975
2026-02-15T17:11:38.643892,v4,0,0.9493480016255851,0.05065199837441515
2026-02-15T17:11:38.668897,v4,0,0.9594680731727483,0.04053192682725178
2026-02-15T17:11:38.692895,v4,0,0.9694520244787849,0.030547975521215166
2026-02-15T17:11:38.712902,v4,0,0.8153558276977293,0.18464417230227056
2026-02-15T17:11:38.731926,v4,0,0.9743480072746199,0.025651992725380223
2026-02-15T17:11:38.751911,v4,0,0.92485791062496,0.07514208937503992
2026-02-15T17:11:38.775920,v4,0,0.957372412017406,0.04262758798259381
2026-02-15T17:11:38.801916,v4,0,0.9685282185187676,0.031471781481232246
2026-02-15T17:11:38.821922,v4,0,0.9444574330253548,0.05554256697464535
2026-02-15T17:11:38.842962,v4,0,0.94252006176214,0.05747993823785988
2026-02-15T17:11:38.862962,v4,0,0.9446184348142636,0.055381565185736586
2026-02-15T17:11:38.885975,v4,0,0.8325037316440219,0.16749626835597808
2026-02-15T17:11:38.909965,v4,0,0.9427858999759015,0.05721410002409855
2026-02-15T17:11:38.929482,v4,0,0.8655796875917641,0.1344203124082362
2026-02-15T17:11:38.949997,v4,0,0.9437093212428772,0.05629067875712269
2026-02-15T17:11:38.969990,v4,0,0.9695243905629354,0.03047560943706454
2026-02-15T17:11:38.996003,v4,0,0.8348740013192368,0.16512599868076333
2026-02-15T17:11:39.017004,v4,0,0.9342587608853995,0.0657412391146002
2026-02-15T17:11:39.037041,v4,0,0.8987600430647197,0.10123995693528016
2026-02-15T17:11:39.057044,v4,0,0.8812612789169403,0.1187387210830598
2026-02-15T17:11:39.078055,v4,0,0.902837429628892,0.09716257037110793
2026-02-15T17:11:39.101072,v4,0,0.8864192113395484,0.11358078866045147
2026-02-15T17:11:39.121061,v4,1,0.0625,0.9375
2026-02-15T17:11:39.142096,v4,0,0.8914192113395484,0.10858078866045147
2026-02-15T17:11:39.164103,v4,0,0.8562906345396348,0.14370936546036517
2026-02-15T17:11:39.190114,v4,0,0.8913655304486501,0.10863446955134975
2026-02-15T17:11:39.221143,v4,0,0.9047220178497258,0.09527798215027414
2026-02-15T17:11:39.243247,v4,0,0.8518345976061619,0.14816540239383807
2026-02-15T17:11:39.264824,v4,0,0.8568987001702644,0.1431012998297355
2026-02-15T17:11:39.287854,v4,0,0.8247746667328129,0.1752253332671871
2026-02-15T17:11:39.313854,v4,0,0.8033331384144461,0.1966668615855539
2026-02-15T17:11:39.338880,v4,0,0.8267083284906386,0.1732916715093616
2026-02-15T17:11:39.362875,v4,0,0.9006737636850954,0.09932623631490445
2026-02-15T17:11:39.386888,v4,0,0.7818440826611447,0.21815591733885545
2026-02-15T17:11:39.409906,v4,0,0.7718800538841663,0.22811994611583386
2026-02-15T17:11:39.432955,v4,0,0.7616692259871701,0.23833077401282998
2026-02-15T17:11:39.472023,v4,0,0.766807499034686,0.23319250096531385
2026-02-15T17:11:39.511926,v4,0,0.7866820671546282,0.21331793284537195
2026-02-15T17:11:39.540171,v4,0,0.7668800538841662,0.23311994611583386
2026-02-15T17:11:39.562181,v4,0,0.8066436091694285,0.1933563908305716
2026-02-15T17:11:39.591174,v4,1,0.131875,0.868125
2026-02-15T17:11:39.622791,v4,0,0.9718125502369384,0.028187449763061735
2026-02-15T17:11:39.649823,v4,0,0.9720250806006137,0.027974919399386414
2026-02-15T17:11:39.673825,v4,0,0.9844705700165428,0.015529429983457037
2026-02-15T17:11:39.702825,v4,0,0.9203619478834228,0.07963805211657723
2026-02-15T17:11:39.729437,v4,0,0.9795632889570068,0.020436711042993192
2026-02-15T17:11:39.751003,v4,0,0.9848320769493489,0.015167923050651044
2026-02-15T17:11:39.773999,v4,0,0.9775632889570067,0.022436711042993194
2026-02-15T17:11:39.797016,v4,0,0.9727973631124618,0.027202636887537962
2026-02-15T17:11:39.822005,v4,0,0.8194133630768629,0.18058663692313734
2026-02-15T17:11:39.847096,v4,0,0.9776002046713056,0.02239979532869437
2026-02-15T17:11:39.873100,v4,0,0.9739194566155563,0.026080543384443725
2026-02-15T17:11:39.895105,v4,0,0.9832769985385224,0.016723001461477507
2026-02-15T17:11:39.915105,v4,0,0.8215166307681626,0.17848336923183744
2026-02-15T17:11:39.938141,v4,0,0.9786554555719437,0.02134454442805629
2026-02-15T17:11:39.964147,v4,0,0.984607068633688,0.015392931366311929
2026-02-15T17:11:39.990187,v4,0,0.9896895590817008,0.010310440918299336
2026-02-15T17:11:40.013716,v4,0,0.984607068633688,0.015392931366311929
2026-02-15T17:11:40.039854,v4,0,0.9592022869416814,0.0407977130583184
2026-02-15T17:11:40.062869,v4,0,0.9746700344432773,0.025329965556722733
2026-02-15T17:11:40.086866,v4,0,0.9896360831458719,0.010363916854128215
2026-02-15T17:11:40.105908,v4,0,0.9745731352184711,0.025426864781528936
2026-02-15T17:11:40.125869,v4,0,0.9742240864889367,0.025775913511063262
2026-02-15T17:11:40.145901,v4,0,0.9682469684822239,0.03175303151777575
2026-02-15T17:11:40.165911,v4,0,0.916505297548574,0.08349470245142601
2026-02-15T17:11:40.185915,v4,0,0.9745960837841503,0.0254039162158497
2026-02-15T17:11:40.207922,v4,0,0.9796520370914961,0.020347962908504137
2026-02-15T17:11:40.229922,v4,0,0.9729200916559804,0.027079908344019764
2026-02-15T17:11:40.249965,v4,0,0.9543626643083765,0.045637335691623454
2026-02-15T17:11:40.268965,v4,0,0.9882719591202321,0.011728040879767683
2026-02-15T17:11:40.292968,v4,0,0.9317992009916936,0.06820079900830638
2026-02-15T17:11:40.313977,v4,0,0.9784313830105817,0.021568616989418254
2026-02-15T17:11:40.333511,v4,0,0.9744237850901868,0.025576214909813086
2026-02-15T17:11:40.353116,v4,0,0.9579215586203803,0.04207844137961964
2026-02-15T17:11:40.374116,v4,0,0.947853673073897,0.05214632692610304
2026-02-15T17:11:40.397109,v4,0,0.916058467504544,0.083941532495456
2026-02-15T17:11:40.417123,v4,0,0.9496347194552139,0.05036528054478619
2026-02-15T17:11:40.436185,v4,0,0.9732643191536442,0.02673568084635571
2026-02-15T17:11:40.457184,v4,0,0.9596374487128558,0.04036255128714426
2026-02-15T17:11:40.479177,v4,0,0.9845858065593402,0.015414193440659784
2026-02-15T17:11:40.500727,v4,0,0.9745858065593402,0.02541419344065978
2026-02-15T17:11:40.520747,v4,0,0.9433992459594625,0.05660075404053762
2026-02-15T17:11:40.538801,v4,0,0.7978412868636099,0.2021587131363901
2026-02-15T17:11:40.559808,v4,0,0.9516940121425614,0.04830598785743865
2026-02-15T17:11:40.579807,v4,0,0.9493615675170579,0.05063843248294229
2026-02-15T17:11:40.603838,v4,0,0.9478859255675524,0.052114074432448
2026-02-15T17:11:40.628525,v4,0,0.9488332395177553,0.05116676048224459
2026-02-15T17:11:40.651058,v4,0,0.9594680731727483,0.04053192682725178
2026-02-15T17:11:40.674055,v4,0,0.9080452031332956,0.09195479686670435
2026-02-15T17:11:40.700086,v4,0,0.9538659925633424,0.046134007436657576
2026-02-15T17:11:40.730631,v4,0,0.9845108249546131,0.015489175045386938
2026-02-15T17:11:40.757788,v4,0,0.7777624652737584,0.22223753472624178
2026-02-15T17:11:40.781771,v4,0,0.9496184348142636,0.05038156518573658
2026-02-15T17:11:40.803770,v4,0,0.9524083832404275,0.04759161675957222
2026-02-15T17:11:40.839830,v4,0,0.944125691893115,0.055874308106884964
2026-02-15T17:11:40.878863,v4,0,0.7728414126421793,0.22715858735782074
2026-02-15T17:11:40.898867,v4,0,0.9546184348142636,0.04538156518573659
2026-02-15T17:11:40.918880,v4,0,0.7265965512598815,0.2734034487401184
2026-02-15T17:11:40.939982,v4,0,0.9440882752365586,0.0559117247634414
2026-02-15T17:11:40.964978,v4,0,0.9735587162910465,0.02644128370895331
2026-02-15T17:11:40.992091,v4,0,0.8275150695125026,0.17248493048749736
2026-02-15T17:11:41.013097,v4,0,0.9422310484319645,0.05776895156803543
2026-02-15T17:11:41.032621,v4,0,0.9437797437780886,0.05622025622191143
2026-02-15T17:11:41.052141,v4,0,0.9136050918379799,0.08639490816202018
2026-02-15T17:11:41.071142,v4,0,0.9539669511756799,0.04603304882432023
2026-02-15T17:11:41.092160,v4,0,0.9435315478939391,0.05646845210606075
2026-02-15T17:11:41.115142,v4,0,0.9281372498476417,0.07186275015235834
2026-02-15T17:11:41.133661,v4,0,0.917963403368917,0.08203659663108287
2026-02-15T17:11:41.153703,v4,0,0.8813098806765858,0.11869011932341417
2026-02-15T17:11:41.177752,v4,1,0.0625,0.9375
2026-02-15T17:11:41.198797,v4,0,0.924895487535013,0.07510451246498678
2026-02-15T17:11:41.222796,v4,0,0.9003653341117157,0.09963466588828421
2026-02-15T17:11:41.254017,v4,1,0.0575,0.9425
2026-02-15T17:11:41.274017,v4,0,0.9254177912743742,0.07458220872562567
2026-02-15T17:11:41.293023,v4,0,0.9054974447251574,0.09450255527484248
2026-02-15T17:11:41.315016,v4,0,0.9822688729617848,0.017731127038215153
2026-02-15T17:11:41.337033,v4,1,0.05708333333333333,0.9429166666666666
2026-02-15T17:11:41.357081,v4,0,0.9844406298967825,0.015559370103217516
2026-02-15T17:11:41.378068,v4,0,0.924270757750419,0.07572924224958105
2026-02-15T17:11:41.398051,v4,0,0.9367384989179713,0.06326150108202859
2026-02-15T17:11:41.420051,v4,0,0.9339837236030073,0.06601627639699278
2026-02-15T17:11:41.442129,v4,0,0.9946398619165293,0.0053601380834706145
2026-02-15T17:11:41.461140,v4,0,0.973752969579847,0.026247030420153097
2026-02-15T17:11:41.482128,v4,0,0.9745644435937088,0.025435556406291342
2026-02-15T17:11:41.503143,v4,0,0.9846613428185149,0.015338657181485133
2026-02-15T17:11:41.524828,v4,0,0.9765069018396294,0.023493098160370606
2026-02-15T17:11:41.546021,v4,0,0.984798152321221,0.015201847678778942
2026-02-15T17:11:41.565018,v4,0,0.9745731352184711,0.025426864781528936
2026-02-15T17:11:41.584008,v4,0,0.9745090326543685,0.0254909673456315
2026-02-15T17:11:41.605015,v4,0,0.9826281153555497,0.01737188464445
2026-02-15T17:11:41.630020,v4,0,0.9846700344432775,0.015329965556722724
2026-02-15T17:11:41.648778,v4,0,0.9735760198941414,0.026423980105858544
2026-02-15T17:11:41.668784,v4,0,0.9846700344432775,0.015329965556722724
2026-02-15T17:11:41.687785,v4,0,0.984798152321221,0.015201847678778942
2026-02-15T17:11:41.708784,v4,0,0.9734691258342206,0.026530874165779435
2026-02-15T17:11:41.731778,v4,0,0.9845429660695854,0.015457033930414492
2026-02-15T17:11:41.752813,v4,0,0.9846700344432775,0.015329965556722724
2026-02-15T17:11:41.772828,v4,0,0.8115660154081172,0.18843398459188263
2026-02-15T17:11:41.792812,v4,0,0.9691991270733523,0.03080087292664768
2026-02-15T17:11:41.813814,v4,0,0.9781889450909393,0.02181105490906059
2026-02-15T17:11:41.843839,v4,0,0.9653011698912496,0.03469883010875023
2026-02-15T17:11:41.863836,v4,0,0.9832765959566042,0.016723404043395763
2026-02-15T17:11:41.882830,v4,0,0.9737518131095849,0.026248186890415096
2026-02-15T17:11:41.902846,v4,0,0.9846601863482529,0.015339813651747134
2026-02-15T17:11:41.921851,v4,0,0.9730321687268711,0.02696783127312874
2026-02-15T17:11:41.945868,v4,0,0.9767668333446753,0.02323316665532472
2026-02-15T17:11:41.966942,v4,0,0.9737932790395538,0.02620672096044634
2026-02-15T17:11:41.986933,v4,0,0.9193559688005521,0.0806440311994479
2026-02-15T17:11:42.005944,v4,0,0.9896262350508473,0.010373764949152623
2026-02-15T17:11:42.026956,v4,0,0.9577003695000825,0.04229963049991735
2026-02-15T17:11:42.048996,v4,0,0.9683658697387785,0.031634130261221596
2026-02-15T17:11:42.067840,v4,0,0.9645039363482529,0.03549606365174714
2026-02-15T17:11:42.085840,v4,0,0.94410030154932,0.0558996984506802
2026-02-15T17:11:42.104840,v4,0,0.973136485327257,0.026863514672742773
2026-02-15T17:11:42.122840,v4,0,0.9437866276936399,0.056213372306360185
2026-02-15T17:11:42.147906,v4,0,0.8102832720372553,0.18971672796274475
2026-02-15T17:11:42.183935,v4,0,0.9732793749717484,0.02672062502825155
2026-02-15T17:11:42.213976,v4,0,0.9783938080010037,0.021606191998996157
2026-02-15T17:11:42.235013,v4,0,0.9596374487128558,0.04036255128714426
2026-02-15T17:11:42.254030,v4,0,0.939809639447742,0.060190360552257925
2026-02-15T17:11:42.275032,v4,0,0.9712063743933433,0.028793625606656468
2026-02-15T17:11:42.304037,v4,0,0.9495733461487532,0.050426653851246825
2026-02-15T17:11:42.324031,v4,0,0.9745217039952376,0.025478296004762348
2026-02-15T17:11:42.345061,v4,0,0.919891220292186,0.080108779707814
2026-02-15T17:11:42.364070,v4,0,0.9712379681372364,0.028762031862763503
2026-02-15T17:11:42.385058,v4,0,0.9492646682922518,0.050735331707748486
2026-02-15T17:11:42.409064,v4,0,0.9487745222639162,0.05122547773608379
2026-02-15T17:11:42.429080,v4,0,0.9595027287537612,0.040497271246238975
2026-02-15T17:11:42.449146,v4,0,0.9844000033011922,0.015599996698807926
2026-02-15T17:11:42.468140,v4,0,0.9494039706086457,0.05059602939135435
2026-02-15T17:11:42.489159,v4,0,0.9694520244787849,0.030547975521215166
2026-02-15T17:11:42.511144,v4,0,0.9398032646348811,0.060196735365119
2026-02-15T17:11:42.535245,v4,0,0.9533045438955593,0.04669545610444078
2026-02-15T17:11:42.555834,v4,0,0.9844121098387224,0.01558789016127766
2026-02-15T17:11:42.574840,v4,0,0.9547310247418967,0.045268975258103375
2026-02-15T17:11:42.595833,v4,0,0.9533867307303494,0.046613269269650745
2026-02-15T17:11:42.616833,v4,0,0.8426030599287774,0.15739694007122287
2026-02-15T17:11:42.636891,v4,0,0.9445543322501609,0.05544566774983916
2026-02-15T17:11:42.658895,v4,0,0.9694583997813102,0.030541600218689763
2026-02-15T17:11:42.677898,v4,0,0.7216078891283623,0.2783921108716377
2026-02-15T17:11:42.699892,v4,0,0.9735174824624712,0.026482517537528664
2026-02-15T17:11:42.723908,v4,0,0.9694602879988328,0.030539712001167105
2026-02-15T17:11:42.743996,v4,0,0.9539407455669974,0.04605925443300267
2026-02-15T17:11:42.764993,v4,0,0.9546095313995784,0.04539046860042158
2026-02-15T17:11:42.784990,v4,0,0.9281784540277147,0.07182154597228527
2026-02-15T17:11:42.806991,v4,0,0.8944192113395484,0.10558078866045147
2026-02-15T17:11:42.833516,v4,0,0.8842416134077774,0.11575838659222239
2026-02-15T17:11:42.853031,v4,0,0.8609656951671374,0.13903430483286244
2026-02-15T17:11:42.872032,v4,0,0.8963223121147422,0.10367768788525768
2026-02-15T17:11:42.893025,v4,0,0.8913223121147422,0.10867768788525767
2026-02-15T17:11:42.914131,v4,0,0.8898166472369842,0.11018335276301557
2026-02-15T17:11:42.944106,v4,0,0.829539216579166,0.17046078342083404
2026-02-15T17:11:42.967113,v4,0,0.8433299166832843,0.1566700833167158
2026-02-15T17:11:42.994097,v4,0,0.9048778057670444,0.09512219423295541
2026-02-15T17:11:43.013103,v4,0,0.8468345976061619,0.15316540239383808
2026-02-15T17:11:43.035128,v4,0,0.9098778057670444,0.09012219423295541
2026-02-15T17:11:43.058156,v4,0,0.8665851204245085,0.13341487957549153
2026-02-15T17:11:43.077139,v4,0,0.8809438775103692,0.11905612248963061
2026-02-15T17:11:43.097146,v4,0,0.9179694085935435,0.08203059140645635
2026-02-15T17:11:43.116152,v4,0,0.9013747509813341,0.09862524901866596
2026-02-15T17:11:43.137176,v4,0,0.7215153291711499,0.2784846708288502
2026-02-15T17:11:43.158177,v4,0,0.7866591600561089,0.21334083994389097
2026-02-15T17:11:43.179181,v4,1,0.16,0.84
2026-02-15T17:11:43.199189,v4,0,0.9844958367790839,0.015504163220916032
2026-02-15T17:11:43.218192,v4,0,0.9669591449331538,0.033040855066845974
2026-02-15T17:11:43.238251,v4,0,0.9729437430346287,0.02705625696537114
2026-02-15T17:11:43.262791,v4,0,0.8964040816002927,0.10359591839970733
2026-02-15T17:11:43.283780,v4,0,0.9746104097012954,0.025389590298704478
2026-02-15T17:11:43.306795,v4,0,0.9845225660431152,0.01547743395688474
2026-02-15T17:11:43.329802,v4,0,0.9671307316165063,0.03286926838349382
2026-02-15T17:11:43.354012,v4,0,0.9729338774168121,0.027066122583187854
2026-02-15T17:11:43.377016,v4,0,0.9477805153665932,0.0522194846334066
2026-02-15T17:11:43.397007,v4,0,0.9882758213694207,0.011724178630579087
2026-02-15T17:11:43.415017,v4,0,0.9775695867673418,0.022430413232658136
2026-02-15T17:11:43.445035,v4,0,0.972770101578174,0.027229898421826007
2026-02-15T17:11:43.478162,v4,0,0.9359101350973059,0.06408986490269393
2026-02-15T17:11:43.502097,v4,0,0.9882579589309144,0.011742041069085425
2026-02-15T17:11:43.525094,v4,0,0.8216221814642833,0.17837781853571655
2026-02-15T17:11:43.545137,v4,0,0.964141352379543,0.03585864762045682
2026-02-15T17:11:43.564143,v4,0,0.9591553973233633,0.040844602676636595
2026-02-15T17:11:43.586135,v4,0,0.9746059318791747,0.025394068120825296
2026-02-15T17:11:43.608129,v4,0,0.9832916107190018,0.016708389280998128
2026-02-15T17:11:43.628217,v4,0,0.994607068633688,0.0053929313663119306
2026-02-15T17:11:43.648182,v4,0,0.9633737380587454,0.036626261941254484
2026-02-15T17:11:43.669178,v4,0,0.9161261751751304,0.08387382482486952
2026-02-15T17:11:43.691196,v4,0,0.9746059318791747,0.025394068120825296
2026-02-15T17:11:43.717794,v4,0,0.9737616612046094,0.026238338795390684
2026-02-15T17:11:43.746876,v4,0,0.9746059318791747,0.025394068120825296
2026-02-15T17:11:43.771956,v4,0,0.9848267236302911,0.015173276369708862
2026-02-15T17:11:43.792898,v4,0,0.9723939758053937,0.027606024194606296
2026-02-15T17:11:43.812887,v4,0,0.9303112203733476,0.06968877962665233
2026-02-15T17:11:43.837976,v4,0,0.9693157746900583,0.03068422530994165
2026-02-15T17:11:43.868052,v4,0,0.9833111292701051,0.016688870729894827
2026-02-15T17:11:43.888134,v4,0,0.9805902377093568,0.019409762290643017
2026-02-15T17:11:43.909745,v4,0,0.9736591788123016,0.026340821187698437
2026-02-15T17:11:43.933319,v4,0,0.9896262350508473,0.010373764949152623
2026-02-15T17:11:43.958424,v4,0,0.9814960456523468,0.01850395434765312
2026-02-15T17:11:43.981790,v4,1,0.06208333333333333,0.9379166666666666
2026-02-15T17:11:44.003830,v4,0,0.9644398337841502,0.035560166215849696
2026-02-15T17:11:44.024839,v4,0,0.9245496206546036,0.07545037934539638
2026-02-15T17:11:44.051883,v4,0,0.9494398337841503,0.05056016621584969
2026-02-15T17:11:44.076900,v4,0,0.949342934559344,0.05065706544065589
2026-02-15T17:11:44.098904,v4,0,0.7877129922507532,0.21228700774924694
2026-02-15T17:11:44.119985,v4,0,0.959634719455214,0.040365280544786185
2026-02-15T17:11:44.141138,v4,0,0.9484966528457395,0.051503347154260644
2026-02-15T17:11:44.171238,v4,0,0.9732672684342181,0.02673273156578182
2026-02-15T17:11:44.201852,v4,0,0.9528069834462477,0.04719301655375253
2026-02-15T17:11:44.222855,v4,0,0.9745217039952376,0.025478296004762348
2026-02-15T17:11:44.243926,v4,0,0.9397534733915761,0.06024652660842399
2026-02-15T17:11:44.264922,v4,0,0.8908570955799914,0.10914290442000879
2026-02-15T17:11:44.283933,v4,0,0.939755128472675,0.06024487152732501
2026-02-15T17:11:44.307933,v4,0,0.9534009010405613,0.04659909895943864
2026-02-15T17:11:44.328929,v4,0,0.9195226111580083,0.08047738884199179
2026-02-15T17:11:44.352989,v4,0,0.959474157444691,0.04052584255530906
2026-02-15T17:11:44.382006,v4,0,0.9525216349180817,0.047478365081918286
2026-02-15T17:11:44.405006,v4,0,0.9666882298162295,0.0333117701837703
2026-02-15T17:11:44.429018,v4,0,0.9576281405737721,0.04237185942622778
2026-02-15T17:11:44.449081,v4,0,0.9795559101814473,0.020444089818552776
2026-02-15T17:11:44.472070,v4,0,0.9716845585751102,0.02831544142488971
2026-02-15T17:11:44.500065,v4,0,0.9297961313215304,0.07020386867846952
2026-02-15T17:11:44.521066,v4,0,0.9594812426196314,0.040518757380368545
2026-02-15T17:11:44.547140,v4,0,0.9594812426196314,0.040518757380368545
2026-02-15T17:11:44.570146,v4,0,0.9492238063165531,0.05077619368344689
2026-02-15T17:11:44.592150,v4,0,0.9845436887860909,0.015456311213909238
2026-02-15T17:11:44.613166,v4,0,0.9445543322501609,0.05544566774983916
2026-02-15T17:11:44.637253,v4,0,0.9475924718976456,0.05240752810235429
2026-02-15T17:11:44.658778,v4,0,0.9442806441689506,0.05571935583104952
2026-02-15T17:11:44.679779,v4,0,0.9532517365333305,0.046748263466669465
2026-02-15T17:11:44.698778,v4,0,0.9545391088643672,0.045460891135632835
2026-02-15T17:11:44.718779,v4,0,0.9438062204676834,0.056193779532316496
2026-02-15T17:11:44.739324,v4,0,0.9420358999759013,0.05796410002409855
2026-02-15T17:11:44.762853,v4,0,0.9435957711744777,0.05640422882552229
2026-02-15T17:11:44.785889,v4,0,0.9434105859892925,0.056589414010707474
2026-02-15T17:11:44.805907,v4,0,0.8884197022867426,0.11158029771325761
2026-02-15T17:11:44.824792,v4,0,0.8759005381522107,0.12409946184778925
2026-02-15T17:11:44.844747,v4,0,0.8887642500483124,0.1112357499516874
2026-02-15T17:11:44.866781,v4,0,0.9092630671597923,0.09073693284020752
2026-02-15T17:11:44.887749,v4,0,0.868403215566093,0.13159678443390688
2026-02-15T17:11:44.911757,v4,0,0.9215493795465954,0.07845062045340442
2026-02-15T17:11:44.940796,v4,1,0.0575,0.9425
2026-02-15T17:11:44.970832,v4,0,0.9002565853757232,0.09974341462427683
2026-02-15T17:11:44.996920,v4,0,0.9005999012842208,0.09940009871577914
2026-02-15T17:11:45.016924,v4,0,0.9304818938384769,0.06951810616152311
2026-02-15T17:11:45.037457,v4,0,0.8411359883058576,0.15886401169414227
2026-02-15T17:11:45.055959,v4,0,0.8805930649781307,0.1194069350218692
2026-02-15T17:11:45.079958,v4,0,0.8809699191770359,0.11903008082296396
2026-02-15T17:11:45.108976,v4,0,0.917970910095045,0.08202908990495483
2026-02-15T17:11:45.131975,v4,0,0.926374750981334,0.07362524901866596
2026-02-15T17:11:45.152007,v4,0,0.7917578984040493,0.20824210159595083
2026-02-15T17:11:45.171009,v4,0,0.7679479311334516,0.2320520688665484
2026-02-15T17:11:45.190022,v4,0,0.8065373852094122,0.1934626147905877
2026-02-15T17:11:45.214081,v4,0,0.8065373852094122,0.1934626147905877
2026-02-15T17:11:45.235614,v4,0,0.7668800538841662,0.23311994611583386
2026-02-15T17:11:45.255200,v4,0,0.9830262524631963,0.0169737475368037
2026-02-15T17:11:45.274756,v4,0,0.9844406298967825,0.015559370103217516
2026-02-15T17:11:45.295760,v4,0,0.9782459900891288,0.021754009910871123
2026-02-15T17:11:45.319795,v4,0,0.984674512265398,0.015325487734601904
2026-02-15T17:11:45.339307,v4,0,0.969146705698601,0.030853294301398996
2026-02-15T17:11:45.360825,v4,0,0.9745644435937088,0.025435556406291342
2026-02-15T17:11:45.383847,v4,0,0.9745003410296061,0.025499658970393906
2026-02-15T17:11:45.406965,v4,0,0.9788709900891288,0.021129009910871122
2026-02-15T17:11:45.434150,v4,0,0.9734604342094582,0.02653956579054184
2026-02-15T17:11:45.453685,v4,0,0.9845483193886432,0.015451680611356678
2026-02-15T17:11:45.475752,v4,0,0.9745972402544123,0.025402759745587703
2026-02-15T17:11:45.494758,v4,0,0.9946316158107114,0.005368384189288663
2026-02-15T17:11:45.515774,v4,0,0.9832765959566042,0.016723404043395763
2026-02-15T17:11:45.540956,v4,0,0.9745918869353545,0.02540811306464552
2026-02-15T17:11:45.560978,v4,0,0.9740473479575606,0.025952652042439385
2026-02-15T17:11:45.580980,v4,0,0.9113404774187213,0.08865952258127877
2026-02-15T17:11:45.600994,v4,0,0.9795719805817691,0.020428019418230782
2026-02-15T17:11:45.622005,v4,0,0.9747680380257201,0.025231961974279855
2026-02-15T17:11:45.643019,v4,0,0.9591553973233633,0.040844602676636595
2026-02-15T17:11:45.665026,v4,0,0.9745731352184711,0.025426864781528936
2026-02-15T17:11:45.685036,v4,0,0.977712227862368,0.02228777213763197
2026-02-15T17:11:45.704041,v4,0,0.8153629050264354,0.18463709497356443
2026-02-15T17:11:45.724051,v4,0,0.9586345032245829,0.0413654967754169
2026-02-15T17:11:45.749117,v4,0,0.9734691258342206,0.026530874165779435
2026-02-15T17:11:45.771119,v4,0,0.9736329016728589,0.02636709832714128
2026-02-15T17:11:45.792132,v4,0,0.9745090326543685,0.0254909673456315
2026-02-15T17:11:45.813136,v4,0,0.9746059318791747,0.025394068120825296
2026-02-15T17:11:45.833136,v4,0,0.9845265390271924,0.015473460972807324
2026-02-15T17:11:45.856171,v4,0,0.9847883042261968,0.01521169577380335
2026-02-15T17:11:45.875169,v4,0,0.9846601863482529,0.015339813651747134
2026-02-15T17:11:45.895219,v4,0,0.9833356894729186,0.016664310527081203
2026-02-15T17:11:45.918757,v4,0,0.9784150590805862,0.021584940919413778
2026-02-15T17:11:45.941790,v4,0,0.931187462061938,0.06881253793806189
2026-02-15T17:11:45.969805,v4,0,0.9846601863482529,0.015339813651747134
2026-02-15T17:11:45.989814,v4,0,0.9737518131095849,0.026248186890415096
2026-02-15T17:11:46.008823,v4,0,0.9844243445721719,0.01557565542782792
2026-02-15T17:11:46.029842,v4,0,0.9812196250945544,0.018780374905445346
2026-02-15T17:11:46.052964,v4,0,0.8052996616415633,0.19470033835843664
2026-02-15T17:11:46.075969,v4,0,0.9050806763852505,0.09491932361474947
2026-02-15T17:11:46.096978,v4,0,0.9744681667605087,0.025531833239491396
2026-02-15T17:11:46.115993,v4,0,0.973136485327257,0.026863514672742773
2026-02-15T17:11:46.135506,v4,0,0.9497615361595299,0.05023846384047045
2026-02-15T17:11:46.156037,v4,0,0.9477935369124395,0.05220646308756039
2026-02-15T17:11:46.177045,v4,0,0.9494737176663051,0.05052628233369494
2026-02-15T17:11:46.199045,v4,0,0.9494764469239471,0.050523553076053024
2026-02-15T17:11:46.219052,v4,0,0.9494764469239471,0.050523553076053024
2026-02-15T17:11:46.238561,v4,0,0.9494764469239471,0.050523553076053024
2026-02-15T17:11:46.260122,v4,0,0.957218575962538,0.042781424037462094
2026-02-15T17:11:46.283159,v4,0,0.9493465230576777,0.050653476942322466
2026-02-15T17:11:46.303174,v4,0,0.9496989767692454,0.05030102323075476
2026-02-15T17:11:46.322713,v4,0,0.9794658322437975,0.02053416775620265
2026-02-15T17:11:46.341762,v4,0,0.9482320919728754,0.05176790802712465
2026-02-15T17:11:46.364776,v4,0,0.9843099253635422,0.015690074636457805
2026-02-15T17:11:46.391781,v4,0,0.9493711739479421,0.050628826052057985
2026-02-15T17:11:46.425818,v4,0,0.9479924312232427,0.0520075687767575
2026-02-15T17:11:46.461919,v4,0,0.9594680731727483,0.04053192682725178
2026-02-15T17:11:46.483935,v4,0,0.9733004857252454,0.02669951427475451
2026-02-15T17:11:46.510952,v4,1,0.12,0.88
2026-02-15T17:11:46.532975,v4,0,0.9145410521006341,0.085458947899366
2026-02-15T17:11:46.553880,v4,0,0.9744121098387225,0.025587890161277656
2026-02-15T17:11:46.573884,v4,0,0.9071237857545867,0.09287621424541356
2026-02-15T17:11:46.594882,v4,0,0.9213220427770384,0.07867795722296139
2026-02-15T17:11:46.616890,v4,0,0.9731075923613729,0.02689240763862718
2026-02-15T17:11:46.638416,v4,0,0.7228414126421794,0.2771585873578207
2026-02-15T17:11:46.658941,v4,0,0.9476038097661263,0.05239619023387356
2026-02-15T17:11:46.678947,v4,0,0.9445562204676835,0.0554437795323165
2026-02-15T17:11:46.698955,v4,0,0.9524100806408825,0.04758991935911713
2026-02-15T17:11:46.718955,v4,0,0.9795243905629354,0.020475609437064543
2026-02-15T17:11:46.741972,v4,0,0.9436015052577109,0.05639849474228918
2026-02-15T17:11:46.762985,v4,0,0.9547673641903701,0.04523263580963002
2026-02-15T17:11:46.781997,v4,0,0.6758094732585178,0.3241905267414822
2026-02-15T17:11:46.801011,v4,0,0.8974923632129985,0.10250763678700159
2026-02-15T17:11:46.821023,v4,0,0.768116269991786,0.231883730008214
2026-02-15T17:11:46.845058,v4,0,0.8712612789169402,0.1287387210830598
2026-02-15T17:11:46.867577,v4,0,0.8998374296288919,0.10016257037110796
2026-02-15T17:11:46.888102,v4,0,0.9114852769824929,0.088514723017507
2026-02-15T17:11:46.908109,v4,0,0.9140636863084614,0.08593631369153862
2026-02-15T17:11:46.928119,v4,0,0.889060913176128,0.11093908682387166
2026-02-15T17:11:46.951161,v4,0,0.9170780529521878,0.08292194704781199
2026-02-15T17:11:46.974181,v4,0,0.9048778057670444,0.09512219423295541
2026-02-15T17:11:46.993695,v4,0,0.9054974447251574,0.0945025552748425
2026-02-15T17:11:47.014732,v4,0,0.926374750981334,0.07362524901866598
2026-02-15T17:11:47.035755,v4,0,0.8859804611368278,0.11401953886317222
2026-02-15T17:11:47.058799,v4,0,0.8660846431092725,0.13391535689072753
2026-02-15T17:11:47.079800,v4,0,0.7664566865024475,0.23354331349755242
2026-02-15T17:11:47.098808,v4,0,0.7566692259871701,0.24333077401283001
2026-02-15T17:11:47.118808,v4,1,0.06152173913043479,0.9384782608695653
2026-02-15T17:11:47.139321,v4,0,0.7748800538841663,0.22511994611583383
2026-02-15T17:11:47.167883,v4,0,0.774807499034686,0.22519250096531385
2026-02-15T17:11:47.190891,v4,0,0.9844705700165428,0.015529429983457037
2026-02-15T17:11:47.212883,v4,0,0.9661336224445346,0.03386637755546531
2026-02-15T17:11:47.232894,v4,0,0.9729109463739252,0.02708905362607478
2026-02-15T17:11:47.254071,v4,0,0.9782459900891288,0.021754009910871123
2026-02-15T17:11:47.277102,v4,0,0.9737661390267301,0.026233860973269865
2026-02-15T17:11:47.298104,v4,0,0.9745972402544123,0.025402759745587703
2026-02-15T17:11:47.318110,v4,0,0.9848320769493489,0.015167923050651044
2026-02-15T17:11:47.337627,v4,0,0.9781802534661769,0.021819746533822997
2026-02-15T17:11:47.358720,v4,0,0.9725003410296061,0.027499658970393904
2026-02-15T17:11:47.380782,v4,0,0.9735600749768686,0.026439925023131184
2026-02-15T17:11:47.400783,v4,0,0.9745644435937088,0.025435556406291342
2026-02-15T17:11:47.421806,v4,0,0.9687071270071064,0.03129287299289363
2026-02-15T17:11:47.440856,v4,0,0.9741425941221515,0.02585740587784824
2026-02-15T17:11:47.465369,v4,0,0.9774364288326675,0.02256357116733252
2026-02-15T17:11:47.490889,v4,0,0.9745918869353545,0.02540811306464552
2026-02-15T17:11:47.514884,v4,0,0.9747637272901217,0.025236272709878334
2026-02-15T17:11:47.534882,v4,0,0.9260297932122781,0.07397020678772187
2026-02-15T17:11:47.553062,v4,0,0.9743042130893229,0.025695786910677025
2026-02-15T17:11:47.572073,v4,0,0.9746059318791747,0.025394068120825296
2026-02-15T17:11:47.594089,v4,0,0.974467988927961,0.02553201107203887
2026-02-15T17:11:47.615097,v4,0,0.9796360831458718,0.020363916854128215
2026-02-15T17:11:47.636112,v4,0,0.9641553973233633,0.03584460267663659
2026-02-15T17:11:47.657164,v4,0,0.9846700344432775,0.015329965556722724
2026-02-15T17:11:47.679191,v4,0,0.9782546817138912,0.021745318286108716
2026-02-15T17:11:47.703753,v4,0,0.9848267236302911,0.015173276369708862
2026-02-15T17:11:47.724767,v4,0,0.9728717913601761,0.02712820863982368
2026-02-15T17:11:47.746787,v4,0,0.9766675815489222,0.023332418451077804
2026-02-15T17:11:47.773806,v4,0,0.9727787932029364,0.0272212067970636
2026-02-15T17:11:47.816859,v4,0,0.9746059318791747,0.025394068120825296
2026-02-15T17:11:47.853966,v4,0,0.9775558010065099,0.022444198993490053
2026-02-15T17:11:47.878003,v4,0,0.9745960837841503,0.0254039162158497
2026-02-15T17:11:47.900013,v4,0,0.9831088023654204,0.016891197634579545
2026-02-15T17:11:47.925028,v4,0,0.9816565691409687,0.018343430859031225
2026-02-15T17:11:47.948043,v4,0,0.9390379585914691,0.060962041408530926
2026-02-15T17:11:47.982069,v4,0,0.9845265390271924,0.015473460972807324
2026-02-15T17:11:48.008068,v4,0,0.974499184559344,0.025500815440655904
2026-02-15T17:11:48.029065,v4,0,0.9943913185849812,0.005608681415018753
2026-02-15T17:11:48.052091,v4,0,0.9746523794294488,0.02534762057055132
2026-02-15T17:11:48.077105,v4,0,0.973136485327257,0.026863514672742773
2026-02-15T17:11:48.100111,v4,0,0.9743881916306347,0.025611808369365222
2026-02-15T17:11:48.125170,v4,0,0.9844198539189998,0.015580146081000114
2026-02-15T17:11:48.146217,v4,0,0.9794116078131817,0.020588392186818162
2026-02-15T17:11:48.167789,v4,0,0.959634719455214,0.040365280544786185
2026-02-15T17:11:48.189803,v4,0,0.9533137989089217,0.04668620109107846
2026-02-15T17:11:48.224862,v4,0,0.9495733461487532,0.050426653851246825
2026-02-15T17:11:48.248053,v4,0,0.9494764469239471,0.050523553076053024
2026-02-15T17:11:48.268068,v4,0,0.9429512142154785,0.057048785784521765
2026-02-15T17:11:48.290084,v4,0,0.9476927001512216,0.052307299848778334
2026-02-15T17:11:48.310083,v4,0,0.9483207037120748,0.051679296287925336
2026-02-15T17:11:48.334089,v4,0,0.9495075248465865,0.050492475153413714
2026-02-15T17:11:48.357136,v4,0,0.9493764785534586,0.05062352144654148
2026-02-15T17:11:48.378145,v4,0,0.9583234938538975,0.04167650614610266
2026-02-15T17:11:48.398159,v4,0,0.8919574290182433,0.10804257098175685
2026-02-15T17:11:48.419165,v4,0,0.9631848265071763,0.036815173492823636
2026-02-15T17:11:48.440696,v4,0,0.9471892854229367,0.052810714577063454
2026-02-15T17:11:48.463801,v4,0,0.957235219822774,0.04276478017722577
2026-02-15T17:11:48.485820,v4,0,0.9348508564555063,0.06514914354449367
2026-02-15T17:11:48.507808,v4,0,0.9494171400555288,0.05058285994447112
2026-02-15T17:11:48.530825,v4,0,0.9370703584207094,0.06292964157929054
2026-02-15T17:11:48.553037,v4,0,0.9533663231989888,0.046633676801011166
2026-02-15T17:11:48.573039,v4,0,0.9446184348142636,0.055381565185736586
2026-02-15T17:11:48.593048,v4,0,0.9547528514466502,0.04524714855334984
2026-02-15T17:11:48.614068,v4,0,0.761295197355849,0.23870480264415092
2026-02-15T17:11:48.635092,v4,0,0.9682875388784847,0.0317124611215151
2026-02-15T17:11:48.657136,v4,0,0.9445543322501609,0.05544566774983916
2026-02-15T17:11:48.678145,v4,0,0.9646013232109472,0.03539867678905294
2026-02-15T17:11:48.697148,v4,0,0.939801669900891,0.060198330099108875
2026-02-15T17:11:48.717162,v4,0,0.9694602879988328,0.030539712001167105
2026-02-15T17:11:48.737182,v4,0,0.9433518687354533,0.05664813126454669
2026-02-15T17:11:48.759222,v4,0,0.9434593405143297,0.05654065948567031
2026-02-15T17:11:48.781798,v4,0,0.9196907455669974,0.08030925443300266
2026-02-15T17:11:48.801805,v4,0,0.9139500381542345,0.08604996184576531
2026-02-15T17:11:48.821808,v4,0,0.8940124433315458,0.105987556668454
2026-02-15T17:11:48.842823,v4,0,0.8560382500166176,0.14396174998338246
2026-02-15T17:11:48.866335,v4,0,0.9281401906921063,0.07185980930789362
2026-02-15T17:11:48.886874,v4,0,0.8913864146788447,0.1086135853211551
2026-02-15T17:11:48.906882,v4,0,0.8344666617296859,0.16553333827031402
2026-02-15T17:11:48.926889,v4,0,0.9115493795465954,0.08845062045340443
2026-02-15T17:11:48.948070,v4,0,0.8498075189930482,0.15019248100695168
2026-02-15T17:11:48.972089,v4,0,0.9254177912743742,0.07458220872562567
2026-02-15T17:11:48.992080,v4,0,0.9120525310417698,0.08794746895823013
2026-02-15T17:11:49.024093,v4,0,0.8988709903057116,0.10112900969428824
2026-02-15T17:11:49.053667,v4,1,0.1615212880143113,0.8384787119856888
2026-02-15T17:11:49.075220,v4,0,0.9873534578902884,0.012646542109711506
2026-02-15T17:11:49.098291,v4,0,0.9765135867995102,0.023486413200489668
2026-02-15T17:11:49.119816,v4,0,0.9189247446011237,0.08107525539887622
2026-02-15T17:11:49.140330,v4,0,0.8475468965461672,0.15245310345383267
2026-02-15T17:11:49.160862,v4,0,0.9848455126499247,0.01515448735007523
2026-02-15T17:11:49.183865,v4,0,0.9702924782664872,0.02970752173351264
2026-02-15T17:11:49.205865,v4,0,0.9745003410296061,0.025499658970393906
2026-02-15T17:11:49.224862,v4,0,0.9111354516129784,0.08886454838702168
2026-02-15T17:11:49.244968,v4,0,0.9846613428185149,0.015338657181485133
2026-02-15T17:11:49.265963,v4,0,0.9846613428185149,0.015338657181485133
2026-02-15T17:11:49.285968,v4,0,0.9884365490839728,0.011563450916026993
2026-02-15T17:11:49.311116,v4,0,0.9795632889570068,0.020436711042993192
2026-02-15T17:11:49.335779,v4,0,0.9734682503372837,0.026531749662716427
2026-02-15T17:11:49.357840,v4,0,0.972792009793404,0.027207990206595783
2026-02-15T17:11:49.388863,v4,0,0.9747777722339418,0.02522222776605811
2026-02-15T17:11:49.426386,v4,0,0.9845429660695854,0.015457033930414492
2026-02-15T17:11:49.452050,v4,0,0.9745731352184711,0.025426864781528936
2026-02-15T17:11:49.479049,v4,0,0.9735178803592578,0.026482119640742267
2026-02-15T17:11:49.504074,v4,0,0.9777985381208975,0.022201461879102536
2026-02-15T17:11:49.530075,v4,0,0.9673378097492276,0.032662190250772355
2026-02-15T17:11:49.566291,v4,0,0.9831356796520702,0.016864320347929573
2026-02-15T17:11:49.607009,v4,0,0.9781889450909393,0.02181105490906059
2026-02-15T17:11:49.630010,v4,0,0.9745731352184711,0.025426864781528936
2026-02-15T17:11:49.648089,v4,0,0.9746059318791747,0.025394068120825296
2026-02-15T17:11:49.667089,v4,0,0.9832644894190739,0.016735510580926028
2026-02-15T17:11:49.687094,v4,0,0.9796360831458718,0.020363916854128215
2026-02-15T17:11:49.708191,v4,0,0.9312436281181041,0.06875637188189582
2026-02-15T17:11:49.730121,v4,0,0.9745960837841503,0.0254039162158497
2026-02-15T17:11:49.749253,v4,0,0.9846601863482529,0.015339813651747134
2026-02-15T17:11:49.768839,v4,0,0.9643157746900584,0.03568422530994165
2026-02-15T17:11:49.790849,v4,0,0.9832328795655486,0.016767120434451048
2026-02-15T17:11:49.813912,v4,0,0.9736104242872645,0.026389575712735605
2026-02-15T17:11:49.833848,v4,0,0.9834973146776178,0.016502685322382044
2026-02-15T17:11:49.853866,v4,0,0.9806692515458749,0.0193307484541249
2026-02-15T17:11:49.872883,v4,0,0.9744070371234467,0.02559296287655334
2026-02-15T17:11:49.894879,v4,0,0.9633302846606244,0.03666971533937553
2026-02-15T17:11:49.915914,v4,0,0.973136485327257,0.026863514672742773
2026-02-15T17:11:49.934927,v4,0,0.9612992184998376,0.03870078150016224
2026-02-15T17:11:49.953981,v4,0,0.9731882444140162,0.02681175558598384
2026-02-15T17:11:49.972998,v4,0,0.9484610677675854,0.05153893223241458
2026-02-15T17:11:49.995019,v4,0,0.958260597630153,0.04173940236984696
2026-02-15T17:11:50.019026,v4,0,0.9477935369124395,0.05220646308756039
2026-02-15T17:11:50.038115,v4,0,0.9284740594371814,0.0715259405628186
2026-02-15T17:11:50.058148,v4,0,0.9235236783131416,0.07647632168685849
2026-02-15T17:11:50.078142,v4,0,0.9496374487128558,0.05036255128714426
2026-02-15T17:11:50.099159,v4,0,0.9537954468350628,0.04620455316493706
2026-02-15T17:11:50.131152,v4,0,0.9486415468467626,0.05135845315323759
2026-02-15T17:11:50.150741,v4,0,0.9596214000188924,0.04037859998110765
2026-02-15T17:11:50.170758,v4,0,0.9743889389640457,0.02561106103595444
2026-02-15T17:11:50.190759,v4,0,0.9593455188230945,0.04065448117690566
2026-02-15T17:11:50.212757,v4,0,0.9492838990614824,0.050716100938517715
2026-02-15T17:11:50.236762,v4,0,0.9494039706086457,0.05059602939135435
2026-02-15T17:11:50.256784,v4,0,0.9489397451734459,0.05106025482655409
2026-02-15T17:11:50.276796,v4,0,0.9493070713838395,0.05069292861616055
2026-02-15T17:11:50.295879,v4,0,0.9493711739479421,0.050628826052057985
2026-02-15T17:11:50.314793,v4,0,0.9508769116350098,0.04912308836499016
2026-02-15T17:11:50.351882,v4,0,0.9494868558668951,0.05051314413310501
2026-02-15T17:11:50.384894,v4,0,0.9845436887860909,0.015456311213909238
2026-02-15T17:11:50.409903,v4,0,0.9531468545548794,0.04685314544512052
2026-02-15T17:11:50.429905,v4,0,0.9545372206468445,0.04546277935315549
2026-02-15T17:11:50.451969,v4,0,0.9546184348142636,0.04538156518573659
2026-02-15T17:11:50.475969,v4,0,0.9545372206468445,0.04546277935315549
2026-02-15T17:11:50.497962,v4,0,0.8809837985171737,0.11901620148282642
2026-02-15T17:11:50.518970,v4,0,0.9684108400489282,0.03158915995107178
2026-02-15T17:11:50.537975,v4,0,0.9434105859892925,0.056589414010707474
2026-02-15T17:11:50.558034,v4,0,0.9496469799070391,0.05035302009296086
2026-02-15T17:11:50.582028,v4,0,0.867254011396082,0.13274598860391787
2026-02-15T17:11:50.602034,v4,0,0.9037890363653258,0.09621096363467407
2026-02-15T17:11:50.621039,v4,0,0.9281784540277147,0.07182154597228527
2026-02-15T17:11:50.640541,v4,0,0.9086820595872928,0.09131794041270698
2026-02-15T17:11:50.660892,v4,0,0.9287160462132621,0.07128395378673777
2026-02-15T17:11:50.682904,v4,0,0.8465906951671376,0.15340930483286244
2026-02-15T17:11:50.704907,v4,0,0.8788013199782108,0.12119868002178918
2026-02-15T17:11:50.724895,v4,0,0.8961668110727223,0.10383318892727765
2026-02-15T17:11:50.744962,v4,0,0.9086580391783763,0.09134196082162362
2026-02-15T17:11:50.774996,v4,0,0.8559656951671376,0.14403430483286245
2026-02-15T17:11:50.800003,v4,0,0.9104177912743744,0.08958220872562567
2026-02-15T17:11:50.820005,v4,0,0.9073989144542268,0.09260108554577302
2026-02-15T17:11:50.840507,v4,0,0.9204818938384769,0.0795181061615231
2026-02-15T17:11:50.866150,v4,0,0.926374750981334,0.07362524901866598
2026-02-15T17:11:50.893175,v4,1,0.0525,0.9475
2026-02-15T17:11:50.926770,v4,0,0.9129709100950449,0.08702908990495484
2026-02-15T17:11:50.952138,v4,0,0.8313462550197446,0.16865374498025554
2026-02-15T17:11:50.979171,v4,1,0.055,0.945
2026-02-15T17:11:51.005165,v4,0,0.8015373852094122,0.19846261479058772
2026-02-15T17:11:51.028164,v4,0,0.7785553200815144,0.22144467991848554
2026-02-15T17:11:51.052197,v4,0,0.7616692259871701,0.23833077401282998
2026-02-15T17:11:51.071802,v4,1,0.10676744186046512,0.893232558139535
2026-02-15T17:11:51.091807,v4,0,0.9713087952204306,0.028691204779569393
2026-02-15T17:11:51.111813,v4,0,0.9914326543173988,0.008567345682601146
2026-02-15T17:11:51.131833,v4,0,0.9729109463739252,0.02708905362607478
2026-02-15T17:11:51.153734,v4,0,0.9830262524631963,0.0169737475368037
2026-02-15T17:11:51.176959,v4,0,0.9846613428185149,0.015338657181485133
2026-02-15T17:11:51.197959,v4,0,0.981591970321399,0.018408029678600737
2026-02-15T17:11:51.217980,v4,0,0.972770101578174,0.027229898421826007
2026-02-15T17:11:51.237976,v4,0,0.9708060728011955,0.029193927198804426
2026-02-15T17:11:51.261056,v4,0,0.9726258708089432,0.02737412919105678
2026-02-15T17:11:51.282063,v4,0,0.9738709900891288,0.026129009910871123
2026-02-15T17:11:51.301066,v4,0,0.9896273915211095,0.010372608478890624
2026-02-15T17:11:51.323068,v4,0,0.9744949877105483,0.025505012289451724
2026-02-15T17:11:51.345105,v4,0,0.9693249858066284,0.03067501419337158
2026-02-15T17:11:51.370131,v4,0,0.9845429660695854,0.015457033930414492
2026-02-15T17:11:51.392120,v4,0,0.9782546817138912,0.021745318286108716
2026-02-15T17:11:51.414137,v4,0,0.9729425690415746,0.027057430958425447
2026-02-15T17:11:51.433815,v4,0,0.8115660154081172,0.18843398459188263
2026-02-15T17:11:51.455863,v4,0,0.9746059318791747,0.025394068120825296
2026-02-15T17:11:51.478402,v4,0,0.9746059318791747,0.025394068120825296
2026-02-15T17:11:51.497913,v4,0,0.9745090326543685,0.0254909673456315
2026-02-15T17:11:51.517919,v4,0,0.9845429660695854,0.015457033930414492
2026-02-15T17:11:51.537919,v4,0,0.9833850589460351,0.016614941053964726
2026-02-15T17:11:51.561955,v4,0,0.9846700344432775,0.015329965556722724
2026-02-15T17:11:51.586960,v4,0,0.9261354516129782,0.07386454838702168
2026-02-15T17:11:51.608956,v4,0,0.9745090326543685,0.0254909673456315
2026-02-15T17:11:51.627957,v4,0,0.9746059318791747,0.025394068120825296
2026-02-15T17:11:51.648013,v4,0,0.8115660154081172,0.18843398459188263
2026-02-15T17:11:51.668010,v4,0,0.9781231705326214,0.021876829467378095
2026-02-15T17:11:51.690008,v4,0,0.9882795234167525,0.011720476583247258
2026-02-15T17:11:51.711021,v4,0,0.9846601863482529,0.015339813651747134
2026-02-15T17:11:51.731021,v4,0,0.9846601863482529,0.015339813651747134
2026-02-15T17:11:51.750052,v4,0,0.9693157746900583,0.03068422530994165
2026-02-15T17:11:51.780090,v4,0,0.9593719407462244,0.04062805925377559
2026-02-15T17:11:51.817082,v4,0,0.9834822588595137,0.016517741140486198
2026-02-15T17:11:51.845938,v4,0,0.9736104242872645,0.026389575712735605
2026-02-15T17:11:51.865943,v4,0,0.9782809643389427,0.021719035661057057
2026-02-15T17:11:51.886934,v4,0,0.9732750360418401,0.026724963958160063
2026-02-15T17:11:51.905940,v4,0,0.9845039363482528,0.015496063651747135
2026-02-15T17:11:51.927082,v4,0,0.9736619344704599,0.026338065529539927
2026-02-15T17:11:51.948157,v4,0,0.9440866961888302,0.055913303811169726
2026-02-15T17:11:51.968160,v4,0,0.9489083000298193,0.05109169997018074
2026-02-15T17:11:51.988821,v4,0,0.969453809455417,0.030546190544582984
2026-02-15T17:11:52.009823,v4,0,0.9844522941947373,0.015547705805262657
2026-02-15T17:11:52.036857,v4,0,0.9173304618845222,0.0826695381154778
2026-02-15T17:11:52.057901,v4,0,0.948726346216546,0.05127365378345414
2026-02-15T17:11:52.077914,v4,1,0.06,0.94
2026-02-15T17:11:52.098210,v4,0,0.9484506275783443,0.05154937242165589
2026-02-15T17:11:52.117751,v4,0,0.9596374487128558,0.04036255128714426
2026-02-15T17:11:52.141381,v4,0,0.9526160641778292,0.047383935822170827
2026-02-15T17:11:52.164980,v4,0,0.9484506275783443,0.05154937242165589
2026-02-15T17:11:52.183992,v4,0,0.9785100992242336,0.021489900775766478
2026-02-15T17:11:52.203993,v4,0,0.9597628047883607,0.04023719521163951
2026-02-15T17:11:52.224997,v4,0,0.9492974649529553,0.05070253504704485
2026-02-15T17:11:52.251175,v4,0,0.9493615675170579,0.05063843248294229
2026-02-15T17:11:52.274214,v4,0,0.9742458227994396,0.02575417720056037
2026-02-15T17:11:52.294740,v4,0,0.9494680731727483,0.050531926827251786
2026-02-15T17:11:52.314745,v4,0,0.8436979336890067,0.15630206631099328
2026-02-15T17:11:52.337751,v4,0,0.9743359007370895,0.025664099262910484
2026-02-15T17:11:52.359753,v4,0,0.9489397451734459,0.05106025482655409
2026-02-15T17:11:52.381754,v4,0,0.9492181930692896,0.05078180693071043
2026-02-15T17:11:52.400761,v4,0,0.9513825248822733,0.04861747511772662
2026-02-15T17:11:52.419764,v4,0,0.9475839231226275,0.05241607687737224
2026-02-15T17:11:52.440758,v4,0,0.9547528514466502,0.04524714855334984
2026-02-15T17:11:52.465809,v4,0,0.9546013232109472,0.04539867678905294
2026-02-15T17:11:52.484830,v4,0,0.9616636340353049,0.03833636596469516
2026-02-15T17:11:52.503828,v4,0,0.9646032114284698,0.03539678857153028
2026-02-15T17:11:52.522828,v4,0,0.9540533354946306,0.045946664505369446
2026-02-15T17:11:52.543342,v4,0,0.9438766430028948,0.05612335699710523
2026-02-15T17:11:52.566870,v4,0,0.9385149431760647,0.06148505682393538
2026-02-15T17:11:52.590861,v4,0,0.9087381453610688,0.09126185463893098
2026-02-15T17:11:52.610871,v4,0,0.9187160462132621,0.08128395378673776
2026-02-15T17:11:52.630863,v4,0,0.8045875471196743,0.19541245288032563
2026-02-15T17:11:52.651917,v4,0,0.8030251334113193,0.19697486658868082
2026-02-15T17:11:52.672912,v4,0,0.9254277756343996,0.07457222436560028
2026-02-15T17:11:52.695990,v4,0,0.9064833139036509,0.09351668609634889
2026-02-15T17:11:52.716916,v4,0,0.9203413658881662,0.07965863411183366
2026-02-15T17:11:52.735925,v4,0,0.7771918000779858,0.2228081999220142
2026-02-15T17:11:52.754977,v4,0,0.7631742789869475,0.23682572101305252
2026-02-15T17:11:52.776982,v4,0,0.8562737001702644,0.1437262998297355
2026-02-15T17:11:52.803985,v4,0,0.9129453881846268,0.08705461181537298
2026-02-15T17:11:52.823984,v4,0,0.8705670171681125,0.12943298283188728
2026-02-15T17:11:52.845026,v4,0,0.8612127039362436,0.13878729606375628
2026-02-15T17:11:52.864036,v4,0,0.8116436091694283,0.18835639083057157
2026-02-15T17:11:52.886044,v4,0,0.7966591600561089,0.20334083994389096
2026-02-15T17:11:52.907040,v4,0,0.9728524570570862,0.027147542942913803
2026-02-15T17:11:52.927048,v4,0,0.9400156661951385,0.0599843338048613
2026-02-15T17:11:52.946116,v4,0,0.9844705700165428,0.015529429983457037
2026-02-15T17:11:52.965117,v4,0,0.9746104097012954,0.025389590298704478
2026-02-15T17:11:52.993122,v4,0,0.9844705700165428,0.015529429983457037
2026-02-15T17:11:53.017818,v4,0,0.9727896466475815,0.027210353352418625
2026-02-15T17:11:53.043350,v4,0,0.9844584634790126,0.015541536520987305
2026-02-15T17:11:53.062859,v4,0,0.9826613428185149,0.017338657181485133
2026-02-15T17:11:53.083878,v4,0,0.9766015146977906,0.023398485302209466
2026-02-15T17:11:53.107376,v4,0,0.9882633122499722,0.01173668775002761
2026-02-15T17:11:53.138909,v4,0,0.9844461249336226,0.015553875066377272
2026-02-15T17:11:53.174979,v4,0,0.9846559894994571,0.015344010500542949
2026-02-15T17:11:53.196076,v4,0,0.9737257507889594,0.026274249211040615
2026-02-15T17:11:53.218079,v4,0,0.9845429660695854,0.015457033930414492
2026-02-15T17:11:53.240089,v4,0,0.982568844994647,0.017431155005353013
2026-02-15T17:11:53.259123,v4,0,0.9745731352184711,0.025426864781528936
2026-02-15T17:11:53.279136,v4,0,0.9746059318791747,0.025394068120825296
2026-02-15T17:11:53.298137,v4,0,0.9845429660695854,0.015457033930414492
2026-02-15T17:11:53.318145,v4,0,0.9746700344432773,0.025329965556722733
2026-02-15T17:11:53.338136,v4,0,0.9734822952811037,0.026517704718896203
2026-02-15T17:11:53.358166,v4,0,0.9831231705326214,0.016876829467378097
2026-02-15T17:11:53.377175,v4,0,0.9726543073516667,0.02734569264833331
2026-02-15T17:11:53.396188,v4,0,0.9833725498265866,0.01662745017341325
2026-02-15T17:11:53.414183,v4,1,0.07,0.93
2026-02-15T17:11:53.434181,v4,0,0.9788796817138912,0.021120318286108716
2026-02-15T17:11:53.456851,v4,0,0.983296073452001,0.01670392654799898
2026-02-15T17:11:53.476841,v4,0,0.9736104242872645,0.026389575712735605
2026-02-15T17:11:53.494848,v4,0,0.9637412449678402,0.036258755032159744
2026-02-15T17:11:53.513846,v4,0,0.9844243445721719,0.01557565542782792
2026-02-15T17:11:53.534849,v4,0,0.9884376688368907,0.011562331163109165
2026-02-15T17:11:53.556049,v4,0,0.9746601863482529,0.025339813651747138
2026-02-15T17:11:53.582046,v4,0,0.976872222516856,0.023127777483144176
2026-02-15T17:11:53.609738,v4,0,0.9733171152137413,0.026682884786258767
2026-02-15T17:11:53.630752,v4,0,0.9695039363482529,0.03049606365174714
2026-02-15T17:11:53.650780,v4,0,0.9586971771303509,0.041302822869648856
2026-02-15T17:11:53.671796,v4,0,0.958129814523192,0.0418701854768079
2026-02-15T17:11:53.696835,v4,0,0.9639930433969597,0.03600695660303988
2026-02-15T17:11:53.718833,v4,0,0.9439174108006009,0.056082589199399235
2026-02-15T17:11:53.737839,v4,0,0.9525841943083659,0.04741580569163397
2026-02-15T17:11:53.757994,v4,0,0.9571285365515316,0.04287146344846829
2026-02-15T17:11:53.778994,v4,0,0.9784623678183456,0.021537632181654366
2026-02-15T17:11:53.800987,v4,0,0.9744917638754772,0.025508236124522826
2026-02-15T17:11:53.820999,v4,0,0.9595572974547898,0.0404427025452102
2026-02-15T17:11:53.841004,v4,0,0.8397857787658218,0.1602142212341783
2026-02-15T17:11:53.860940,v4,0,0.9145787772141744,0.08542122278582574
2026-02-15T17:11:53.881923,v4,0,0.9396881847436498,0.06031181525635022
2026-02-15T17:11:53.903928,v4,0,0.9488688245959094,0.05113117540409065
2026-02-15T17:11:53.922935,v4,0,0.9692791274460832,0.030720872553916548
2026-02-15T17:11:53.941951,v4,0,0.9524552797030137,0.04754472029698625
2026-02-15T17:11:53.960786,v4,0,0.9690442180185913,0.03095578198140835
2026-02-15T17:11:53.981788,v4,0,0.9665215979039669,0.03347840209603293
2026-02-15T17:11:54.003780,v4,0,0.8947094318669541,0.10529056813304603
2026-02-15T17:11:54.024788,v4,0,0.9395054221112918,0.060494577888707886
2026-02-15T17:11:54.045864,v4,0,0.9744795862219883,0.025520413778011796
2026-02-15T17:11:54.064862,v4,0,0.9546184348142636,0.04538156518573659
2026-02-15T17:11:54.084871,v4,0,0.9683087253191627,0.03169127468083714
2026-02-15T17:11:54.105873,v4,0,0.9694583997813102,0.030541600218689763
2026-02-15T17:11:54.130870,v4,0,0.9546184348142636,0.04538156518573659
2026-02-15T17:11:54.150909,v4,0,0.9440882752365586,0.0559117247634414
2026-02-15T17:11:54.170899,v4,0,0.9516079669648583,0.04839203303514167
2026-02-15T17:11:54.191908,v4,0,0.9433401634540811,0.056659836545918746
2026-02-15T17:11:54.213928,v4,0,0.9545391088643672,0.045460891135632835
2026-02-15T17:11:54.235928,v4,0,0.9246266430028948,0.0753733569971052
2026-02-15T17:11:54.255045,v4,0,0.8989500381542345,0.1010499618457653
2026-02-15T17:11:54.273035,v4,0,0.9281633982096105,0.07183660179038942
2026-02-15T17:11:54.294035,v4,0,0.9287160462132621,0.07128395378673777
2026-02-15T17:11:54.314026,v4,0,0.8862537146204198,0.11374628537958023
2026-02-15T17:11:54.336065,v4,0,0.9214243795465955,0.07857562045340444
2026-02-15T17:11:54.356108,v4,0,0.8914192113395484,0.10858078866045147
2026-02-15T17:11:54.377099,v4,0,0.7515573006280803,0.24844269937191973
2026-02-15T17:11:54.397106,v4,0,0.829539216579166,0.17046078342083404
2026-02-15T17:11:54.429644,v4,0,0.8659656951671374,0.13403430483286244
2026-02-15T17:11:54.462785,v4,0,0.6732692764564421,0.326730723543558
2026-02-15T17:11:54.491922,v4,1,0.154375,0.845625
2026-02-15T17:11:54.512922,v4,0,0.9729493562818924,0.0270506437181076
2026-02-15T17:11:54.534924,v4,0,0.982400594611567,0.017599405388432906
2026-02-15T17:11:54.555039,v4,0,0.9729437430346287,0.02705625696537114
2026-02-15T17:11:54.579092,v4,0,0.9774058109287037,0.02259418907129629
2026-02-15T17:11:54.600098,v4,0,0.8116221814642833,0.18837781853571656
2026-02-15T17:11:54.620101,v4,0,0.9774058109287037,0.02259418907129629
2026-02-15T17:11:54.641108,v4,0,0.969146705698601,0.030853294301398996
2026-02-15T17:11:54.662877,v4,0,0.9844584634790126,0.015541536520987305
2026-02-15T17:11:54.686885,v4,0,0.9946316158107114,0.005368384189288663
2026-02-15T17:11:54.707891,v4,0,0.9641467056986008,0.035853294301399
2026-02-15T17:11:54.726893,v4,0,0.9690266596099516,0.03097334039004824
2026-02-15T17:11:54.747218,v4,0,0.9848320769493489,0.015167923050651044
2026-02-15T17:11:54.765741,v4,0,0.9745003410296061,0.025499658970393906
2026-02-15T17:11:54.786990,v4,0,0.9848267236302911,0.015173276369708862
2026-02-15T17:11:54.808998,v4,0,0.9882429031128102,0.011757096887189582
2026-02-15T17:11:54.832007,v4,0,0.9801369006532912,0.019863099346708574
2026-02-15T17:11:54.852062,v4,0,0.8164892720172938,0.18351072798270615
2026-02-15T17:11:54.872976,v4,0,0.9851281153555498,0.01487188464445
2026-02-15T17:11:54.897972,v4,0,0.9642115633795294,0.03578843662047053
2026-02-15T17:11:54.918982,v4,0,0.9592115633795294,0.04078843662047053
2026-02-15T17:11:54.938001,v4,0,0.8195166307681626,0.18048336923183744
2026-02-15T17:11:54.959029,v4,0,0.9745731352184711,0.025426864781528936
2026-02-15T17:11:54.985054,v4,0,0.9846700344432775,0.015329965556722724
2026-02-15T17:11:55.008049,v4,0,0.9794697861267485,0.020530213873251376
2026-02-15T17:11:55.029042,v4,0,0.9846700344432775,0.015329965556722724
2026-02-15T17:11:55.048550,v4,0,0.9845429660695854,0.015457033930414492
2026-02-15T17:11:55.069072,v4,0,0.9727787932029364,0.0272212067970636
2026-02-15T17:11:55.090076,v4,0,0.9786554555719437,0.02134454442805629
2026-02-15T17:11:55.116067,v4,0,0.9845265390271924,0.015473460972807324
2026-02-15T17:11:55.139155,v4,0,0.968851046647444,0.031148953352555905
2026-02-15T17:11:55.160116,v4,0,0.9734150590805862,0.02658494091941378
2026-02-15T17:11:55.179110,v4,0,0.9736104242872645,0.026389575712735605
2026-02-15T17:11:55.199113,v4,0,0.8145927524918739,0.18540724750812618
2026-02-15T17:11:55.221113,v4,0,0.9731029464082697,0.026897053591730506
2026-02-15T17:11:55.246803,v4,0,0.9833111292701051,0.016688870729894827
2026-02-15T17:11:55.265858,v4,0,0.9731029464082697,0.026897053591730506
2026-02-15T17:11:55.285859,v4,0,0.9843272160208785,0.015672783979121318
2026-02-15T17:11:55.305852,v4,0,0.9782630248940427,0.02173697510595711
2026-02-15T17:11:55.326873,v4,0,0.9594237850901868,0.040576214909813085
2026-02-15T17:11:55.349371,v4,0,0.9595039363482529,0.040496063651747134
2026-02-15T17:11:55.370879,v4,1,0.14906250978071334,0.8509374902192869
2026-02-15T17:11:55.391886,v4,0,0.8015965512598815,0.19840344874011845
2026-02-15T17:11:55.410887,v4,0,0.9484478983207023,0.051552101679297815
2026-02-15T17:11:55.432887,v4,0,0.9596186707612504,0.04038132923874956
2026-02-15T17:11:55.457100,v4,0,0.9284767886948234,0.07152321130517668
2026-02-15T17:11:55.478114,v4,0,0.9574319755206111,0.04256802447938877
2026-02-15T17:11:55.498201,v4,0,0.9495733461487532,0.050426653851246825
2026-02-15T17:11:55.520134,v4,0,0.9734776979181015,0.02652230208189847
2026-02-15T17:11:55.542140,v4,0,0.9785924432908708,0.021407556709129222
2026-02-15T17:11:55.562183,v4,0,0.9347443507998159,0.06525564920018416
2026-02-15T17:11:55.582199,v4,0,0.9742458227994396,0.02575417720056037
2026-02-15T17:11:55.601859,v4,0,0.9593615675170579,0.04063843248294228
2026-02-15T17:11:55.624865,v4,0,0.9571287141670836,0.042871285832916266
2026-02-15T17:11:55.649472,v4,0,0.9494039706086457,0.05059602939135435
2026-02-15T17:11:55.677525,v4,0,0.966342038106566,0.033657961893433945
2026-02-15T17:11:55.709051,v4,0,0.9662858720504,0.033714127949600006
2026-02-15T17:11:55.736105,v4,0,0.9595806631003815,0.04041933689961857
2026-02-15T17:11:55.759191,v4,0,0.9178684727492735,0.08213152725072657
2026-02-15T17:11:55.785188,v4,0,0.9744121098387225,0.025587890161277656
2026-02-15T17:11:55.803805,v4,0,0.9596013232109472,0.040398676789052936
2026-02-15T17:11:55.822794,v4,0,0.9547662871472261,0.04523371285277403
2026-02-15T17:11:55.842789,v4,0,0.9443382791717077,0.055661720828292564
2026-02-15T17:11:55.862831,v4,0,0.9445543322501609,0.05544566774983916
2026-02-15T17:11:55.888830,v4,0,0.9445543322501609,0.05544566774983916
2026-02-15T17:11:55.909834,v4,0,0.7264508702716319,0.2735491297283681
2026-02-15T17:11:55.929833,v4,0,0.9501600806408825,0.04983991935911713
2026-02-15T17:11:55.950846,v4,0,0.9446469799070392,0.055353020092960864
2026-02-15T17:11:55.973856,v4,0,0.9436776960166554,0.056322303983344535
2026-02-15T17:11:56.000876,v4,0,0.9438766430028948,0.05612335699710523
2026-02-15T17:11:56.020876,v4,0,0.9249228108684018,0.07507718913159817
2026-02-15T17:11:56.040871,v4,0,0.9437075084134691,0.05629249158653089
2026-02-15T17:11:56.062918,v4,0,0.8887642500483124,0.1112357499516874
2026-02-15T17:11:56.083918,v4,0,0.6951611171503402,0.30483888284965965
2026-02-15T17:11:56.110950,v4,0,0.7725413600405459,0.2274586399594541
2026-02-15T17:11:56.134037,v4,0,0.8861668110727221,0.11383318892727765
2026-02-15T17:11:56.155080,v4,0,0.8712700304764774,0.12872996952352245
2026-02-15T17:11:56.177081,v4,0,0.9265621542016799,0.07343784579832012
2026-02-15T17:11:56.198747,v4,0,0.9154177912743744,0.08458220872562566
2026-02-15T17:11:56.221800,v4,0,0.8147845599403806,0.18521544005961946
2026-02-15T17:11:56.242796,v4,1,0.03,0.97
2026-02-15T17:11:56.262833,v4,0,0.8809079062873476,0.1190920937126522
2026-02-15T17:11:56.282833,v4,0,0.9056737636850954,0.09432623631490447
2026-02-15T17:11:56.305847,v4,0,0.8963502314251298,0.10364976857487009
2026-02-15T17:11:56.329847,v4,0,0.973013458845995,0.026986541154005037
2026-02-15T17:11:56.348380,v4,0,0.9719138310495956,0.02808616895040439
2026-02-15T17:11:56.368942,v4,0,0.9845346725806455,0.015465327419354474
2026-02-15T17:11:56.388942,v4,0,0.9945538664386109,0.005446133561389025
2026-02-15T17:11:56.409937,v4,0,0.9844584634790126,0.015541536520987305
2026-02-15T17:11:56.432960,v4,0,0.9690266596099516,0.03097334039004824
2026-02-15T17:11:56.457031,v4,0,0.962146705698601,0.037853294301399
2026-02-15T17:11:56.476033,v4,0,0.9734736036563415,0.02652639634365861
2026-02-15T17:11:56.496045,v4,0,0.9846613428185149,0.015338657181485133
2026-02-15T17:11:56.517048,v4,0,0.9726258708089432,0.02737412919105678
2026-02-15T17:11:56.539062,v4,0,0.9729698486398337,0.02703015136016627
2026-02-15T17:11:56.560119,v4,0,0.9845483193886432,0.015451680611356678
2026-02-15T17:11:56.579238,v4,0,0.9745918869353545,0.02540811306464552
2026-02-15T17:11:56.600780,v4,0,0.9734550808904003,0.02654491910959966
2026-02-15T17:11:56.619789,v4,0,0.8166221814642833,0.18337781853571655
2026-02-15T17:11:56.643812,v4,0,0.9737616612046094,0.026238338795390684
2026-02-15T17:11:56.664842,v4,0,0.9788796817138912,0.021120318286108716
2026-02-15T17:11:56.688921,v4,0,0.9846700344432775,0.015329965556722724
2026-02-15T17:11:56.709849,v4,0,0.9846700344432775,0.015329965556722724
2026-02-15T17:11:56.730854,v4,0,0.9210792855568122,0.07892071444318774
2026-02-15T17:11:56.751886,v4,0,0.9709037932029364,0.0290962067970636
2026-02-15T17:11:56.774955,v4,0,0.9883129039858595,0.01168709601414037
2026-02-15T17:11:56.795880,v4,0,0.988325413105308,0.011674586894691847
2026-02-15T17:11:56.816891,v4,0,0.9896360831458719,0.010363916854128215
2026-02-15T17:11:56.838887,v4,0,0.9832644894190739,0.016735510580926028
2026-02-15T17:11:56.861938,v4,0,0.9737616612046094,0.026238338795390684
2026-02-15T17:11:56.884934,v4,0,0.9846700344432775,0.015329965556722724
2026-02-15T17:11:56.904933,v4,0,0.975175184401668,0.024824815598331954
2026-02-15T17:11:56.935958,v4,0,0.8195927524918738,0.18040724750812617
2026-02-15T17:11:56.967005,v4,0,0.9745960837841503,0.0254039162158497
2026-02-15T17:11:56.994088,v4,0,0.9734712251367523,0.02652877486324772
2026-02-15T17:11:57.015082,v4,0,0.9745960837841503,0.0254039162158497
2026-02-15T17:11:57.035738,v4,0,0.9835289027107176,0.01647109728928241
2026-02-15T17:11:57.055828,v4,0,0.9884376688368907,0.011562331163109165
2026-02-15T17:11:57.075827,v4,0,0.9845265390271924,0.015473460972807324
2026-02-15T17:11:57.101926,v4,0,0.9744070371234467,0.02559296287655334
2026-02-15T17:11:57.122970,v4,0,0.9794237850901868,0.020576214909813085
2026-02-15T17:11:57.143969,v4,0,0.7944358249735859,0.2055641750264142
2026-02-15T17:11:57.168027,v4,0,0.949342934559344,0.05065706544065589
2026-02-15T17:11:57.187023,v4,0,0.949342934559344,0.05065706544065589
2026-02-15T17:11:57.218578,v4,0,0.9844522941947373,0.015547705805262657
2026-02-15T17:11:57.243084,v4,0,0.9495706168911113,0.05042938310888874
2026-02-15T17:11:57.263689,v4,0,0.9495378202304078,0.050462179769592386
2026-02-15T17:11:57.283763,v4,0,0.9397507441339341,0.06024925586606591
2026-02-15T17:11:57.302756,v4,0,0.9525436540423234,0.047456345957676414
2026-02-15T17:11:57.325762,v4,0,0.9733422520271202,0.026657747972879783
2026-02-15T17:11:57.346761,v4,0,0.9397534733915761,0.06024652660842399
2026-02-15T17:11:57.366788,v4,0,0.9479512142154785,0.05204878578452176
2026-02-15T17:11:57.385803,v4,0,0.9580405229687934,0.0419594770312065
2026-02-15T17:11:57.405788,v4,0,0.7927852465860132,0.2072147534139868
2026-02-15T17:11:57.432836,v4,0,0.94780702343892,0.052192976561080046
2026-02-15T17:11:57.451934,v4,0,0.9742244737449712,0.02577552625502875
2026-02-15T17:11:57.471934,v4,0,0.9742458227994396,0.02575417720056037
2026-02-15T17:11:57.491934,v4,0,0.9494039706086457,0.05059602939135435
2026-02-15T17:11:57.511942,v4,0,0.9594680731727483,0.04053192682725178
2026-02-15T17:11:57.534940,v4,0,0.984343788969326,0.01565621103067399
2026-02-15T17:11:57.554002,v4,0,0.9743359007370895,0.025664099262910484
2026-02-15T17:11:57.573014,v4,0,0.9494171400555288,0.05058285994447112
2026-02-15T17:11:57.592998,v4,0,0.9494812426196314,0.050518757380368554
2026-02-15T17:11:57.612996,v4,0,0.9494868558668951,0.05051314413310501
2026-02-15T17:11:57.635035,v4,0,0.9494574330253548,0.050542566974645355
2026-02-15T17:11:57.654078,v4,0,0.8477464151726848,0.15225358482731524
2026-02-15T17:11:57.672083,v4,0,0.9390769373680778,0.06092306263192212
2026-02-15T17:11:57.691073,v4,0,0.9445234643568928,0.05547653564310738
2026-02-15T17:11:57.710706,v4,0,0.9443553852639216,0.05564461473607846
2026-02-15T17:11:57.731774,v4,0,0.9546203230317861,0.04537967696821393
2026-02-15T17:11:57.752817,v4,0,0.9433401634540811,0.056659836545918746
2026-02-15T17:11:57.775814,v4,0,0.9694602879988328,0.030539712001167105
2026-02-15T17:11:57.794818,v4,0,0.9743594805788954,0.02564051942110452
2026-02-15T17:11:57.814822,v4,0,0.9494560606386208,0.05054393936137916
2026-02-15T17:11:57.841830,v4,0,0.9469261205188603,0.05307387948113964
2026-02-15T17:11:57.863917,v4,0,0.9244355310332922,0.07556446896670774
2026-02-15T17:11:57.883914,v4,0,0.9237160462132621,0.07628395378673776
2026-02-15T17:11:57.903914,v4,0,0.8515906951671375,0.14840930483286244
2026-02-15T17:11:57.923914,v4,0,0.8616632500166175,0.13833674998338247
2026-02-15T17:11:57.944921,v4,0,0.8914833139036509,0.1085166860963489
2026-02-15T17:11:57.970065,v4,0,0.7778640330045289,0.22213596699547122
2026-02-15T17:11:57.995065,v4,0,0.9265621542016799,0.07343784579832012
2026-02-15T17:11:58.016064,v4,0,0.9061599844783721,0.09384001552162796
2026-02-15T17:11:58.035068,v4,0,0.8662983590883755,0.13370164091162443
2026-02-15T17:11:58.054817,v4,0,0.8247831190181905,0.17521688098180965
2026-02-15T17:11:58.078745,v4,0,0.9796451113059033,0.02035488869409682
2026-02-15T17:11:58.100736,v4,0,0.9775393022929678,0.02246069770703212
2026-02-15T17:11:58.120758,v4,0,0.9781802534661769,0.021819746533822997
2026-02-15T17:11:58.139743,v4,0,0.947868580079658,0.05213141992034189
2026-02-15T17:11:58.159755,v4,0,0.9527243493104272,0.04727565068957266
2026-02-15T17:11:58.183766,v4,0,0.9745972402544123,0.025402759745587703
2026-02-15T17:11:58.205771,v4,0,0.9745972402544123,0.025402759745587703
2026-02-15T17:11:58.227772,v4,0,0.9825660145002137,0.01743398549978576
2026-02-15T17:11:58.253113,v4,0,0.9846124219527458,0.015387578047254113
2026-02-15T17:11:58.287137,v4,0,0.9781802534661769,0.021819746533822997
2026-02-15T17:11:58.321905,v4,0,0.9163971210434481,0.08360287895655187
2026-02-15T17:11:58.341913,v4,0,0.9816099292899375,0.01839007071006243
2026-02-15T17:11:58.364939,v4,0,0.98333011389109,0.016669886108909782
2026-02-15T17:11:58.385946,v4,0,0.9774145025534661,0.022585497446533882
2026-02-15T17:11:58.405947,v4,0,0.9884986499393087,0.011501350060691234
2026-02-15T17:11:58.427949,v4,0,0.9746700344432773,0.025329965556722733
2026-02-15T17:11:58.446943,v4,0,0.9746059318791747,0.025394068120825296
2026-02-15T17:11:58.465984,v4,0,0.9734691258342206,0.026530874165779435
2026-02-15T17:11:58.485983,v4,0,0.9846700344432775,0.015329965556722724
2026-02-15T17:11:58.506983,v4,0,0.984798152321221,0.015201847678778942
2026-02-15T17:11:58.527984,v4,0,0.9795719805817691,0.020428019418230782
2026-02-15T17:11:58.549503,v4,0,0.9881356796520702,0.011864320347929579
2026-02-15T17:11:58.570079,v4,0,0.9897315660913465,0.010268433908653441
2026-02-15T17:11:58.591024,v4,0,0.9846700344432775,0.015329965556722724
2026-02-15T17:11:58.612022,v4,0,0.9846700344432775,0.015329965556722724
2026-02-15T17:11:58.637023,v4,0,0.994309264740529,0.005690735259470916
2026-02-15T17:11:58.657069,v4,0,0.9745960837841503,0.0254039162158497
2026-02-15T17:11:58.676079,v4,0,0.9745960837841503,0.0254039162158497
2026-02-15T17:11:58.697059,v4,0,0.9789552435439832,0.021044756456016764
2026-02-15T17:11:58.717063,v4,0,0.9882328795655486,0.011767120434451049
2026-02-15T17:11:58.745080,v4,0,0.9775558010065099,0.022444198993490053
2026-02-15T17:11:58.767129,v4,0,0.9845265390271924,0.015473460972807324
2026-02-15T17:11:58.787116,v4,0,0.974499184559344,0.025500815440655904
2026-02-15T17:11:58.806118,v4,0,0.9745960837841503,0.0254039162158497
2026-02-15T17:11:58.827119,v4,0,0.9733171152137413,0.026682884786258767
2026-02-15T17:11:58.848113,v4,0,0.9726540441167449,0.027345955883254894
2026-02-15T17:11:58.868158,v4,0,0.9731485918647874,0.026851408135212505
2026-02-15T17:11:58.888158,v4,0,0.9483171152137413,0.051682884786258765
2026-02-15T17:11:58.908158,v4,0,0.9587548145231921,0.04124518547680791
2026-02-15T17:11:58.931161,v4,0,0.952509577257571,0.047490422742428866
2026-02-15T17:11:58.953708,v4,0,0.9325661090530533,0.06743389094694682
2026-02-15T17:11:58.972800,v4,0,0.9495706168911113,0.05042938310888874
2026-02-15T17:11:58.992819,v4,0,0.9745830773016984,0.025416922698301706
2026-02-15T17:11:59.011821,v4,0,0.9495706168911113,0.05042938310888874
2026-02-15T17:11:59.032725,v4,0,0.9845858065593402,0.015414193440659784
2026-02-15T17:11:59.052830,v4,0,0.9581704468350628,0.04182955316493705
2026-02-15T17:11:59.072835,v4,0,0.9596374487128558,0.04036255128714426
2026-02-15T17:11:59.091838,v4,0,0.9596374487128558,0.04036255128714426
2026-02-15T17:11:59.110839,v4,0,0.9595572974547898,0.0404427025452102
2026-02-15T17:11:59.130833,v4,0,0.919907609896494,0.08009239010350591
2026-02-15T17:11:59.152916,v4,0,0.9742458227994396,0.02575417720056037
2026-02-15T17:11:59.176918,v4,0,0.9492646682922518,0.050735331707748486
2026-02-15T17:11:59.201933,v4,0,0.896906616281135,0.10309338371886508
2026-02-15T17:11:59.220929,v4,0,0.9844000033011922,0.015599996698807926
2026-02-15T17:11:59.239928,v4,0,0.9489265757265626,0.05107342427343732
2026-02-15T17:11:59.261024,v4,0,0.9475995104722444,0.05240048952775548
2026-02-15T17:11:59.287012,v4,0,0.9489265757265626,0.05107342427343732
2026-02-15T17:11:59.313146,v4,0,0.9744000033011921,0.02559999669880792
2026-02-15T17:11:59.332164,v4,0,0.9494812426196314,0.050518757380368554
2026-02-15T17:11:59.352285,v4,0,0.9786555652894832,0.02134443471051676
2026-02-15T17:11:59.372795,v4,1,0.07,0.93
2026-02-15T17:11:59.394818,v4,0,0.9448156740537906,0.05518432594620958
2026-02-15T17:11:59.417808,v4,0,0.9426833643500834,0.05731663564991659
2026-02-15T17:11:59.437816,v4,0,0.9594381919527197,0.04056180804728009
2026-02-15T17:11:59.457855,v4,0,0.9545624874093854,0.04543751259061449
2026-02-15T17:11:59.477862,v4,0,0.9694602879988328,0.030539712001167105
2026-02-15T17:11:59.498852,v4,0,0.9496469799070391,0.05035302009296086
2026-02-15T17:11:59.520870,v4,0,0.9695459946543443,0.030454005345655517
2026-02-15T17:11:59.540860,v4,0,0.9437797437780886,0.05622025622191143
2026-02-15T17:11:59.559912,v4,0,0.9245297437780886,0.0754702562219114
2026-02-15T17:11:59.591944,v4,0,0.939265549665592,0.06073445033440815
2026-02-15T17:11:59.635266,v4,0,0.9287160462132621,0.07128395378673777
2026-02-15T17:11:59.660962,v4,0,0.8042184232133046,0.19578157678669542
2026-02-15T17:11:59.680965,v4,0,0.9287801487773648,0.0712198512226352
2026-02-15T17:11:59.699962,v4,0,0.7316134666842464,0.2683865333157537
2026-02-15T17:11:59.719961,v4,0,0.8416632500166176,0.15833674998338246
2026-02-15T17:11:59.742955,v4,0,0.8932067341852468,0.10679326581475303
2026-02-15T17:11:59.775020,v4,0,0.8911668110727221,0.10883318892727764
2026-02-15T17:11:59.796058,v4,0,0.8953867752279601,0.10461322477203991
2026-02-15T17:11:59.816020,v4,0,0.8540874434716161,0.1459125565283838
2026-02-15T17:11:59.838021,v4,0,0.9098484889598207,0.0901515110401792
2026-02-15T17:11:59.860078,v4,0,0.8451185858455322,0.15488141415446768
2026-02-15T17:11:59.880070,v4,0,0.7898456011070332,0.21015439889296697
2026-02-15T17:11:59.898070,v4,0,0.8956737636850954,0.10432623631490445
2026-02-15T17:11:59.920070,v4,0,0.8116436091694283,0.18835639083057157
2026-02-15T17:11:59.940063,v4,0,0.7365138882489596,0.2634861117510404
2026-02-15T17:11:59.963173,v4,1,0.06152173913043479,0.9384782608695653
2026-02-15T17:11:59.987179,v4,1,0.07200000000000001,0.9279999999999999
2026-02-15T17:12:00.006106,v4,0,0.972919416162132,0.02708058383786808
2026-02-15T17:12:00.028191,v4,0,0.9771442000467738,0.022855799953226123
2026-02-15T17:12:00.055999,v4,0,0.9759029201006751,0.0240970798993248
2026-02-15T17:12:00.081018,v4,0,0.9791637244370506,0.02083627556294923
2026-02-15T17:12:00.100999,v4,0,0.9745135104764893,0.025486489523510677
2026-02-15T17:12:00.123010,v4,0,0.9686258115998205,0.03137418840017931
2026-02-15T17:12:00.143003,v4,0,0.9733021561452949,0.02669784385470507
2026-02-15T17:12:00.164785,v4,0,0.9788052534661769,0.021194746533822997
2026-02-15T17:12:00.194832,v4,0,0.9828035056402789,0.017196494359721128
2026-02-15T17:12:00.218839,v4,0,0.976515204439261,0.0234847955607389
2026-02-15T17:12:00.239844,v4,0,0.9728060728011956,0.027193927198804424
2026-02-15T17:12:00.259967,v4,0,0.9752679802666918,0.024732019733307783
2026-02-15T17:12:00.280969,v4,0,0.9729644953207759,0.02703550467922408
2026-02-15T17:12:00.304980,v4,0,0.988431195764915,0.011568804235084808
2026-02-15T17:12:00.323980,v4,0,0.9765098511202033,0.023490148879796714
2026-02-15T17:12:00.342983,v4,0,0.9745090326543685,0.0254909673456315
2026-02-15T17:12:00.362058,v4,0,0.9641553973233633,0.03584460267663659
2026-02-15T17:12:00.383060,v4,0,0.9733108477700573,0.02668915222994266
2026-02-15T17:12:00.406058,v4,0,0.9746700344432773,0.025329965556722733
2026-02-15T17:12:00.425067,v4,0,0.9751902402197722,0.024809759780227796
2026-02-15T17:12:00.444065,v4,0,0.8502968965461674,0.14970310345383267
2026-02-15T17:12:00.463112,v4,0,0.9795719805817691,0.020428019418230782
2026-02-15T17:12:00.484111,v4,0,0.9745090326543685,0.0254909673456315
2026-02-15T17:12:00.509118,v4,0,0.9203673864295137,0.07963261357048627
2026-02-15T17:12:00.532116,v4,0,0.9729425690415746,0.027057430958425447
2026-02-15T17:12:00.552647,v4,0,0.9846700344432775,0.015329965556722724
2026-02-15T17:12:00.571152,v4,0,0.9846700344432775,0.015329965556722724
2026-02-15T17:12:00.597172,v4,0,0.9736104242872645,0.026389575712735605
2026-02-15T17:12:00.620174,v4,0,0.9745960837841503,0.0254039162158497
2026-02-15T17:12:00.639178,v4,0,0.9214584079302557,0.07854159206974422
2026-02-15T17:12:00.659244,v4,0,0.9704615472579446,0.029538452742055295
2026-02-15T17:12:00.679773,v4,0,0.9883356894729186,0.011664310527081202
2026-02-15T17:12:00.699858,v4,0,0.9845265390271924,0.015473460972807324
2026-02-15T17:12:00.721785,v4,0,0.9311420506422382,0.06885794935776172
2026-02-15T17:12:00.742778,v4,0,0.9846065141570665,0.015393485842933496
2026-02-15T17:12:00.762817,v4,0,0.9806051489817723,0.019394851018227462
2026-02-15T17:12:00.786823,v4,0,0.9724825518132262,0.027517448186773697
2026-02-15T17:12:00.822883,v4,0,0.9635955631095849,0.03640443689041509
2026-02-15T17:12:00.855750,v4,0,0.9732892029045139,0.02671079709548591
2026-02-15T17:12:00.876751,v4,0,0.8016058276977293,0.19839417230227055
2026-02-15T17:12:00.897751,v4,0,0.9694878876542894,0.030512112345710517
2026-02-15T17:12:00.918260,v4,0,0.9745189747375957,0.02548102526240427
2026-02-15T17:12:00.938867,v4,0,0.9581353251249233,0.04186467487507657
2026-02-15T17:12:00.966103,v4,0,0.8377527687026111,0.16224723129738897
2026-02-15T17:12:00.988114,v4,0,0.9685346221536058,0.03146537784639425
2026-02-15T17:12:01.009837,v4,0,0.7965965512598815,0.20340344874011845
2026-02-15T17:12:01.031833,v4,0,0.9844558826930708,0.015544117306929233
2026-02-15T17:12:01.056023,v4,0,0.9581980382398687,0.04180196176013127
2026-02-15T17:12:01.082028,v4,0,0.9486427030481933,0.05135729695180674
2026-02-15T17:12:01.106031,v4,0,0.8882096433459229,0.11179035665407719
2026-02-15T17:12:01.133042,v4,0,0.9095695007763266,0.09043049922367359
2026-02-15T17:12:01.157072,v4,0,0.9492005657281491,0.050799434271851046
2026-02-15T17:12:01.186073,v4,0,0.9494039706086457,0.05059602939135435
2026-02-15T17:12:01.212091,v4,0,0.9594680731727483,0.04053192682725178
2026-02-15T17:12:01.234109,v4,0,0.7865912868636099,0.2134087131363901
2026-02-15T17:12:01.253304,v4,0,0.9347946903993402,0.06520530960065972
2026-02-15T17:12:01.274844,v4,0,0.9480284024462642,0.05197159755373591
2026-02-15T17:12:01.296862,v4,0,0.9783988554395705,0.02160114456042927
2026-02-15T17:12:01.320898,v4,0,0.9581468545548794,0.04185314544512051
2026-02-15T17:12:01.344911,v4,0,0.9364895030438843,0.0635104969561156
2026-02-15T17:12:01.363943,v4,0,0.9446184348142636,0.055381565185736586
2026-02-15T17:12:01.383953,v4,0,0.9445543322501609,0.05544566774983916
2026-02-15T17:12:01.403012,v4,0,0.9163689323953568,0.08363106760464319
2026-02-15T17:12:01.428588,v4,0,0.9427726738898982,0.05722732611010193
2026-02-15T17:12:01.453198,v4,0,0.9795243905629354,0.020475609437064543
2026-02-15T17:12:01.474202,v4,0,0.9646032114284698,0.03539678857153028
2026-02-15T17:12:01.496218,v4,0,0.9685709976806245,0.03142900231937536
2026-02-15T17:12:01.520768,v4,0,0.9796247365698462,0.020375263430153917
2026-02-15T17:12:01.547787,v4,0,0.9250515237742795,0.0749484762257205
2026-02-15T17:12:01.569109,v4,0,0.7904865946775677,0.20951340532243243
2026-02-15T17:12:01.591125,v4,0,0.8887642500483124,0.1112357499516874
2026-02-15T17:12:01.610111,v4,0,0.894483313903651,0.10551668609634891
2026-02-15T17:12:01.631112,v4,0,0.8877298747554654,0.11227012524453459
2026-02-15T17:12:01.656210,v4,0,0.8458279833027308,0.15417201669726924
2026-02-15T17:12:01.677776,v4,0,0.8911668110727221,0.10883318892727764
2026-02-15T17:12:01.696792,v4,0,0.9004135299455734,0.09958647005442645
2026-02-15T17:12:01.715782,v4,0,0.9154818938384769,0.08451810616152311
2026-02-15T17:12:01.735782,v4,0,0.9204177912743742,0.07958220872562567
2026-02-15T17:12:01.756838,v4,0,0.8418987001702644,0.1581012998297355
2026-02-15T17:12:01.776838,v4,0,0.8707836517407683,0.1292163482592314
2026-02-15T17:12:01.796831,v4,1,0.11699999999999999,0.883
2026-02-15T17:12:01.817838,v4,0,0.9729493562818924,0.0270506437181076
2026-02-15T17:12:01.837842,v4,0,0.9729165596211888,0.02708344037881124
2026-02-15T17:12:01.859847,v4,0,0.9830262524631963,0.0169737475368037
2026-02-15T17:12:01.878862,v4,0,0.984674512265398,0.015325487734601904
2026-02-15T17:12:01.898857,v4,0,0.9823409487708399,0.017659051229160026
2026-02-15T17:12:01.917848,v4,0,0.9641467056986008,0.035853294301399
2026-02-15T17:12:01.938855,v4,0,0.9745003410296061,0.025499658970393906
2026-02-15T17:12:01.960893,v4,0,0.9825052083149395,0.017494791685060476
2026-02-15T17:12:01.984890,v4,0,0.9845483193886432,0.015451680611356678
2026-02-15T17:12:02.007924,v4,0,0.9831636715033644,0.01683632849663541
2026-02-15T17:12:02.027923,v4,0,0.9844461249336226,0.015553875066377272
2026-02-15T17:12:02.047930,v4,0,0.984798152321221,0.015201847678778942
2026-02-15T17:12:02.067987,v4,0,0.9751369006532912,0.024863099346708578
2026-02-15T17:12:02.089987,v4,0,0.9736188567290385,0.026381143270961506
2026-02-15T17:12:02.115985,v4,0,0.9578772717044203,0.04212272829557949
2026-02-15T17:12:02.134997,v4,0,0.9217471905427337,0.07825280945726618
2026-02-15T17:12:02.155018,v4,0,0.9740603106502985,0.025939689349701416
2026-02-15T17:12:02.192110,v4,0,0.9289101350973058,0.07108986490269394
2026-02-15T17:12:02.228900,v4,0,0.9745090326543685,0.0254909673456315
2026-02-15T17:12:02.255114,v4,0,0.9745731352184711,0.025426864781528936
2026-02-15T17:12:02.275130,v4,0,0.9846700344432775,0.015329965556722724
2026-02-15T17:12:02.293705,v4,0,0.9745731352184711,0.025426864781528936
2026-02-15T17:12:02.313755,v4,0,0.9848267236302911,0.015173276369708862
2026-02-15T17:12:02.338288,v4,0,0.9832891050760526,0.016710894923947242
2026-02-15T17:12:02.364074,v4,0,0.9747777722339418,0.02522222776605811
2026-02-15T17:12:02.385084,v4,0,0.984607068633688,0.015392931366311929
2026-02-15T17:12:02.407096,v4,0,0.9728147644259579,0.027185235574042014
2026-02-15T17:12:02.428090,v4,0,0.9697158186318688,0.03028418136813122
2026-02-15T17:12:02.460746,v4,0,0.9721046525946692,0.02789534740533089
2026-02-15T17:12:02.496930,v4,0,0.9745960837841503,0.0254039162158497
2026-02-15T17:12:02.538976,v4,0,0.9746601863482529,0.025339813651747138
2026-02-15T17:12:02.567193,v4,0,0.9593157746900584,0.04068422530994165
2026-02-15T17:12:02.590844,v4,0,0.974499184559344,0.025500815440655904
2026-02-15T17:12:02.616011,v4,0,0.981403712975516,0.018596287024483894
2026-02-15T17:12:02.644894,v4,0,0.9834476574121687,0.01655234258783126
2026-02-15T17:12:02.670903,v4,0,0.974499184559344,0.025500815440655904
2026-02-15T17:12:02.696928,v4,0,0.9737518131095849,0.026248186890415096
2026-02-15T17:12:02.721942,v4,0,0.9806851241116463,0.019314875888353632
2026-02-15T17:12:02.747968,v4,0,0.9201903183772454,0.07980968162275455
2026-02-15T17:12:02.773782,v4,0,0.9694237850901868,0.030576214909813083
2026-02-15T17:12:02.796788,v4,0,0.9627263498955532,0.03727365010444674
2026-02-15T17:12:02.821840,v4,0,0.9596320542261968,0.04036794577380336
2026-02-15T17:12:02.871977,v4,0,0.9683787521828997,0.0316212478171003
2026-02-15T17:12:02.921120,v4,0,0.9492300024051987,0.0507699975948015
2026-02-15T17:12:02.948215,v4,0,0.9476899708935796,0.05231002910642026
2026-02-15T17:12:02.971787,v4,0,0.9484506275783443,0.05154937242165589
2026-02-15T17:12:02.997795,v4,0,0.9495733461487532,0.050426653851246825
2026-02-15T17:12:03.024801,v4,0,0.9495733461487532,0.050426653851246825
2026-02-15T17:12:03.053340,v4,0,0.9597110737237448,0.04028892627625547
2026-02-15T17:12:03.080979,v4,0,0.9743917801289682,0.025608219871031793
2026-02-15T17:12:03.108001,v4,0,0.9475417449899597,0.05245825501004048
2026-02-15T17:12:03.138989,v4,0,0.9482320919728754,0.05176790802712465
2026-02-15T17:12:03.165090,v4,0,0.9325445512434501,0.06745544875654991
2026-02-15T17:12:03.193103,v4,0,0.984343788969326,0.01565621103067399
2026-02-15T17:12:03.225107,v4,0,0.9583045438955593,0.04169545610444077
2026-02-15T17:12:03.252134,v4,0,0.957235219822774,0.04276478017722577
2026-02-15T17:12:03.294837,v4,0,0.948882110170689,0.05111788982931104
2026-02-15T17:12:03.327867,v4,0,0.949332665924444,0.050667334075556104
2026-02-15T17:12:03.348865,v4,0,0.9594812426196314,0.040518757380368545
2026-02-15T17:12:03.375083,v4,0,0.9494868558668951,0.05051314413310501
2026-02-15T17:12:03.399130,v4,0,0.9735293007698499,0.026470699230149997
2026-02-15T17:12:03.420761,v4,0,0.8460042277246361,0.15399577227536398
2026-02-15T17:12:03.440788,v4,0,0.9691012569241674,0.03089874307583262
2026-02-15T17:12:03.462977,v4,0,0.9446184348142636,0.055381565185736586
2026-02-15T17:12:03.487988,v4,0,0.9695225023454128,0.0304774976545872
2026-02-15T17:12:03.512957,v4,0,0.9546203230317861,0.04537967696821393
2026-02-15T17:12:03.533888,v4,0,0.9437093212428772,0.05629067875712269
2026-02-15T17:12:03.554397,v4,0,0.862064701087856,0.13793529891214415
2026-02-15T17:12:03.576936,v4,0,0.8721912896792334,0.1278087103207668
2026-02-15T17:12:03.601931,v4,0,0.9686987148471862,0.03130128515281402
2026-02-15T17:12:03.623947,v4,0,0.8834197022867426,0.11658029771325762
2026-02-15T17:12:03.646943,v4,0,0.9287760933465872,0.07122390665341267
2026-02-15T17:12:03.666999,v4,0,0.8944192113395484,0.10558078866045147
2026-02-15T17:12:03.687999,v4,0,0.8993223121147422,0.10067768788525766
2026-02-15T17:12:03.711999,v4,0,0.814595382635332,0.18540461736466796
2026-02-15T17:12:03.734025,v4,0,0.819595382635332,0.18040461736466795
2026-02-15T17:12:03.753026,v4,0,0.7555400706133965,0.24445992938660357
2026-02-15T17:12:03.771768,v4,0,0.782861751841509,0.21713824815849103
2026-02-15T17:12:03.793759,v4,0,0.9048902149470771,0.09510978505292286
2026-02-15T17:12:03.817781,v4,0,0.9097168039781357,0.09028319602186417
2026-02-15T17:12:03.839376,v4,0,0.8846100574611527,0.11538994253884699
2026-02-15T17:12:03.860913,v4,0,0.983013458845995,0.01698654115400503
2026-02-15T17:12:03.881924,v4,0,0.9729493562818924,0.0270506437181076
2026-02-15T17:12:03.902924,v4,0,0.9741699394774482,0.02583006052255147
2026-02-15T17:12:03.924938,v4,0,0.9787311248199717,0.021268875180028318
2026-02-15T17:12:03.955448,v4,0,0.9529247461358241,0.04707525386417584
2026-02-15T17:12:03.975961,v4,0,0.9786467639471813,0.021353236052818702
2026-02-15T17:12:03.995961,v4,0,0.9774058109287037,0.02259418907129629
2026-02-15T17:12:04.015960,v4,0,0.9751484690127467,0.024851530987253
2026-02-15T17:12:04.037969,v4,0,0.970324146322858,0.029675853677141727
2026-02-15T17:12:04.061002,v4,0,0.9728060728011956,0.027193927198804424
2026-02-15T17:12:04.091020,v4,0,0.9774004576096459,0.022599542390354107
2026-02-15T17:12:04.122040,v4,0,0.9834209235721086,0.016579076427891283
2026-02-15T17:12:04.148062,v4,0,0.9729285240977543,0.027071475902245668
2026-02-15T17:12:04.171154,v4,0,0.9846700344432775,0.015329965556722724
2026-02-15T17:12:04.192147,v4,0,0.9542022869416814,0.045797713058318396
2026-02-15T17:12:04.213161,v4,0,0.984607068633688,0.015392931366311929
2026-02-15T17:12:04.235161,v4,0,0.9219612947568379,0.07803870524316196
2026-02-15T17:12:04.254693,v4,0,0.9726345624337056,0.027365437566294365
2026-02-15T17:12:04.278279,v4,0,0.9727983382723437,0.02720166172765621
2026-02-15T17:12:04.299806,v4,0,0.9884986499393087,0.011501350060691234
2026-02-15T17:12:04.319825,v4,0,0.9641553973233633,0.03584460267663659
2026-02-15T17:12:04.342841,v4,0,0.9846700344432775,0.015329965556722724
2026-02-15T17:12:04.363866,v4,0,0.9845429660695854,0.015457033930414492
2026-02-15T17:12:04.389892,v4,0,0.9734691258342206,0.026530874165779435
2026-02-15T17:12:04.410880,v4,0,0.984798152321221,0.015201847678778942
2026-02-15T17:12:04.431880,v4,0,0.9746700344432773,0.025329965556722733
2026-02-15T17:12:04.450887,v4,0,0.9781889450909393,0.02181105490906059
2026-02-15T17:12:04.470915,v4,0,0.9743042130893229,0.025695786910677025
2026-02-15T17:12:04.492922,v4,0,0.973710065054675,0.026289934945324955
2026-02-15T17:12:04.512928,v4,0,0.9745960837841503,0.0254039162158497
2026-02-15T17:12:04.532927,v4,0,0.9729200916559804,0.027079908344019764
2026-02-15T17:12:04.552927,v4,0,0.9692309591534553,0.030769040846544637
2026-02-15T17:12:04.572948,v4,0,0.8195138051234528,0.1804861948765472
2026-02-15T17:12:04.599005,v4,0,0.9834973146776178,0.016502685322382044
2026-02-15T17:12:04.620003,v4,0,0.974499184559344,0.025500815440655904
2026-02-15T17:12:04.639011,v4,0,0.9845265390271924,0.015473460972807324
2026-02-15T17:12:04.658533,v4,0,0.9707237954979604,0.029276204502039424
2026-02-15T17:12:04.679043,v4,0,0.972626782582457,0.027373217417542933
2026-02-15T17:12:04.702043,v4,0,0.9793881916306347,0.02061180836936522
2026-02-15T17:12:04.723047,v4,0,0.9494398337841503,0.05056016621584969
2026-02-15T17:12:04.743054,v4,0,0.9733126660185494,0.02668733398145054
2026-02-15T17:12:04.762090,v4,0,0.9595039363482529,0.040496063651747134
2026-02-15T17:12:04.782096,v4,0,0.943714267476749,0.05628573252325089
2026-02-15T17:12:04.803101,v4,0,0.9273304618845222,0.07266953811547779
2026-02-15T17:12:04.823101,v4,0,0.9784596385607037,0.021540361439296288
2026-02-15T17:12:04.842109,v4,0,0.900058468491043,0.09994153150895714
2026-02-15T17:12:04.862160,v4,0,0.9692138659149269,0.030786134085072737
2026-02-15T17:12:04.883180,v4,0,0.9475932589237661,0.05240674107623399
2026-02-15T17:12:04.906167,v4,0,0.9482537599830495,0.051746240016950544
2026-02-15T17:12:04.927167,v4,0,0.9592814162589919,0.04071858374100822
2026-02-15T17:12:04.947167,v4,0,0.9393933032083379,0.060606696791661925
2026-02-15T17:12:04.968765,v4,0,0.8477451528466173,0.1522548471533828
2026-02-15T17:12:04.988766,v4,0,0.984343788969326,0.01565621103067399
2026-02-15T17:12:05.010765,v4,0,0.9731771463717945,0.02682285362820556
2026-02-15T17:12:05.032777,v4,0,0.9690366537220708,0.030963346277928773
2026-02-15T17:12:05.051778,v4,0,0.9394998088640283,0.06050019113597142
2026-02-15T17:12:05.071824,v4,0,0.9494227533027925,0.05057724669720758
2026-02-15T17:12:05.094839,v4,0,0.9734347272660684,0.026565272733931545
2026-02-15T17:12:05.117861,v4,0,0.9534356127568515,0.04656438724314862
2026-02-15T17:12:05.142867,v4,0,0.9646013232109472,0.03539867678905294
2026-02-15T17:12:05.162996,v4,0,0.9444593212428773,0.055540678757122694
2026-02-15T17:12:05.186918,v4,0,0.9435253486392664,0.05647465136073357
2026-02-15T17:12:05.207918,v4,0,0.9501600806408825,0.04983991935911713
2026-02-15T17:12:05.231922,v4,0,0.8452377886776152,0.15476221132238496
2026-02-15T17:12:05.251933,v4,0,0.9539407455669974,0.04605925443300267
2026-02-15T17:12:05.272960,v4,0,0.949567217912169,0.05043278208783101
2026-02-15T17:12:05.295971,v4,0,0.7713589485339694,0.2286410514660307
2026-02-15T17:12:05.315964,v4,0,0.9130242958841606,0.08697570411583927
2026-02-15T17:12:05.362205,v4,0,0.9237160462132621,0.07628395378673776
2026-02-15T17:12:05.394761,v4,0,0.8799135038703705,0.12008649612962943
2026-02-15T17:12:05.417788,v4,0,0.8948374296288919,0.10516257037110796
2026-02-15T17:12:05.438776,v4,0,0.8915035245058337,0.10849647549416608
2026-02-15T17:12:05.460906,v4,0,0.9004691161132594,0.0995308838867405
2026-02-15T17:12:05.482918,v4,0,0.6782692764564421,0.321730723543558
2026-02-15T17:12:05.502917,v4,1,0.05,0.95
2026-02-15T17:12:05.521928,v4,0,0.9712728239974091,0.028727176002590976
2026-02-15T17:12:05.541916,v4,0,0.9873534578902884,0.012646542109711506
2026-02-15T17:12:05.563957,v4,0,0.9730078455987313,0.026992154401268578
2026-02-15T17:12:05.585951,v4,0,0.972770101578174,0.027229898421826007
2026-02-15T17:12:05.606031,v4,0,0.9844705700165428,0.015529429983457037
2026-02-15T17:12:05.625977,v4,0,0.9734604342094582,0.02653956579054184
2026-02-15T17:12:05.645959,v4,0,0.9734736036563415,0.02652639634365861
2026-02-15T17:12:05.667109,v4,0,0.9822911921303061,0.017708807869693713
2026-02-15T17:12:05.688123,v4,0,0.9846613428185149,0.015338657181485133
2026-02-15T17:12:05.710110,v4,0,0.8265166307681626,0.17348336923183744
2026-02-15T17:12:05.730112,v4,0,0.9846613428185149,0.015338657181485133
2026-02-15T17:12:05.750110,v4,0,0.9745003410296061,0.025499658970393906
2026-02-15T17:12:05.769858,v4,0,0.9774004576096459,0.022599542390354107
2026-02-15T17:12:05.793873,v4,0,0.9845429660695854,0.015457033930414492
2026-02-15T17:12:05.814877,v4,0,0.9744949877105483,0.025505012289451724
2026-02-15T17:12:05.833871,v4,0,0.9833218103100552,0.01667818968994472
2026-02-15T17:12:05.852871,v4,0,0.9846700344432775,0.015329965556722724
2026-02-15T17:12:05.875911,v4,0,0.9845429660695854,0.015457033930414492
2026-02-15T17:12:05.897911,v4,0,0.9542022869416814,0.045797713058318396
2026-02-15T17:12:05.919994,v4,0,0.9767417852699214,0.023258214730078636
2026-02-15T17:12:05.941932,v4,0,0.9740613929013808,0.02593860709861916
2026-02-15T17:12:05.961988,v4,0,0.9781889450909393,0.02181105490906059
2026-02-15T17:12:05.982990,v4,0,0.9746059318791747,0.025394068120825296
2026-02-15T17:12:06.009158,v4,0,0.9831918457082363,0.01680815429176352
2026-02-15T17:12:06.033162,v4,0,0.9813330346629463,0.01866696533705356
2026-02-15T17:12:06.053692,v4,0,0.9845429660695854,0.015457033930414492
2026-02-15T17:12:06.074889,v4,0,0.9795719805817691,0.020428019418230782
2026-02-15T17:12:06.096000,v4,0,0.9790400590805862,0.020959940919413778
2026-02-15T17:12:06.117001,v4,0,0.9625258539745183,0.03747414602548163
2026-02-15T17:12:06.137028,v4,0,0.9946098354492606,0.005390164550739309
2026-02-15T17:12:06.157566,v4,0,0.9885958498527871,0.011404150147212704
2026-02-15T17:12:06.177932,v4,0,0.9846601863482529,0.015339813651747134
2026-02-15T17:12:06.197958,v4,0,0.9736104242872645,0.026389575712735605
2026-02-15T17:12:06.222965,v4,0,0.9736104242872645,0.026389575712735605
2026-02-15T17:12:06.244954,v4,0,0.9793628094804308,0.020637190519569183
2026-02-15T17:12:06.264003,v4,0,0.9440305301326641,0.05596946986733578
2026-02-15T17:12:06.284016,v4,0,0.9743881916306347,0.025611808369365222
2026-02-15T17:12:06.304028,v4,0,0.9494070371234468,0.05059296287655333
2026-02-15T17:12:06.328028,v4,0,0.9733623232839986,0.026637676716001323
2026-02-15T17:12:06.350031,v4,0,0.9495706168911113,0.05042938310888874
2026-02-15T17:12:06.371060,v4,0,0.9495706168911113,0.05042938310888874
2026-02-15T17:12:06.391073,v4,0,0.9713598521396289,0.028640147860370887
2026-02-15T17:12:06.412183,v4,0,0.9695873218200199,0.03041267817998011
2026-02-15T17:12:06.439088,v4,0,0.9494764469239471,0.050523553076053024
2026-02-15T17:12:06.465159,v4,0,0.9845858065593402,0.015414193440659784
2026-02-15T17:12:06.484844,v4,0,0.9477602949470599,0.05223970505294006
2026-02-15T17:12:06.504851,v4,0,0.9532649819688939,0.046735018031106065
2026-02-15T17:12:06.525855,v4,0,0.9743917801289682,0.025608219871031793
2026-02-15T17:12:06.548855,v4,0,0.9569362300139278,0.04306376998607218
2026-02-15T17:12:06.578971,v4,0,0.9492646682922518,0.050735331707748486
2026-02-15T17:12:06.608999,v4,0,0.974329156132773,0.025670843867227032
2026-02-15T17:12:06.632003,v4,0,0.9492050236224064,0.05079497637759366
2026-02-15T17:12:06.653014,v4,0,0.9844000033011922,0.015599996698807926
2026-02-15T17:12:06.676231,v4,0,0.9844000033011922,0.015599996698807926
2026-02-15T17:12:06.696769,v4,0,0.9326248088640284,0.06737519113597142
2026-02-15T17:12:06.715781,v4,0,0.962869371336287,0.037130628663712896
2026-02-15T17:12:06.735779,v4,0,0.9613820258965537,0.03861797410344616
2026-02-15T17:12:06.755785,v4,0,0.9445543322501609,0.05544566774983916
2026-02-15T17:12:06.779832,v4,0,0.832112663450756,0.16788733654924404
2026-02-15T17:12:06.799846,v4,0,0.9444574330253548,0.05554256697464535
2026-02-15T17:12:06.818854,v4,0,0.9686678466790614,0.03133215332093881
2026-02-15T17:12:06.837862,v4,0,0.9523856381034094,0.04761436189659042
2026-02-15T17:12:06.858389,v4,0,0.9433401634540811,0.056659836545918746
2026-02-15T17:12:06.883941,v4,0,0.9438062204676834,0.056193779532316496
2026-02-15T17:12:06.905939,v4,0,0.9539829129594193,0.04601708704058072
2026-02-15T17:12:06.927943,v4,0,0.9401249287528798,0.05987507124712013
2026-02-15T17:12:06.949943,v4,0,0.9686483326842233,0.031351667315776585
2026-02-15T17:12:06.969968,v4,0,0.9406406660387259,0.05935933396127409
2026-02-15T17:12:06.997022,v4,0,0.7905400706133965,0.20945992938660357
2026-02-15T17:12:07.020027,v4,0,0.8694746518109439,0.1305253481890561
2026-02-15T17:12:07.039106,v4,0,0.9187160462132621,0.08128395378673776
2026-02-15T17:12:07.058551,v4,0,0.8245406575013561,0.1754593424986438
2026-02-15T17:12:07.080074,v4,0,0.9064833139036509,0.09351668609634889
2026-02-15T17:12:07.101100,v4,0,0.8509656951671376,0.14903430483286245
2026-02-15T17:12:07.123107,v4,0,0.8963223121147422,0.10367768788525768
2026-02-15T17:12:07.143099,v4,0,0.8949459557013937,0.1050540442986064
2026-02-15T17:12:07.163297,v4,0,0.9068210987389992,0.09317890126100088
2026-02-15T17:12:07.184936,v4,0,0.894782583177212,0.10521741682278783
2026-02-15T17:12:07.208953,v4,0,0.916284002485437,0.08371599751456311
2026-02-15T17:12:07.232964,v4,1,0.025,0.975
2026-02-15T17:12:07.251966,v4,0,0.9252403724140538,0.07475962758594612
2026-02-15T17:12:07.272019,v4,0,0.8659688369259535,0.13403116307404617
2026-02-15T17:12:07.295085,v4,0,0.8116436091694283,0.18835639083057157
2026-02-15T17:12:07.319181,v4,0,0.9718125502369384,0.028187449763061735
2026-02-15T17:12:07.340189,v4,0,0.9719763260755765,0.02802367392442358
2026-02-15T17:12:07.359304,v4,0,0.9711034349115073,0.02889656508849267
2026-02-15T17:12:07.379824,v4,0,0.9823498550950356,0.017650144904964374
2026-02-15T17:12:07.400826,v4,0,0.9746104097012954,0.025389590298704478
2026-02-15T17:12:07.421840,v4,0,0.9846613428185149,0.015338657181485133
2026-02-15T17:12:07.442840,v4,0,0.9740527012766185,0.025947298723381574
2026-02-15T17:12:07.464875,v4,0,0.9743295285084654,0.02567047149153426
2026-02-15T17:12:07.483885,v4,0,0.9830438540375668,0.016956145962433188
2026-02-15T17:12:07.504913,v4,0,0.9882758213694207,0.011724178630579087
2026-02-15T17:12:07.526947,v4,0,0.9897234837098285,0.01027651629017144
2026-02-15T17:12:07.547954,v4,0,0.984607068633688,0.015392931366311929
2026-02-15T17:12:07.566991,v4,0,0.9448716999269139,0.055128300073086105
2026-02-15T17:12:07.587805,v4,0,0.9882429031128102,0.011757096887189582
2026-02-15T17:12:07.608816,v4,0,0.9746059318791747,0.025394068120825296
2026-02-15T17:12:07.632819,v4,0,0.9745090326543685,0.0254909673456315
2026-02-15T17:12:07.653824,v4,0,0.9946262624916535,0.005373737508346479
2026-02-15T17:12:07.672857,v4,0,0.9845682328321262,0.015431767167873487
2026-02-15T17:12:07.692061,v4,0,0.9833228925611374,0.016677107438862467
2026-02-15T17:12:07.712055,v4,0,0.7966129050264353,0.20338709497356447
2026-02-15T17:12:07.734067,v4,0,0.9641553973233633,0.03584460267663659
2026-02-15T17:12:07.754081,v4,0,0.9846700344432775,0.015329965556722724
2026-02-15T17:12:07.774123,v4,0,0.9833725498265866,0.01662745017341325
2026-02-15T17:12:07.795801,v4,0,0.9746059318791747,0.025394068120825296
2026-02-15T17:12:07.820801,v4,0,0.9690896607004115,0.030910339299588467
2026-02-15T17:12:07.853829,v4,0,0.9290859592684442,0.07091404073155581
2026-02-15T17:12:07.882179,v4,0,0.8603530626023332,0.13964693739766662
2026-02-15T17:12:07.904118,v4,0,0.9253673864295137,0.07463261357048627
2026-02-15T17:12:07.924118,v4,0,0.9945906415912951,0.0054093584087047605
2026-02-15T17:12:07.945114,v4,0,0.9784150590805862,0.021584940919413778
2026-02-15T17:12:07.968625,v4,0,0.9847883042261968,0.01521169577380335
2026-02-15T17:12:07.989143,v4,0,0.9884692568699904,0.01153074313000953
2026-02-15T17:12:08.009227,v4,0,0.9746601863482529,0.025339813651747138
2026-02-15T17:12:08.030744,v4,0,0.9845906415912951,0.01540935840870476
2026-02-15T17:12:08.052737,v4,0,0.9884226130187865,0.011577386981213321
2026-02-15T17:12:08.075750,v4,0,0.9772072433142022,0.02279275668579775
2026-02-15T17:12:08.095759,v4,0,0.9745039363482529,0.025496063651747138
2026-02-15T17:12:08.115756,v4,0,0.9683171152137413,0.03168288478625877
2026-02-15T17:12:08.134757,v4,0,0.9489376500799319,0.05106234992006781
2026-02-15T17:12:08.154836,v4,0,0.9440305301326641,0.05596946986733578
2026-02-15T17:12:08.176925,v4,0,0.9494398337841503,0.05056016621584969
2026-02-15T17:12:08.207953,v4,0,0.9494398337841503,0.05056016621584969
2026-02-15T17:12:08.228025,v4,0,0.9610006076934802,0.038999392306519456
2026-02-15T17:12:08.247951,v4,0,0.9525409247846816,0.047459075215318336
2026-02-15T17:12:08.267999,v4,0,0.9477935369124395,0.05220646308756039
2026-02-15T17:12:08.289009,v4,0,0.9595545681971478,0.040445431802852136
2026-02-15T17:12:08.310009,v4,0,0.9494764469239471,0.050523553076053024
2026-02-15T17:12:08.330015,v4,0,0.9745858065593402,0.02541419344065978
2026-02-15T17:12:08.350013,v4,0,0.9575869235660079,0.04241307643399204
2026-02-15T17:12:08.370087,v4,0,0.9563354848655515,0.04366451513444827
2026-02-15T17:12:08.391089,v4,0,0.9475993985747868,0.05240060142521313
2026-02-15T17:12:08.415164,v4,0,0.9475285755430763,0.05247142445692371
2026-02-15T17:12:08.436094,v4,0,0.7915965512598815,0.20840344874011843
2026-02-15T17:12:08.456094,v4,0,0.9611895937681054,0.03881040623189454
2026-02-15T17:12:08.479132,v4,0,0.7915496616415634,0.20845033835843665
2026-02-15T17:12:08.502979,v4,0,0.947635481695266,0.0523645183047339
2026-02-15T17:12:08.525998,v4,0,0.9734486485043545,0.02655135149564546
2026-02-15T17:12:08.545999,v4,0,0.9494039706086457,0.05059602939135435
2026-02-15T17:12:08.565044,v4,0,0.9595806631003815,0.04041933689961857
2026-02-15T17:12:08.585043,v4,0,0.9523828695675078,0.04761713043249184
2026-02-15T17:12:08.608044,v4,0,0.9492181930692896,0.05078180693071043
2026-02-15T17:12:08.632056,v4,0,0.9844121098387224,0.01558789016127766
2026-02-15T17:12:08.654057,v4,0,0.9545624874093854,0.04543751259061449
2026-02-15T17:12:08.673101,v4,0,0.9691012569241674,0.03089874307583262
2026-02-15T17:12:08.695103,v4,0,0.9793930493992916,0.020606950600708548
2026-02-15T17:12:08.722118,v4,0,0.9477480405353572,0.05225195946464279
2026-02-15T17:12:08.742812,v4,0,0.9445562204676835,0.0554437795323165
2026-02-15T17:12:08.764845,v4,0,0.9694389389443644,0.030561061055635486
2026-02-15T17:12:08.786856,v4,0,0.9419999287528797,0.05800007124712013
2026-02-15T17:12:08.805856,v4,0,0.9433401634540811,0.056659836545918746
2026-02-15T17:12:08.827876,v4,0,0.950230503176094,0.04976949682390587
2026-02-15T17:12:08.849920,v4,0,0.9434105859892925,0.056589414010707474
2026-02-15T17:12:08.868891,v4,0,0.9138980048961532,0.08610199510384675
2026-02-15T17:12:08.888843,v4,0,0.8495953826353321,0.15040461736466798
2026-02-15T17:12:08.910834,v4,0,0.9287160462132621,0.07128395378673777
2026-02-15T17:12:08.931838,v4,0,0.6691748578739023,0.33082514212609754
2026-02-15T17:12:08.951837,v4,0,0.8991817309194454,0.10081826908055462
2026-02-15T17:12:08.971779,v4,0,0.8510382500166176,0.14896174998338246
2026-02-15T17:12:08.990770,v4,0,0.9159601609778686,0.08403983902213139
2026-02-15T17:12:09.012991,v4,0,0.8946556454480755,0.10534435455192433
2026-02-15T17:12:09.036009,v4,0,0.8862393659222023,0.11376063407779766
2026-02-15T17:12:09.058002,v4,0,0.9104177912743744,0.08958220872562567
2026-02-15T17:12:09.079197,v4,0,0.9178778057670445,0.0821221942329554
2026-02-15T17:12:09.098201,v4,0,0.8859515750279284,0.11404842497207147
2026-02-15T17:12:09.137784,v4,1,0.12,0.88
2026-02-15T17:12:09.188908,v4,0,0.8198472215822928,0.1801527784177071
2026-02-15T17:12:09.227439,v4,1,0.07708333333333334,0.9229166666666667
2026-02-15T17:12:09.257947,v4,0,0.7367083284906386,0.26329167150936156
2026-02-15T17:12:09.291112,v4,1,0.11167054263565893,0.8883294573643411
2026-02-15T17:12:09.323155,v4,0,0.9729165596211888,0.02708344037881124
2026-02-15T17:12:09.359814,v4,0,0.9728524570570862,0.027147542942913803
2026-02-15T17:12:09.392853,v4,0,0.9844705700165428,0.015529429983457037
2026-02-15T17:12:09.421857,v4,0,0.9781802534661769,0.021819746533822997
2026-02-15T17:12:09.443863,v4,0,0.974674512265398,0.02532548773460191
2026-02-15T17:12:09.467213,v4,0,0.9738709900891288,0.026129009910871127
2026-02-15T17:12:09.490786,v4,0,0.9747690806091796,0.02523091939082052
2026-02-15T17:12:09.520827,v4,0,0.9945225660431152,0.005477433956884742
2026-02-15T17:12:09.547926,v4,0,0.9829531412028218,0.017046858797177974
2026-02-15T17:12:09.569255,v4,0,0.969146705698601,0.030853294301398996
2026-02-15T17:12:09.596797,v4,0,0.973752969579847,0.026247030420153097
2026-02-15T17:12:09.622794,v4,0,0.9882758213694207,0.011724178630579087
2026-02-15T17:12:09.645790,v4,0,0.9896895590817008,0.010310440918299336
2026-02-15T17:12:09.667129,v4,0,0.9846559894994571,0.015344010500542949
2026-02-15T17:12:09.690137,v4,0,0.9736320261759219,0.026367973824078274
2026-02-15T17:12:09.712770,v4,0,0.9824825347361176,0.017517465263882443
2026-02-15T17:12:09.736854,v4,0,0.994607068633688,0.0053929313663119306
2026-02-15T17:12:09.760871,v4,0,0.9746059318791747,0.025394068120825296
2026-02-15T17:12:09.785953,v4,0,0.9848267236302911,0.015173276369708862
2026-02-15T17:12:09.813013,v4,0,0.9198949554722984,0.0801050445277015
2026-02-15T17:12:09.837989,v4,0,0.9682295072895144,0.03177049271048526
2026-02-15T17:12:09.863319,v4,0,0.9746059318791747,0.025394068120825296
2026-02-15T17:12:09.888863,v4,0,0.8066129050264353,0.19338709497356443
2026-02-15T17:12:09.913942,v4,0,0.9845429660695854,0.015457033930414492
2026-02-15T17:12:09.936952,v4,0,0.968689067729025,0.03131093227097523
2026-02-15T17:12:09.958957,v4,0,0.9686329016728589,0.03136709832714128
2026-02-15T17:12:09.981916,v4,0,0.9745090326543685,0.0254909673456315
2026-02-15T17:12:10.004929,v4,0,0.9846700344432775,0.015329965556722724
2026-02-15T17:12:10.028946,v4,0,0.9745960837841503,0.0254039162158497
2026-02-15T17:12:10.050700,v4,0,0.9832795234167526,0.016720476583247258
2026-02-15T17:12:10.075794,v4,0,0.974499184559344,0.025500815440655904
2026-02-15T17:12:10.100677,v4,0,0.9845906415912951,0.01540935840870476
2026-02-15T17:12:10.121742,v4,0,0.9847883042261968,0.01521169577380335
2026-02-15T17:12:10.140839,v4,0,0.9946180815550787,0.005381918444921261
2026-02-15T17:12:10.160879,v4,0,0.9845906415912951,0.01540935840870476
2026-02-15T17:12:10.181906,v4,0,0.9845265390271924,0.015473460972807324
2026-02-15T17:12:10.205037,v4,0,0.9895413635901182,0.010458636409881641
2026-02-15T17:12:10.225133,v4,0,0.94910030154932,0.0508996984506802
2026-02-15T17:12:10.246239,v4,0,0.9743881916306347,0.025611808369365222
2026-02-15T17:12:10.268873,v4,0,0.8387455751592549,0.16125442484074518
2026-02-15T17:12:10.292872,v4,0,0.9595039363482529,0.040496063651747134
2026-02-15T17:12:10.313902,v4,0,0.9629401164000961,0.03705988359990367
2026-02-15T17:12:10.332909,v4,0,0.9845830773016984,0.015416922698301708
2026-02-15T17:12:10.353894,v4,0,0.9494764469239471,0.050523553076053024
2026-02-15T17:12:10.373963,v4,0,0.9486415468467626,0.05135845315323759
2026-02-15T17:12:10.409974,v4,0,0.9597655665907997,0.04023443340920048
2026-02-15T17:12:10.439984,v4,0,0.9247651504538185,0.07523484954618155
2026-02-15T17:12:10.461697,v4,0,0.9494405811175612,0.05055941888243892
2026-02-15T17:12:10.481833,v4,0,0.8572057299188096,0.14279427008119033
2026-02-15T17:12:10.502841,v4,0,0.9593455188230945,0.04065448117690566
2026-02-15T17:12:10.526836,v4,0,0.9843932586968757,0.015606741303124472
2026-02-15T17:12:10.546834,v4,0,0.9576641117967937,0.042335888203206204
2026-02-15T17:12:10.568164,v4,0,0.8920131219368254,0.10798687806317457
2026-02-15T17:12:10.587204,v4,0,0.9694520244787849,0.030547975521215166
2026-02-15T17:12:10.607288,v4,0,0.9494812426196314,0.050518757380368554
2026-02-15T17:12:10.629812,v4,0,0.9731771463717945,0.02682285362820556
2026-02-15T17:12:10.652826,v4,0,0.949554332250161,0.050445667749839156
2026-02-15T17:12:10.671942,v4,0,0.952372412017406,0.04762758798259381
2026-02-15T17:12:10.691942,v4,0,0.9546184348142636,0.04538156518573659
2026-02-15T17:12:10.713947,v4,0,0.9445543322501609,0.05544566774983916
2026-02-15T17:12:10.737008,v4,0,0.9532517365333305,0.046748263466669465
2026-02-15T17:12:10.757965,v4,0,0.9496406482350381,0.0503593517649619
2026-02-15T17:12:10.779107,v4,0,0.9437093212428772,0.05629067875712269
2026-02-15T17:12:10.799166,v4,0,0.9086505405341079,0.0913494594658922
2026-02-15T17:12:10.818797,v4,0,0.9694602879988328,0.030539712001167105
2026-02-15T17:12:10.840796,v4,1,0.025,0.975
2026-02-15T17:12:10.862329,v4,0,0.840186975940507,0.15981302405949321
2026-02-15T17:12:10.883843,v4,0,0.9124923632129984,0.08750763678700159
2026-02-15T17:12:10.903840,v4,0,0.9090807528792412,0.09091924712075866
2026-02-15T17:12:10.923850,v4,0,0.9356551487773648,0.06434485122263521
2026-02-15T17:12:10.951901,v4,0,0.9037718644512985,0.09622813554870141
2026-02-15T17:12:10.974750,v4,0,0.9257241048213207,0.07427589517867915
2026-02-15T17:12:10.995764,v4,0,0.9107241048213207,0.08927589517867915
2026-02-15T17:12:11.015777,v4,0,0.8963223121147422,0.10367768788525768
2026-02-15T17:12:11.037789,v4,0,0.9242035652265789,0.07579643477342113
2026-02-15T17:12:11.061837,v4,0,0.6832131104002761,0.316786889599724
2026-02-15T17:12:11.082844,v4,0,0.8562095976061619,0.14379040239383806
2026-02-15T17:12:11.100850,v4,0,0.9057706629099016,0.09422933709009826
2026-02-15T17:12:11.120865,v4,0,0.8957706629099016,0.10422933709009825
2026-02-15T17:12:11.141879,v4,0,0.9624199156562457,0.037580084343754004
2026-02-15T17:12:11.163400,v4,0,0.9594365014063948,0.04056349859360503
2026-02-15T17:12:11.184922,v4,0,0.9183961622727055,0.08160383772729435
2026-02-15T17:12:11.203929,v4,0,0.9796394980586396,0.020360501941360364
2026-02-15T17:12:11.223935,v4,0,0.9745972402544123,0.025402759745587703
2026-02-15T17:12:11.245952,v4,0,0.9734736036563415,0.02652639634365861
2026-02-15T17:12:11.279863,v4,0,0.9848279192621185,0.015172080737881
2026-02-15T17:12:11.307912,v4,0,0.9845483193886432,0.015451680611356678
2026-02-15T17:12:11.332899,v4,0,0.9848035056402789,0.015196494359721124
2026-02-15T17:12:11.359900,v4,0,0.9846124219527458,0.015387578047254113
2026-02-15T17:12:11.385991,v4,0,0.9845016678307874,0.01549833216921237
2026-02-15T17:12:11.406991,v4,0,0.9734550808904003,0.02654491910959966
2026-02-15T17:12:11.429997,v4,0,0.9850807345971251,0.01491926540287463
2026-02-15T17:12:11.451001,v4,0,0.9592115633795294,0.04078843662047053
2026-02-15T17:12:11.470095,v4,0,0.9844407716145648,0.015559228385435086
2026-02-15T17:12:11.491031,v4,0,0.9846700344432775,0.015329965556722724
2026-02-15T17:12:11.513060,v4,0,0.9735760198941414,0.026423980105858544
2026-02-15T17:12:11.535067,v4,0,0.9881281153555497,0.011871884644450001
2026-02-15T17:12:11.554059,v4,0,0.9796360831458718,0.020363916854128215
2026-02-15T17:12:11.583115,v4,0,0.9884861408198602,0.011513859180139753
2026-02-15T17:12:11.616175,v4,0,0.9690353512347142,0.030964648765285832
2026-02-15T17:12:11.655800,v4,0,0.994607068633688,0.0053929313663119306
2026-02-15T17:12:11.676858,v4,0,0.9737616612046094,0.026238338795390684
2026-02-15T17:12:11.700895,v4,0,0.9782546817138912,0.021745318286108716
2026-02-15T17:12:11.721909,v4,0,0.9734822952811037,0.026517704718896203
2026-02-15T17:12:11.745935,v4,0,0.9721046525946692,0.02789534740533089
2026-02-15T17:12:11.771181,v4,0,0.9643157746900584,0.03568422530994165
2026-02-15T17:12:11.795188,v4,0,0.974499184559344,0.025500815440655904
2026-02-15T17:12:11.817757,v4,0,0.9736104242872645,0.026389575712735605
2026-02-15T17:12:11.838761,v4,0,0.9846601863482529,0.015339813651747134
2026-02-15T17:12:11.862283,v4,0,0.9886109056708914,0.011389094329108548
2026-02-15T17:12:11.884834,v4,0,0.9746601863482529,0.025339813651747138
2026-02-15T17:12:11.908845,v4,0,0.974499184559344,0.025500815440655904
2026-02-15T17:12:11.930850,v4,0,0.9827104161986651,0.017289583801334833
2026-02-15T17:12:11.950864,v4,0,0.9832730134693206,0.0167269865306792
2026-02-15T17:12:11.972944,v4,0,0.9680369344704599,0.03196306552953993
2026-02-15T17:12:11.996946,v4,0,0.9483171152137413,0.051682884786258765
2026-02-15T17:12:12.018954,v4,0,0.952477189391075,0.047522810608924916
2026-02-15T17:12:12.039962,v4,0,0.9595039363482529,0.040496063651747134
2026-02-15T17:12:12.060998,v4,0,0.959634719455214,0.040365280544786185
2026-02-15T17:12:12.087034,v4,0,0.9495706168911113,0.05042938310888874
2026-02-15T17:12:12.114875,v4,0,0.9495706168911113,0.05042938310888874
2026-02-15T17:12:12.136891,v4,0,0.9436388175891207,0.05636118241087952
2026-02-15T17:12:12.158907,v4,0,0.9495733461487532,0.050426653851246825
2026-02-15T17:12:12.181093,v4,0,0.9494764469239471,0.050523553076053024
2026-02-15T17:12:12.202094,v4,0,0.9477962661700815,0.052203733829918476
2026-02-15T17:12:12.229160,v4,0,0.9734626420999973,0.026537357900002626
2026-02-15T17:12:12.253125,v4,0,0.9494434222824839,0.050556577717516274
2026-02-15T17:12:12.275178,v4,0,0.9483207037120748,0.051679296287925336
2026-02-15T17:12:12.298178,v4,0,0.9594405811175613,0.04055941888243891
2026-02-15T17:12:12.323189,v4,0,0.9485762581988364,0.051423741801163825
2026-02-15T17:12:12.347183,v4,0,0.96619579411275,0.03380420588724988
2026-02-15T17:12:12.375242,v4,0,0.8398647261342428,0.16013527386575727
2026-02-15T17:12:12.397786,v4,0,0.9489265757265626,0.05107342427343732
2026-02-15T17:12:12.420794,v4,0,0.8970546582360859,0.10294534176391419
2026-02-15T17:12:12.441814,v4,0,0.9493070713838395,0.05069292861616055
2026-02-15T17:12:12.463894,v4,0,0.9494039706086457,0.05059602939135435
2026-02-15T17:12:12.485890,v4,0,0.8203513634120151,0.17964863658798488
2026-02-15T17:12:12.506889,v4,0,0.8985245567188963,0.10147544328110389
2026-02-15T17:12:12.527901,v4,0,0.9096894030184938,0.09031059698150645
2026-02-15T17:12:12.551964,v4,0,0.963006563530919,0.03699343646908094
2026-02-15T17:12:12.575236,v4,0,0.9694795862219883,0.030520413778011797
2026-02-15T17:12:12.597760,v4,0,0.9646013232109472,0.03539867678905294
2026-02-15T17:12:12.618761,v4,0,0.9695243905629354,0.03047560943706454
2026-02-15T17:12:12.638773,v4,0,0.9683007649644881,0.031699235035511725
2026-02-15T17:12:12.662313,v4,0,0.9457276843532411,0.05427231564675881
2026-02-15T17:12:12.685824,v4,0,0.8841311519320694,0.11586884806793066
2026-02-15T17:12:12.704828,v4,0,0.7293671655662101,0.2706328344337898
2026-02-15T17:12:12.724840,v4,0,0.8621458532368013,0.13785414676319896
2026-02-15T17:12:12.745851,v4,0,0.938720060825843,0.06127993917415688
2026-02-15T17:12:12.767880,v4,0,0.9192448822327599,0.0807551177672402
2026-02-15T17:12:12.793902,v4,0,0.9086835610887942,0.09131643891120547
2026-02-15T17:12:12.814907,v4,0,0.8415906951671376,0.15840930483286245
2026-02-15T17:12:12.833926,v4,0,0.9030583240839148,0.09694167591608523
2026-02-15T17:12:12.854922,v4,0,0.9048166472369842,0.09518335276301554
2026-02-15T17:12:12.876944,v4,0,0.9015676270699363,0.09843237293006352
2026-02-15T17:12:12.919072,v4,1,0.0978031561461794,0.9021968438538207
2026-02-15T17:12:12.951128,v4,1,0.06708333333333333,0.9329166666666666
2026-02-15T17:12:12.973166,v4,0,0.9718125502369384,0.028187449763061735
2026-02-15T17:12:12.993695,v4,0,0.9711034349115073,0.02889656508849267
2026-02-15T17:12:13.021799,v4,0,0.8526030626023333,0.14739693739766663
2026-02-15T17:12:13.046802,v4,0,0.9778554038266702,0.022144596173329773
2026-02-15T17:12:13.067107,v4,0,0.9745972402544123,0.025402759745587703
2026-02-15T17:12:13.089205,v4,0,0.9745972402544123,0.025402759745587703
2026-02-15T17:12:13.111742,v4,0,0.9846436944355798,0.015356305564420143
2026-02-15T17:12:13.133757,v4,0,0.9745972402544123,0.025402759745587703
2026-02-15T17:12:13.155783,v4,0,0.9745972402544123,0.025402759745587703
2026-02-15T17:12:13.177854,v4,0,0.9641467056986008,0.035853294301399
2026-02-15T17:12:13.197859,v4,0,0.9846613428185149,0.015338657181485133
2026-02-15T17:12:13.220881,v4,0,0.9686204582807627,0.031379541719237125
2026-02-15T17:12:13.241892,v4,0,0.9734550808904003,0.02654491910959966
2026-02-15T17:12:13.265908,v4,0,0.9745590902746509,0.02544090972534916
2026-02-15T17:12:13.289041,v4,0,0.9845016678307874,0.01549833216921237
2026-02-15T17:12:13.309040,v4,0,0.9946479442980473,0.005352055701952615
2026-02-15T17:12:13.329044,v4,0,0.9746059318791747,0.025394068120825296
2026-02-15T17:12:13.350059,v4,0,0.9832765959566042,0.016723404043395763
2026-02-15T17:12:13.376090,v4,0,0.9736329016728589,0.02636709832714128
2026-02-15T17:12:13.396096,v4,0,0.9746059318791747,0.025394068120825296
2026-02-15T17:12:13.415105,v4,0,0.9746059318791747,0.025394068120825296
2026-02-15T17:12:13.434115,v4,0,0.9881231705326214,0.011876829467378098
2026-02-15T17:12:13.455126,v4,0,0.9845429660695854,0.015457033930414492
2026-02-15T17:12:13.479149,v4,0,0.9745731352184711,0.025426864781528936
2026-02-15T17:12:13.502142,v4,0,0.984607068633688,0.015392931366311929
2026-02-15T17:12:13.524139,v4,0,0.9727983382723437,0.02720166172765621
2026-02-15T17:12:13.548230,v4,0,0.9746059318791747,0.025394068120825296
2026-02-15T17:12:13.575789,v4,0,0.9745090326543685,0.0254909673456315
2026-02-15T17:12:13.600787,v4,0,0.9739317912709075,0.02606820872909259
2026-02-15T17:12:13.622803,v4,0,0.974499184559344,0.025500815440655904
2026-02-15T17:12:13.643808,v4,0,0.983353083908387,0.016646916091612812
2026-02-15T17:12:13.663326,v4,0,0.9693157746900583,0.03068422530994165
2026-02-15T17:12:13.684853,v4,0,0.9738064484864372,0.026193551513563108
2026-02-15T17:12:13.706875,v4,0,0.9193559688005521,0.0806440311994479
2026-02-15T17:12:13.730881,v4,0,0.8797780241758233,0.12022197582417687
2026-02-15T17:12:13.750894,v4,0,0.9882795234167525,0.011720476583247258
2026-02-15T17:12:13.769981,v4,0,0.9250761925052235,0.07492380749477634
2026-02-15T17:12:13.790971,v4,0,0.9744070371234467,0.02559296287655334
2026-02-15T17:12:13.814969,v4,0,0.9694398337841502,0.030560166215849702
2026-02-15T17:12:13.837982,v4,0,0.9544070371234468,0.04559296287655333
2026-02-15T17:12:13.858970,v4,0,0.9579715228979647,0.042028477102035264
2026-02-15T17:12:13.879018,v4,0,0.9437866276936399,0.056213372306360185
2026-02-15T17:12:13.902033,v4,0,0.938842793749806,0.061157206250194135
2026-02-15T17:12:13.933053,v4,0,0.8337455751592548,0.16625442484074518
2026-02-15T17:12:13.958064,v4,0,0.8103301616555734,0.18966983834442658
2026-02-15T17:12:13.982094,v4,0,0.9745830773016984,0.025416922698301706
2026-02-15T17:12:14.005098,v4,0,0.974419509540217,0.025580490459782942
2026-02-15T17:12:14.030113,v4,0,0.9478069834462477,0.05219301655375253
2026-02-15T17:12:14.059103,v4,0,0.9487954468350628,0.051204553164937064
2026-02-15T17:12:14.082214,v4,0,0.9597655665907997,0.04023443340920048
2026-02-15T17:12:14.104143,v4,0,0.9596356427245302,0.04036435727546992
2026-02-15T17:12:14.136184,v4,0,0.9571991367022948,0.042800863297704994
2026-02-15T17:12:14.175723,v4,0,0.9742458227994396,0.02575417720056037
2026-02-15T17:12:14.210796,v4,0,0.9844274916212798,0.015572508378720271
2026-02-15T17:12:14.234890,v4,0,0.9595027287537612,0.040497271246238975
2026-02-15T17:12:14.255897,v4,0,0.9494039706086457,0.05059602939135435
2026-02-15T17:12:14.278908,v4,0,0.9146852828698648,0.08531471713013523
2026-02-15T17:12:14.302914,v4,0,0.9576641117967937,0.042335888203206204
2026-02-15T17:12:14.330927,v4,0,0.9596024898051351,0.04039751019486503
2026-02-15T17:12:14.351938,v4,0,0.9743359007370895,0.025664099262910484
2026-02-15T17:12:14.374961,v4,0,0.9493843433948252,0.05061565660517475
2026-02-15T17:12:14.399979,v4,0,0.9844121098387224,0.01558789016127766
2026-02-15T17:12:14.421985,v4,0,0.9732936695010587,0.02670633049894129
2026-02-15T17:12:14.449998,v4,0,0.9226067191306359,0.07739328086936416
2026-02-15T17:12:14.473034,v4,0,0.9564381919527198,0.0435618080472801
2026-02-15T17:12:14.498041,v4,0,0.9546184348142636,0.04538156518573659
2026-02-15T17:12:14.523065,v4,0,0.727773803142239,0.27222619685776106
2026-02-15T17:12:14.555093,v4,0,0.9306903483278461,0.06930965167215368
2026-02-15T17:12:14.582813,v4,0,0.953870323031786,0.046129676968213934
2026-02-15T17:12:14.611852,v4,0,0.953870323031786,0.046129676968213934
2026-02-15T17:12:14.639947,v4,0,0.9539407455669974,0.04605925443300267
2026-02-15T17:12:14.663456,v4,0,0.9389407455669974,0.06105925443300266
2026-02-15T17:12:14.687011,v4,0,0.9536570659103148,0.046342934089685255
2026-02-15T17:12:14.712077,v4,0,0.9039796466708423,0.09602035332915762
2026-02-15T17:12:14.735014,v4,0,0.9237423523446615,0.07625764765533823
2026-02-15T17:12:14.756026,v4,0,0.9387801487773647,0.06121985122263521
2026-02-15T17:12:14.779153,v4,0,0.9114852769824929,0.088514723017507
2026-02-15T17:12:14.800163,v4,0,0.9107454087932321,0.08925459120676776
2026-02-15T17:12:14.822166,v4,0,0.8914833139036509,0.1085166860963489
2026-02-15T17:12:14.846164,v4,0,0.9052684348869096,0.0947315651130904
2026-02-15T17:12:14.867235,v4,0,0.9047168039781357,0.09528319602186416
2026-02-15T17:12:14.887756,v4,0,0.6782692764564421,0.321730723543558
2026-02-15T17:12:14.911758,v4,0,0.9726811900763452,0.027318809923654763
2026-02-15T17:12:14.936886,v4,0,0.9945346725806455,0.0054653274193544755
2026-02-15T17:12:14.956894,v4,0,0.8415468965461673,0.15845310345383268
2026-02-15T17:12:14.976910,v4,0,0.9787190182824415,0.021280981717558586
2026-02-15T17:12:14.997919,v4,0,0.9640839058052699,0.03591609419472978
2026-02-15T17:12:15.017911,v4,0,0.9734604342094582,0.02653956579054184
2026-02-15T17:12:15.039940,v4,0,0.9845483193886432,0.015451680611356678
2026-02-15T17:12:15.060940,v4,0,0.9800860879161829,0.019913912083816813
2026-02-15T17:12:15.081702,v4,0,0.9846613428185149,0.015338657181485133
2026-02-15T17:12:15.101730,v4,0,0.8653530626023332,0.13464693739766662
2026-02-15T17:12:15.123739,v4,0,0.9745590902746509,0.02544090972534916
2026-02-15T17:12:15.148753,v4,0,0.8166221814642833,0.18337781853571655
2026-02-15T17:12:15.170773,v4,0,0.8066129050264353,0.19338709497356443
2026-02-15T17:12:15.194786,v4,0,0.984840159330867,0.015159840669133045
2026-02-15T17:12:15.224822,v4,0,0.9153727397485716,0.08462726025142846
2026-02-15T17:12:15.254931,v4,0,0.9795719805817691,0.020428019418230782
2026-02-15T17:12:15.280965,v4,0,0.9260792855568121,0.07392071444318773
2026-02-15T17:12:15.301966,v4,0,0.9846700344432775,0.015329965556722724
2026-02-15T17:12:15.321969,v4,0,0.9746700344432773,0.025329965556722733
2026-02-15T17:12:15.342977,v4,0,0.9690896607004115,0.030910339299588467
2026-02-15T17:12:15.364500,v4,0,0.9766554750113918,0.023344524988608065
2026-02-15T17:12:15.387111,v4,0,0.994607068633688,0.0053929313663119306
2026-02-15T17:12:15.410119,v4,0,0.977712227862368,0.02228777213763197
2026-02-15T17:12:15.430131,v4,0,0.9726344444482703,0.027365555551729672
2026-02-15T17:12:15.450127,v4,0,0.9880865403541835,0.011913459645816287
2026-02-15T17:12:15.471144,v4,0,0.9945906415912951,0.0054093584087047605
2026-02-15T17:12:15.494156,v4,0,0.9745632871234468,0.02543671287655334
2026-02-15T17:12:15.516167,v4,0,0.9882719591202321,0.011728040879767683
2026-02-15T17:12:15.535216,v4,0,0.9745632871234468,0.02543671287655334
2026-02-15T17:12:15.554785,v4,0,0.9846601863482529,0.015339813651747134
2026-02-15T17:12:15.573813,v4,0,0.9370694712619638,0.0629305287380361
2026-02-15T17:12:15.598825,v4,0,0.9727386557587993,0.027261344241200792
2026-02-15T17:12:15.621827,v4,0,0.9729587156390389,0.02704128436096127
2026-02-15T17:12:15.642851,v4,0,0.8503367088357794,0.14966329116422064
2026-02-15T17:12:15.665596,v4,0,0.9743429345593441,0.025657065440655904
2026-02-15T17:12:15.686185,v4,0,0.9646307530525688,0.035369246947431404
2026-02-15T17:12:15.713769,v4,0,0.9496307530525688,0.0503692469474314
2026-02-15T17:12:15.737793,v4,0,0.964291654203317,0.03570834579668267
2026-02-15T17:12:15.758794,v4,0,0.9553913957204851,0.04460860427951482
2026-02-15T17:12:15.781061,v4,0,0.9734534538417309,0.02654654615826904
2026-02-15T17:12:15.808081,v4,0,0.9347976337522523,0.06520236624774772
2026-02-15T17:12:15.833081,v4,0,0.9662422652239403,0.03375773477605963
2026-02-15T17:12:15.859155,v4,0,0.944233813913923,0.05576618608607733
2026-02-15T17:12:15.879231,v4,0,0.9662063743933433,0.03379362560665647
2026-02-15T17:12:15.898748,v4,0,0.979757241389906,0.020242758610094076
2026-02-15T17:12:15.918756,v4,0,0.9494134821627235,0.05058651783727675
2026-02-15T17:12:15.943780,v4,0,0.9476303710807906,0.05236962891920951
2026-02-15T17:12:15.967296,v4,0,0.9594245324235977,0.0405754675764023
2026-02-15T17:12:15.987834,v4,0,0.9843099253635422,0.015690074636457805
2026-02-15T17:12:16.016493,v4,0,0.939771518076983,0.06022848192301689
2026-02-15T17:12:16.037044,v4,0,0.9526777511028197,0.047322248897180126
2026-02-15T17:12:16.059055,v4,0,0.9494039706086457,0.05059602939135435
2026-02-15T17:12:16.081092,v4,0,0.9489265757265626,0.05107342427343732
2026-02-15T17:12:16.101091,v4,0,0.9475995104722444,0.05240048952775548
2026-02-15T17:12:16.120779,v4,0,0.9593879219146823,0.04061207808531773
2026-02-15T17:12:16.139791,v4,0,0.9576697250440573,0.04233027495594266
2026-02-15T17:12:16.163821,v4,0,0.9744795862219883,0.025520413778011796
2026-02-15T17:12:16.185889,v4,0,0.9440769373680779,0.05592306263192213
2026-02-15T17:12:16.206898,v4,0,0.9530276990664396,0.046972300933560446
2026-02-15T17:12:16.226896,v4,0,0.9445543322501609,0.05544566774983916
2026-02-15T17:12:16.246912,v4,0,0.9476450916895165,0.05235490831048351
2026-02-15T17:12:16.268452,v4,0,0.9547547396641728,0.04524526033582718
2026-02-15T17:12:16.287124,v4,0,0.9422612705565094,0.05773872944349057
2026-02-15T17:12:16.307193,v4,0,0.8238927328598749,0.17610726714012528
2026-02-15T17:12:16.329725,v4,0,0.9694602879988328,0.030539712001167105
2026-02-15T17:12:16.352736,v4,0,0.9434105859892925,0.056589414010707474
2026-02-15T17:12:16.406437,v4,0,0.9438766430028948,0.05612335699710523
2026-02-15T17:12:16.459783,v4,0,0.9435149431760647,0.05648505682393537
2026-02-15T17:12:16.500682,v4,0,0.8940765458956484,0.10592345410435143
2026-02-15T17:12:16.529759,v4,0,0.8993223121147422,0.10067768788525766
2026-02-15T17:12:16.551776,v4,0,0.9038157573680985,0.09618424263190133
2026-02-15T17:12:16.577805,v4,0,0.8963519962579075,0.10364800374209246
2026-02-15T17:12:16.601816,v4,0,0.9114852769824929,0.088514723017507
2026-02-15T17:12:16.621823,v4,0,0.8864192113395484,0.11358078866045146
2026-02-15T17:12:16.642825,v4,0,0.9280706881608001,0.07192931183919977
2026-02-15T17:12:16.676859,v4,0,0.8948266920338088,0.10517330796619109
2026-02-15T17:12:16.716921,v4,0,0.8822180679744346,0.11778193202556539
2026-02-15T17:12:16.743938,v4,0,0.8197746667328129,0.1802253332671871
2026-02-15T17:12:16.781921,v4,0,0.9106737636850954,0.08932623631490445
2026-02-15T17:12:16.810943,v4,0,0.8907971778869288,0.1092028221130712
2026-02-15T17:12:16.839957,v4,0,0.8913903018680145,0.10860969813198537
2026-02-15T17:12:16.869482,v4,0,0.774807499034686,0.22519250096531385
2026-02-15T17:12:16.898521,v4,0,0.9795810087418007,0.020418991258199383
2026-02-15T17:12:16.923580,v4,0,0.9825266947242891,0.01747330527571089
2026-02-15T17:12:16.949175,v4,0,0.9796394980586396,0.020360501941360364
2026-02-15T17:12:16.973745,v4,0,0.9790914701017904,0.020908529898209346
2026-02-15T17:12:16.999780,v4,0,0.9745003410296061,0.025499658970393906
2026-02-15T17:12:17.029289,v4,0,0.9636258115998204,0.036374188400179315
2026-02-15T17:12:17.064939,v4,0,0.9832698427381317,0.016730157261868214
2026-02-15T17:12:17.102028,v4,0,0.9833354672101479,0.016664532789851964
2026-02-15T17:12:17.137076,v4,0,0.969146705698601,0.030853294301398996
2026-02-15T17:12:17.168770,v4,0,0.9845429660695854,0.015457033930414492
2026-02-15T17:12:17.211638,v4,0,0.9448716999269139,0.055128300073086105
2026-02-15T17:12:17.249282,v4,0,0.9746559894994572,0.025344010500542958
2026-02-15T17:12:17.301862,v4,0,0.9846559894994571,0.015344010500542949
2026-02-15T17:12:17.348641,v4,0,0.9726344444482703,0.027365555551729672
2026-02-15T17:12:17.378172,v4,0,0.984607068633688,0.015392931366311929
2026-02-15T17:12:17.405253,v4,0,0.9846700344432775,0.015329965556722724
2026-02-15T17:12:17.435857,v4,0,0.9367379141048857,0.06326208589511405
2026-02-15T17:12:17.470922,v4,0,0.994607068633688,0.0053929313663119306
2026-02-15T17:12:17.497950,v4,0,0.9776142496151258,0.022385750384874146
2026-02-15T17:12:17.526146,v4,0,0.985615606236101,0.014384393763898521
2026-02-15T17:12:17.552730,v4,0,0.9728147644259579,0.027185235574042014
2026-02-15T17:12:17.577798,v4,0,0.9745090326543685,0.0254909673456315
2026-02-15T17:12:17.599813,v4,0,0.9845429660695854,0.015457033930414492
2026-02-15T17:12:17.622826,v4,0,0.9745090326543685,0.0254909673456315
2026-02-15T17:12:17.643841,v4,0,0.9846700344432775,0.015329965556722724
2026-02-15T17:12:17.662839,v4,0,0.9192615300503,0.08073846994969984
2026-02-15T17:12:17.682906,v4,0,0.9721319141289569,0.02786808587104285
2026-02-15T17:12:17.703905,v4,0,0.9775917722295314,0.02240822777046847
2026-02-15T17:12:17.726918,v4,0,0.9737518131095849,0.026248186890415096
2026-02-15T17:12:17.753978,v4,0,0.9845265390271924,0.015473460972807324
2026-02-15T17:12:17.776063,v4,0,0.95747590295875,0.04252409704124993
2026-02-15T17:12:17.797129,v4,0,0.9543641052305667,0.04563589476943326
2026-02-15T17:12:17.817186,v4,0,0.9744455115423669,0.025554488457633192
2026-02-15T17:12:17.837238,v4,0,0.9789552435439832,0.021044756456016764
2026-02-15T17:12:17.859796,v4,0,0.9742776748028664,0.025722325197133293
2026-02-15T17:12:17.880822,v4,0,0.9625240790093932,0.03747592099060674
2026-02-15T17:12:17.899835,v4,0,0.9694878876542894,0.030512112345710517
2026-02-15T17:12:17.918848,v4,0,0.9569268765845189,0.04307312341548109
2026-02-15T17:12:17.939860,v4,0,0.959634719455214,0.040365280544786185
2026-02-15T17:12:17.962866,v4,0,0.944750744133934,0.0552492558660659
2026-02-15T17:12:17.983915,v4,0,0.958260597630153,0.04173940236984696
2026-02-15T17:12:18.002913,v4,0,0.9734561830993728,0.026543816900627116
2026-02-15T17:12:18.024932,v4,0,0.9494764469239471,0.050523553076053024
2026-02-15T17:12:18.051940,v4,0,0.9595572974547898,0.0404427025452102
2026-02-15T17:12:18.071966,v4,0,0.8477643926959909,0.1522356073040092
2026-02-15T17:12:18.092985,v4,0,0.9843564986883081,0.0156435013116919
2026-02-15T17:12:18.112995,v4,0,0.9844558202331778,0.015544179766822253
2026-02-15T17:12:18.135010,v4,0,0.9237499421080239,0.07625005789197631
2026-02-15T17:12:18.157028,v4,0,0.9743359007370895,0.025664099262910484
2026-02-15T17:12:18.176082,v4,0,0.8253420869741671,0.17465791302583278
2026-02-15T17:12:18.197174,v4,0,0.971257623539675,0.028742376460324893
2026-02-15T17:12:18.217222,v4,0,0.9496894401903725,0.050310559809627495
2026-02-15T17:12:18.238776,v4,0,0.9583101571428227,0.04168984285717722
2026-02-15T17:12:18.264984,v4,0,0.9532517365333305,0.046748263466669465
2026-02-15T17:12:18.289583,v4,0,0.8425128541857131,0.15748714581428694
2026-02-15T17:12:18.309113,v4,0,0.9440769373680779,0.05592306263192213
2026-02-15T17:12:18.331743,v4,0,0.9432827736265468,0.056717226373453104
2026-02-15T17:12:18.357767,v4,0,0.8621351236230674,0.13786487637693287
2026-02-15T17:12:18.382830,v4,0,0.952857048928922,0.04714295107107792
2026-02-15T17:12:18.403836,v4,0,0.9493856381034094,0.05061436189659042
2026-02-15T17:12:18.423853,v4,0,0.9400511205188603,0.05994887948113964
2026-02-15T17:12:18.444853,v4,0,0.9796247365698462,0.020375263430153917
2026-02-15T17:12:18.464846,v4,0,0.908136832734981,0.09186316726501892
2026-02-15T17:12:18.500982,v4,0,0.9140765458956485,0.08592345410435144
2026-02-15T17:12:18.534018,v4,0,0.9033693034268887,0.09663069657311116
2026-02-15T17:12:18.556779,v4,0,0.8812572558213931,0.11874274417860678
2026-02-15T17:12:18.578807,v4,0,0.8579377516869228,0.14206224831307715
2026-02-15T17:12:18.601823,v4,0,0.824539216579166,0.17546078342083404
2026-02-15T17:12:18.622835,v4,0,0.9015035245058337,0.0984964754941661
2026-02-15T17:12:18.642836,v4,0,0.9103653341117157,0.08963466588828421
2026-02-15T17:12:18.662844,v4,0,0.9254818938384769,0.0745181061615231
2026-02-15T17:12:18.682892,v4,0,0.8562821524556421,0.14371784754435807
2026-02-15T17:12:18.701895,v4,0,0.9178778057670445,0.08212219423295541
2026-02-15T17:12:18.726911,v4,0,0.8722821705385373,0.12771782946146282
2026-02-15T17:12:18.746926,v4,1,0.0775,0.9225
2026-02-15T17:12:18.768448,v4,0,0.9823250390179509,0.017674960982049095
2026-02-15T17:12:18.795977,v4,0,0.9874991297867364,0.012500870213263566
2026-02-15T17:12:18.818977,v4,0,0.9724450358013215,0.027554964198678505
2026-02-15T17:12:18.843986,v4,0,0.9782459900891288,0.021754009910871123
2026-02-15T17:12:18.868510,v4,0,0.9848320769493489,0.015167923050651044
2026-02-15T17:12:18.888040,v4,0,0.9740527012766185,0.025947298723381574
2026-02-15T17:12:18.909052,v4,0,0.9330116711290674,0.06698832887093262
2026-02-15T17:12:18.931055,v4,0,0.9846613428185149,0.015338657181485133
2026-02-15T17:12:18.954075,v4,0,0.9746613428185149,0.02533865718148514
2026-02-15T17:12:18.974124,v4,0,0.9845483193886432,0.015451680611356678
2026-02-15T17:12:18.994138,v4,0,0.9884490582034213,0.011550941796578472
2026-02-15T17:12:19.013141,v4,0,0.9114063974812958,0.088593602518704
2026-02-15T17:12:19.033154,v4,0,0.9744949877105483,0.025505012289451724
2026-02-15T17:12:19.059173,v4,0,0.9896220382020516,0.010377961797948438
2026-02-15T17:12:19.084737,v4,0,0.9746059318791747,0.025394068120825296
2026-02-15T17:12:19.106744,v4,0,0.9846700344432775,0.015329965556722724
2026-02-15T17:12:19.128751,v4,0,0.8512968965461672,0.1487031034538327
2026-02-15T17:12:19.149773,v4,0,0.9734691258342206,0.026530874165779435
2026-02-15T17:12:19.176806,v4,0,0.9681733412333483,0.03182665876665131
2026-02-15T17:12:19.199824,v4,0,0.9745090326543685,0.0254909673456315
2026-02-15T17:12:19.220833,v4,0,0.9691553973233633,0.030844602676636593
2026-02-15T17:12:19.240852,v4,0,0.9728147644259579,0.027185235574042014
2026-02-15T17:12:19.266876,v4,0,0.9833725498265866,0.01662745017341325
2026-02-15T17:12:19.290943,v4,0,0.8754975119062125,0.12450248809378746
2026-02-15T17:12:19.312954,v4,0,0.9881281153555497,0.011871884644450001
2026-02-15T17:12:19.333965,v4,0,0.933904781778248,0.06609521822175175
2026-02-15T17:12:19.358493,v4,0,0.9722684284333073,0.027731571566692738
2026-02-15T17:12:19.381051,v4,0,0.9882719591202321,0.011728040879767683
2026-02-15T17:12:19.403062,v4,0,0.9400004406131487,0.05999955938685129
2026-02-15T17:12:19.427074,v4,0,0.9748508310716839,0.02514916892831615
2026-02-15T17:12:19.453093,v4,0,0.9886314793064689,0.011368520693530995
2026-02-15T17:12:19.478116,v4,0,0.9350004406131487,0.06499955938685129
2026-02-15T17:12:19.504134,v4,0,0.9541984914469026,0.045801508553097225
2026-02-15T17:12:19.534158,v4,0,0.9845039363482528,0.015496063651747135
2026-02-15T17:12:19.555786,v4,0,0.9733126660185494,0.02668733398145054
2026-02-15T17:12:19.577834,v4,0,0.9733226707347699,0.02667732926522999
2026-02-15T17:12:19.603834,v4,0,0.9569147700469885,0.04308522995301136
2026-02-15T17:12:19.635854,v4,0,0.916927859025807,0.08307214097419308
2026-02-15T17:12:19.673830,v4,0,0.8574954493806856,0.14250455061931452
2026-02-15T17:12:19.706966,v4,0,0.9494764469239471,0.050523553076053024
2026-02-15T17:12:19.728977,v4,0,0.9598280934362868,0.040171906563713285
2026-02-15T17:12:19.748975,v4,0,0.9494764469239471,0.050523553076053024
2026-02-15T17:12:19.769492,v4,0,0.9845858065593402,0.015414193440659784
2026-02-15T17:12:19.800009,v4,0,0.9486432019278616,0.05135679807213862
2026-02-15T17:12:19.825013,v4,0,0.9494434222824839,0.050556577717516274
2026-02-15T17:12:19.846088,v4,0,0.9784431554952083,0.021556844504791686
2026-02-15T17:12:19.866022,v4,0,0.9784693335056796,0.021530666494320484
2026-02-15T17:12:19.886891,v4,0,0.9488200700708722,0.05117992992912782
2026-02-15T17:12:19.909896,v4,0,0.974329156132773,0.025670843867227032
2026-02-15T17:12:19.932904,v4,0,0.9526777511028197,0.047322248897180126
2026-02-15T17:12:19.954917,v4,0,0.9731919386544419,0.02680806134555797
2026-02-15T17:12:19.974948,v4,0,0.9523828695675078,0.04761713043249184
2026-02-15T17:12:19.996965,v4,0,0.9594680731727483,0.04053192682725178
2026-02-15T17:12:20.021973,v4,0,0.8930558188445482,0.1069441811554517
2026-02-15T17:12:20.044989,v4,0,0.9443258540779863,0.05567414592201378
2026-02-15T17:12:20.065992,v4,0,0.9558263588261071,0.044173641173892664
2026-02-15T17:12:20.088186,v4,0,0.9795436887860909,0.020456311213909232
2026-02-15T17:12:20.111211,v4,0,0.9593744616000331,0.040625538399966576
2026-02-15T17:12:20.136266,v4,0,0.9372019373680779,0.06279806263192213
2026-02-15T17:12:20.160909,v4,0,0.9635417722554199,0.03645822774458012
2026-02-15T17:12:20.184078,v4,0,0.9432825284513242,0.0567174715486757
2026-02-15T17:12:20.205089,v4,0,0.9695243905629354,0.03047560943706454
2026-02-15T17:12:20.226094,v4,0,0.9694602879988328,0.030539712001167105
2026-02-15T17:12:20.253120,v4,0,0.954075162199384,0.04592483780061591
2026-02-15T17:12:20.276855,v4,0,0.9546095313995784,0.04539046860042158
2026-02-15T17:12:20.297873,v4,0,0.9281824771232617,0.07181752287673832
2026-02-15T17:12:20.318872,v4,0,0.8245406575013561,0.1754593424986438
2026-02-15T17:12:20.342888,v4,0,0.7066177327203381,0.2933822672796618
2026-02-15T17:12:20.368893,v4,0,0.8965035245058337,0.10349647549416609
2026-02-15T17:12:20.391089,v4,0,0.8963223121147422,0.10367768788525768
2026-02-15T17:12:20.411101,v4,0,0.905204332322807,0.09479566767719297
2026-02-15T17:12:20.432126,v4,0,0.8830954042553502,0.11690459574464984
2026-02-15T17:12:20.454133,v4,0,0.8848266920338087,0.11517330796619107
2026-02-15T17:12:20.477818,v4,0,0.926374750981334,0.07362524901866596
2026-02-15T17:12:20.499809,v4,0,0.8810424740265161,0.11895752597348397
2026-02-15T17:12:20.520821,v4,0,0.914605987581012,0.08539401241898814
2026-02-15T17:12:20.541823,v4,0,0.8813731294185899,0.11862687058140996
2026-02-15T17:12:20.567843,v4,0,0.8066342844342184,0.1933657155657815
2026-02-15T17:12:20.597434,v4,1,0.065,0.935
2026-02-15T17:12:20.628994,v4,0,0.7668324584502706,0.23316754154972943
2026-02-15T17:12:20.655000,v4,0,0.7696476189444256,0.2303523810555743
2026-02-15T17:12:20.675022,v4,0,0.7516692259871701,0.24833077401283002
2026-02-15T17:12:20.696039,v4,0,0.9766914888178445,0.023308511182155538
2026-02-15T17:12:20.721054,v4,0,0.979575395494537,0.020424604505462927
2026-02-15T17:12:20.743061,v4,0,0.9745972402544123,0.025402759745587703
2026-02-15T17:12:20.764081,v4,0,0.9746613428185149,0.02533865718148514
2026-02-15T17:12:20.784107,v4,0,0.9702924782664872,0.02970752173351264
2026-02-15T17:12:20.808116,v4,0,0.969080969075649,0.030919030924350874
2026-02-15T17:12:20.840120,v4,0,0.988025217011877,0.011974782988122847
2026-02-15T17:12:20.889760,v4,0,0.9636258115998204,0.036374188400179315
2026-02-15T17:12:20.933060,v4,0,0.9736242100480963,0.026375789951903688
2026-02-15T17:12:20.976043,v4,0,0.9774670479577077,0.022532952042292234
2026-02-15T17:12:21.001069,v4,0,0.9737476162607892,0.02625238373921091
2026-02-15T17:12:21.027087,v4,0,0.9745918869353545,0.02540811306464552
2026-02-15T17:12:21.048089,v4,0,0.9832644894190739,0.016735510580926028
2026-02-15T17:12:21.070175,v4,0,0.9833725498265866,0.01662745017341325
2026-02-15T17:12:21.090173,v4,0,0.9734691258342206,0.026530874165779435
2026-02-15T17:12:21.111184,v4,0,0.9746059318791747,0.025394068120825296
2026-02-15T17:12:21.143711,v4,0,0.9845429660695854,0.015457033930414492
2026-02-15T17:12:21.164792,v4,0,0.9782546817138912,0.021745318286108716
2026-02-15T17:12:21.184866,v4,0,0.9846700344432775,0.015329965556722724
2026-02-15T17:12:21.204869,v4,0,0.9211354516129782,0.07886454838702167
2026-02-15T17:12:21.226882,v4,0,0.9735760198941414,0.026423980105858544
2026-02-15T17:12:21.248889,v4,0,0.9740613929013808,0.02593860709861916
2026-02-15T17:12:21.269401,v4,0,0.9746059318791747,0.025394068120825296
2026-02-15T17:12:21.295986,v4,0,0.9641553973233633,0.03584460267663659
2026-02-15T17:12:21.315988,v4,0,0.9832644894190739,0.016735510580926028
2026-02-15T17:12:21.336003,v4,0,0.984607068633688,0.015392931366311929
2026-02-15T17:12:21.362098,v4,0,0.9734691258342206,0.026530874165779435
2026-02-15T17:12:21.390716,v4,0,0.9896262350508473,0.010373764949152623
2026-02-15T17:12:21.413785,v4,0,0.9743595044400475,0.025640495559952736
2026-02-15T17:12:21.437769,v4,0,0.9291120663615279,0.07088793363847228
2026-02-15T17:12:21.463778,v4,0,0.9727758608867495,0.027224139113250535
2026-02-15T17:12:21.498038,v4,0,0.8289802009003874,0.17101979909961273
2026-02-15T17:12:21.523032,v4,0,0.9783302435439832,0.021669756456016764
2026-02-15T17:12:21.556048,v4,0,0.9300004406131487,0.06999955938685129
2026-02-15T17:12:21.601808,v4,0,0.9724825518132262,0.027517448186773697
2026-02-15T17:12:21.634845,v4,0,0.9590305301326641,0.040969469867335774
2026-02-15T17:12:21.670512,v4,0,0.9595039363482529,0.040496063651747134
2026-02-15T17:12:21.703039,v4,0,0.958129814523192,0.0418701854768079
2026-02-15T17:12:21.736065,v4,0,0.9744522941947373,0.025547705805262656
2026-02-15T17:12:21.768260,v4,0,0.9595039363482529,0.040496063651747134
2026-02-15T17:12:21.805236,v4,0,0.9733887407581774,0.02661125924182241
2026-02-15T17:12:21.836773,v4,0,0.9574292462629691,0.04257075373703068
2026-02-15T17:12:21.859783,v4,0,0.9526338048374136,0.047366195162586305
2026-02-15T17:12:21.881916,v4,0,0.9732699976918601,0.026730002308139898
2026-02-15T17:12:21.909379,v4,0,0.9745858065593402,0.02541419344065978
2026-02-15T17:12:21.934896,v4,0,0.9596374487128558,0.04036255128714426
2026-02-15T17:12:21.964895,v4,0,0.9692610827606762,0.03073891723932364
2026-02-15T17:12:21.986835,v4,0,0.9495075248465865,0.050492475153413714
2026-02-15T17:12:22.011840,v4,0,0.949669036649485,0.05033096335051524
2026-02-15T17:12:22.034850,v4,0,0.9731169165348962,0.02688308346510369
2026-02-15T17:12:22.054847,v4,0,0.9493615675170579,0.05063843248294229
2026-02-15T17:12:22.074914,v4,0,0.9492974649529553,0.05070253504704485
2026-02-15T17:12:22.099501,v4,0,0.974329156132773,0.025670843867227032
2026-02-15T17:12:22.130022,v4,0,0.9733361694236727,0.026663830576327197
2026-02-15T17:12:22.166543,v4,0,0.9447946903993402,0.055205309600659704
2026-02-15T17:12:22.199161,v4,0,0.9731771463717945,0.02682285362820556
2026-02-15T17:12:22.232770,v4,0,0.9489884996984831,0.051011500301516924
2026-02-15T17:12:22.275469,v4,0,0.9786555652894832,0.02134443471051676
2026-02-15T17:12:22.316312,v4,0,0.9596013232109472,0.040398676789052936
2026-02-15T17:12:22.351058,v4,0,0.9376833643500834,0.0623166356499166
2026-02-15T17:12:22.372666,v4,0,0.967930396021342,0.03206960397865796
2026-02-15T17:12:22.396245,v4,0,0.9694583997813102,0.030541600218689763
2026-02-15T17:12:22.418792,v4,0,0.9443553852639216,0.05564461473607846
2026-02-15T17:12:22.437797,v4,0,0.9427858999759015,0.05721410002409855
2026-02-15T17:12:22.457800,v4,0,0.953870323031786,0.046129676968213934
2026-02-15T17:12:22.478338,v4,0,0.9566636340353049,0.04333636596469516
2026-02-15T17:12:22.500840,v4,0,0.9795243905629354,0.020475609437064543
2026-02-15T17:12:22.521849,v4,0,0.9540533354946306,0.045946664505369446
2026-02-15T17:12:22.545866,v4,0,0.9495885669666374,0.050411433033362624
2026-02-15T17:12:22.566873,v4,0,0.9039155441067396,0.09608445589326019
2026-02-15T17:12:22.587068,v4,0,0.8975433946769839,0.10245660532301615
2026-02-15T17:12:22.614086,v4,0,0.8894192113395484,0.11058078866045147
2026-02-15T17:12:22.637100,v4,0,0.9346472717115859,0.06535272828841386
2026-02-15T17:12:22.659101,v4,0,0.8459005381522108,0.15409946184778925
2026-02-15T17:12:22.680654,v4,0,0.8914192113395484,0.10858078866045147
2026-02-15T17:12:22.702753,v4,0,0.8812664892755042,0.11873351072449591
2026-02-15T17:12:22.727802,v4,0,0.8911668110727221,0.10883318892727764
2026-02-15T17:12:22.751803,v4,0,0.85340627741545,0.14659372258454986
2026-02-15T17:12:22.773318,v4,0,0.9204177912743742,0.07958220872562567
2026-02-15T17:12:22.794924,v4,1,0.12369601328903654,0.8763039867109634
2026-02-15T17:12:22.820780,v4,0,0.9791637244370506,0.02083627556294923
2026-02-15T17:12:22.847866,v4,0,0.9718069369896747,0.02819306301032528
2026-02-15T17:12:22.867880,v4,0,0.9728468438098226,0.027153156190177344
2026-02-15T17:12:22.888906,v4,0,0.9203619478834228,0.07963805211657723
2026-02-15T17:12:22.911917,v4,0,0.9319666480758957,0.06803335192410415
2026-02-15T17:12:22.933918,v4,0,0.9840839058052699,0.015916094194729773
2026-02-15T17:12:22.959917,v4,0,0.8116129050264353,0.18838709497356443
2026-02-15T17:12:22.983069,v4,0,0.9722955214645606,0.02770447853543943
2026-02-15T17:12:23.004081,v4,0,0.9832733008252501,0.016726699174749705
2026-02-15T17:12:23.024093,v4,0,0.9211354516129784,0.07886454838702167
2026-02-15T17:12:23.047180,v4,0,0.9832547869200274,0.01674521307997237
2026-02-15T17:12:23.071113,v4,0,0.9830438980564099,0.01695610194358991
2026-02-15T17:12:23.090970,v4,0,0.9727647482591162,0.027235251740883825
2026-02-15T17:12:23.113908,v4,0,0.9703187930038003,0.02968120699619954
2026-02-15T17:12:23.134911,v4,0,0.9746059318791747,0.025394068120825296
2026-02-15T17:12:23.155925,v4,0,0.9638796817138912,0.03612031828610872
2026-02-15T17:12:23.188905,v4,0,0.9167471905427337,0.08325280945726617
2026-02-15T17:12:23.212924,v4,0,0.9846700344432775,0.015329965556722724
2026-02-15T17:12:23.235932,v4,0,0.9723378097492276,0.027662190250772354
2026-02-15T17:12:23.255936,v4,0,0.9727787932029364,0.0272212067970636
2026-02-15T17:12:23.281136,v4,0,0.9746059318791747,0.025394068120825296
2026-02-15T17:12:23.316197,v4,0,0.9734822952811037,0.026517704718896203
2026-02-15T17:12:23.348150,v4,0,0.9746059318791747,0.025394068120825296
2026-02-15T17:12:23.378253,v4,0,0.9884861408198602,0.011513859180139753
2026-02-15T17:12:23.397776,v4,0,0.974840159330867,0.02515984066913305
2026-02-15T17:12:23.418786,v4,0,0.9745090326543685,0.0254909673456315
2026-02-15T17:12:23.442808,v4,0,0.9832644894190739,0.016735510580926028
2026-02-15T17:12:23.464805,v4,0,0.9792549828306447,0.020745017169355222
2026-02-15T17:12:23.488869,v4,0,0.9845265390271924,0.015473460972807324
2026-02-15T17:12:23.508872,v4,0,0.9777386557587993,0.02226134424120079
2026-02-15T17:12:23.528874,v4,0,0.9745960837841503,0.0254039162158497
2026-02-15T17:12:23.553879,v4,0,0.9834465751610864,0.016553424838913512
2026-02-15T17:12:23.576907,v4,0,0.9736104242872645,0.026389575712735605
2026-02-15T17:12:23.597920,v4,0,0.9744455115423669,0.025554488457633192
2026-02-15T17:12:23.619923,v4,0,0.9722998006079638,0.027700199392036468
2026-02-15T17:12:23.639942,v4,0,0.9843913185849812,0.015608681415018753
2026-02-15T17:12:23.663964,v4,1,0.06208333333333333,0.9379166666666666
2026-02-15T17:12:23.686992,v4,0,0.973218092514768,0.02678190748523209
2026-02-15T17:12:23.708107,v4,0,0.973136485327257,0.026863514672742773
2026-02-15T17:12:23.730025,v4,0,0.9494398337841503,0.05056016621584969
2026-02-15T17:12:23.752021,v4,0,0.949342934559344,0.05065706544065589
2026-02-15T17:12:23.778126,v4,0,0.947757565689418,0.052242434310581974
2026-02-15T17:12:23.806135,v4,0,0.9167137548117029,0.0832862451882973
2026-02-15T17:12:23.828147,v4,0,0.9581677175774209,0.04183228242257898
2026-02-15T17:12:23.855796,v4,0,0.98458732182002,0.015412678179980115
2026-02-15T17:12:23.881833,v4,0,0.9596374487128558,0.04036255128714426
2026-02-15T17:12:23.906143,v4,0,0.9476927001512216,0.052307299848778334
2026-02-15T17:12:23.927144,v4,0,0.9587130267802244,0.0412869732197756
2026-02-15T17:12:23.948163,v4,0,0.9690839420486576,0.03091605795134218
2026-02-15T17:12:23.969837,v4,0,0.7928414126421793,0.20715858735782075
2026-02-15T17:12:23.992050,v4,0,0.9742458227994396,0.02575417720056037
2026-02-15T17:12:24.018049,v4,0,0.9592814162589919,0.04071858374100822
2026-02-15T17:12:24.039134,v4,0,0.9646773336528424,0.03532266634715776
2026-02-15T17:12:24.060069,v4,0,0.9494039706086457,0.05059602939135435
2026-02-15T17:12:24.081086,v4,0,0.9493202408307226,0.05067975916927732
2026-02-15T17:12:24.101099,v4,0,0.8378369483564652,0.16216305164353503
2026-02-15T17:12:24.126115,v4,0,0.9580276990664396,0.04197230093356045
2026-02-15T17:12:24.147131,v4,0,0.8874521903784227,0.11254780962157744
2026-02-15T17:12:24.168149,v4,0,0.9444574330253548,0.05554256697464535
2026-02-15T17:12:24.188189,v4,0,0.944262122553263,0.05573787744673694
2026-02-15T17:12:24.212215,v4,0,0.9443553852639216,0.05564461473607846
2026-02-15T17:12:24.241824,v4,0,0.9586267776229207,0.04137322237707937
2026-02-15T17:12:24.265939,v4,0,0.953870323031786,0.046129676968213934
2026-02-15T17:12:24.287980,v4,0,0.9438062204676834,0.056193779532316496
2026-02-15T17:12:24.307987,v4,0,0.8288419201227666,0.17115807987723353
2026-02-15T17:12:24.330991,v4,0,0.9453233832288261,0.05467661677117385
2026-02-15T17:12:24.354012,v4,0,0.9434105859892925,0.056589414010707474
2026-02-15T17:12:24.378100,v4,0,0.9138011056713471,0.08619889432865295
2026-02-15T17:12:24.402107,v4,0,0.9132512711703736,0.08674872882962614
2026-02-15T17:12:24.424127,v4,0,0.898983853654435,0.10101614634556487
2026-02-15T17:12:24.453138,v4,0,0.8515906951671376,0.14840930483286244
2026-02-15T17:12:24.490794,v4,0,0.8992393659222023,0.10076063407779767
2026-02-15T17:12:24.521832,v4,0,0.9007342937366029,0.09926570626339686
2026-02-15T17:12:24.543853,v4,0,0.9157494318887792,0.08425056811122084
2026-02-15T17:12:24.564857,v4,0,0.9114980516375774,0.08850194836242269
2026-02-15T17:12:24.586128,v4,0,0.8880954042553502,0.11190459574464985
2026-02-15T17:12:24.613219,v4,1,0.0825,0.9175
2026-02-15T17:12:24.638767,v4,1,0.0825,0.9175
2026-02-15T17:12:24.658779,v4,0,0.8301185858455321,0.1698814141544677
2026-02-15T17:12:24.682809,v4,0,0.9056737636850954,0.09432623631490447
2026-02-15T17:12:24.705323,v4,0,0.8607836517407683,0.13921634825923138
2026-02-15T17:12:24.731893,v4,0,0.8115373852094122,0.1884626147905877
2026-02-15T17:12:24.754900,v4,1,0.05,0.95
2026-02-15T17:12:24.775443,v4,0,0.7866820671546282,0.21331793284537195
2026-02-15T17:12:24.795958,v4,0,0.7695750640949456,0.2304249359050543
2026-02-15T17:12:24.815971,v4,0,0.8166436091694284,0.18335639083057156
2026-02-15T17:12:24.839987,v4,1,0.06652173913043478,0.9334782608695653
2026-02-15T17:12:24.861998,v4,1,0.065,0.935
2026-02-15T17:12:24.883026,v4,0,0.8015373852094122,0.19846261479058772
2026-02-15T17:12:24.903029,v4,0,0.8213345053274229,0.17866549467257703
2026-02-15T17:12:24.924039,v4,1,0.06652173913043478,0.9334782608695653
2026-02-15T17:12:24.947051,v4,0,0.7965373852094122,0.20346261479058772
2026-02-15T17:12:24.968063,v4,0,0.8016342844342184,0.1983657155657815
2026-02-15T17:12:24.991932,v4,0,0.8016342844342184,0.1983657155657815
2026-02-15T17:12:25.016023,v4,0,0.7718800538841663,0.22811994611583386
2026-02-15T17:12:25.038952,v4,0,0.9796451113059033,0.02035488869409682
2026-02-15T17:12:25.061969,v4,0,0.9844705700165428,0.015529429983457037
2026-02-15T17:12:25.084018,v4,0,0.984674512265398,0.015325487734601904
2026-02-15T17:12:25.105028,v4,0,0.8716650043367109,0.12833499566328924
2026-02-15T17:12:25.124753,v4,0,0.9848320769493489,0.015167923050651044
2026-02-15T17:12:25.145781,v4,0,0.9798455126499248,0.020154487350075235
2026-02-15T17:12:25.175386,v4,0,0.9918975660431151,0.008102433956884742
2026-02-15T17:12:25.196932,v4,0,0.9745003410296061,0.025499658970393906
2026-02-15T17:12:25.216938,v4,0,0.9848320769493489,0.015167923050651044
2026-02-15T17:12:25.236946,v4,0,0.9882758213694207,0.011724178630579087
2026-02-15T17:12:25.256969,v4,0,0.9782459900891288,0.021754009910871123
2026-02-15T17:12:25.282983,v4,0,0.921340477418721,0.07865952258127877
2026-02-15T17:12:25.312015,v4,0,0.9642688197504622,0.035731180249537635
2026-02-15T17:12:25.344064,v4,0,0.9679279574163422,0.032072042583657624
2026-02-15T17:12:25.384137,v4,0,0.9734691258342206,0.026530874165779435
2026-02-15T17:12:25.441900,v4,0,0.984607068633688,0.015392931366311929
2026-02-15T17:12:25.481883,v4,0,0.9732546817138912,0.026745318286108714
2026-02-15T17:12:25.518947,v4,0,0.8116221814642833,0.18837781853571656
2026-02-15T17:12:25.561007,v4,0,0.9845429660695854,0.015457033930414492
2026-02-15T17:12:25.601165,v4,0,0.9745731352184711,0.025426864781528936
2026-02-15T17:12:25.645763,v4,0,0.984607068633688,0.015392931366311929
2026-02-15T17:12:25.675342,v4,0,0.9846700344432775,0.015329965556722724
2026-02-15T17:12:25.707237,v4,0,0.9745090326543685,0.0254909673456315
2026-02-15T17:12:25.738805,v4,0,0.9745731352184711,0.025426864781528936
2026-02-15T17:12:25.775451,v4,0,0.9736329016728589,0.02636709832714128
2026-02-15T17:12:25.811952,v4,0,0.9884986499393087,0.011501350060691234
2026-02-15T17:12:25.846212,v4,0,0.9846700344432775,0.015329965556722724
2026-02-15T17:12:25.878368,v4,0,0.9745960837841503,0.0254039162158497
2026-02-15T17:12:25.909433,v4,0,0.9390326052724113,0.06096739472758874
2026-02-15T17:12:25.948966,v4,0,0.9729560628790018,0.027043937120998188
2026-02-15T17:12:25.976567,v4,0,0.9746601863482529,0.025339813651747138
2026-02-15T17:12:26.009198,v4,0,0.9731029464082697,0.026897053591730506
2026-02-15T17:12:26.031931,v4,0,0.9744455115423669,0.025554488457633192
2026-02-15T17:12:26.059864,v4,0,0.9736235937341478,0.026376406265852373
2026-02-15T17:12:26.089022,v4,0,0.9845906415912951,0.01540935840870476
2026-02-15T17:12:26.112026,v4,0,0.974499184559344,0.025500815440655904
2026-02-15T17:12:26.133039,v4,0,0.9845039363482528,0.015496063651747135
2026-02-15T17:12:26.153027,v4,0,0.9843881916306345,0.015611808369365219
2026-02-15T17:12:26.175678,v4,0,0.8066058276977293,0.19339417230227057
2026-02-15T17:12:26.196251,v4,0,0.9580849765862743,0.04191502341372568
2026-02-15T17:12:26.216792,v4,0,0.9640006076934802,0.035999392306519454
2026-02-15T17:12:26.236782,v4,0,0.9573932750399475,0.042606724960052265
2026-02-15T17:12:26.259786,v4,0,0.9597914086422279,0.04020859135777233
2026-02-15T17:12:26.279337,v4,0,0.892162746706195,0.10783725329380502
2026-02-15T17:12:26.297850,v4,0,0.9634936259065101,0.03650637409348993
2026-02-15T17:12:26.317859,v4,0,0.9526160641778292,0.047383935822170827
2026-02-15T17:12:26.337863,v4,0,0.9495733461487532,0.050426653851246825
2026-02-15T17:12:26.361850,v4,0,0.8822123655821551,0.1177876344178449
2026-02-15T17:12:26.384122,v4,0,0.9035575885664376,0.09644241143356248
2026-02-15T17:12:26.403682,v4,0,0.9482537599830495,0.051746240016950544
2026-02-15T17:12:26.424774,v4,0,0.9694120381176827,0.030587961882317268
2026-02-15T17:12:26.449775,v4,0,0.9492005657281491,0.050799434271851046
2026-02-15T17:12:26.478415,v4,0,0.969510824954613,0.03048917504538693
2026-02-15T17:12:26.513955,v4,0,0.9844000033011922,0.015599996698807926
2026-02-15T17:12:26.554886,v4,0,0.9494039706086457,0.05059602939135435
2026-02-15T17:12:26.581854,v4,0,0.9489265757265626,0.05107342427343732
2026-02-15T17:12:26.608419,v4,0,0.9493070713838395,0.05069292861616055
2026-02-15T17:12:26.633950,v4,0,0.9594812426196314,0.040518757380368545
2026-02-15T17:12:26.657944,v4,0,0.9444227533027925,0.05557724669720758
2026-02-15T17:12:26.681960,v4,0,0.9398003036466038,0.06019969635339618
2026-02-15T17:12:26.701954,v4,0,0.9098723977734703,0.09012760222652975
2026-02-15T17:12:26.724952,v4,0,0.9686890331197392,0.031310966880260846
2026-02-15T17:12:26.747957,v4,0,0.958059364855672,0.04194063514432795
2026-02-15T17:12:26.767984,v4,0,0.9426833643500834,0.05731663564991659
2026-02-15T17:12:26.789048,v4,0,0.7428527505106601,0.25714724948934
2026-02-15T17:12:26.817590,v4,0,0.953870323031786,0.046129676968213934
2026-02-15T17:12:26.856342,v4,0,0.9438062204676834,0.056193779532316496
2026-02-15T17:12:26.893883,v4,0,0.9419999287528797,0.05800007124712013
2026-02-15T17:12:26.914904,v4,0,0.9696140069561122,0.030385993043887824
2026-02-15T17:12:26.933898,v4,0,0.9420703512880911,0.05792964871190887
2026-02-15T17:12:26.953907,v4,0,0.9138980048961532,0.08610199510384675
2026-02-15T17:12:26.973907,v4,0,0.9074557795865398,0.09254422041345997
2026-02-15T17:12:27.001133,v4,0,0.8940166503151386,0.10598334968486124
2026-02-15T17:12:27.026247,v4,0,0.898617183909614,0.10138281609038588
2026-02-15T17:12:27.046768,v4,0,0.8660382500166175,0.13396174998338245
2026-02-15T17:12:27.066773,v4,0,0.8382573618338043,0.1617426381661958
2026-02-15T17:12:27.088809,v4,0,0.9157366572336949,0.08426334276630514
2026-02-15T17:12:27.115851,v4,0,0.8739707165347171,0.12602928346528272
2026-02-15T17:12:27.135851,v4,0,0.905204332322807,0.09479566767719297
2026-02-15T17:12:27.156844,v4,0,0.9148778057670444,0.0851221942329554
2026-02-15T17:12:27.177375,v4,0,0.9047168039781357,0.09528319602186416
2026-02-15T17:12:27.199875,v4,0,0.9047809065422382,0.09521909345776161
2026-02-15T17:12:27.219869,v4,0,0.926374750981334,0.07362524901866596
2026-02-15T17:12:27.241878,v4,0,0.9063903018680145,0.09360969813198533
2026-02-15T17:12:27.262950,v4,0,0.8907706629099016,0.10922933709009829
2026-02-15T17:12:27.282953,v4,0,0.8166436091694284,0.18335639083057156
2026-02-15T17:12:27.304035,v4,1,0.185,0.815
2026-02-15T17:12:27.329963,v4,0,0.9729493562818924,0.0270506437181076
2026-02-15T17:12:27.353050,v4,0,0.9816436510210815,0.018356348978918177
2026-02-15T17:12:27.377461,v4,0,0.9830078455987313,0.01699215440126857
2026-02-15T17:12:27.401002,v4,0,0.9848452463962322,0.015154753603767812
2026-02-15T17:12:27.427021,v4,0,0.9945346725806455,0.0054653274193544755
2026-02-15T17:12:27.453993,v4,1,0.06708333333333333,0.9329166666666666
2026-02-15T17:12:27.475001,v4,0,0.9735673282693792,0.026432671730620957
2026-02-15T17:12:27.496026,v4,0,0.9775019564171878,0.022498043582812013
2026-02-15T17:12:27.516018,v4,0,0.9745003410296061,0.025499658970393906
2026-02-15T17:12:27.538031,v4,0,0.9745972402544123,0.025402759745587703
2026-02-15T17:12:27.561021,v4,0,0.969146705698601,0.030853294301398996
2026-02-15T17:12:27.586070,v4,0,0.9796273915211094,0.02037260847889063
2026-02-15T17:12:27.611061,v4,0,0.9800807345971251,0.01991926540287463
2026-02-15T17:12:27.641068,v4,0,0.9744949877105483,0.025505012289451724
2026-02-15T17:12:27.675081,v4,0,0.9746059318791747,0.025394068120825296
2026-02-15T17:12:27.711177,v4,0,0.9717538918074515,0.028246108192548372
2026-02-15T17:12:27.738819,v4,0,0.994607068633688,0.0053929313663119306
2026-02-15T17:12:27.772084,v4,0,0.9389101350973058,0.06108986490269393
2026-02-15T17:12:27.799773,v4,0,0.8452968965461674,0.15470310345383267
2026-02-15T17:12:27.829846,v4,0,0.9319744471651593,0.06802555283484064
2026-02-15T17:12:27.855955,v4,0,0.9746059318791747,0.025394068120825296
2026-02-15T17:12:27.882953,v4,0,0.9884861408198602,0.011513859180139753
2026-02-15T17:12:27.907942,v4,0,0.9742240864889367,0.025775913511063262
2026-02-15T17:12:27.931951,v4,0,0.9736345032245829,0.0263654967754169
2026-02-15T17:12:27.954961,v4,0,0.9828920548599566,0.017107945140043435
2026-02-15T17:12:27.979974,v4,0,0.9882795234167525,0.011720476583247258
2026-02-15T17:12:28.006044,v4,0,0.9796262350508473,0.020373764949152627
2026-02-15T17:12:28.038559,v4,0,0.9945906415912951,0.0054093584087047605
2026-02-15T17:12:28.094013,v4,0,0.972468246996162,0.027531753003837894
2026-02-15T17:12:28.131175,v4,0,0.9783111292701051,0.021688870729894835
2026-02-15T17:12:28.183813,v4,0,0.9845039363482528,0.015496063651747135
2026-02-15T17:12:28.215925,v4,0,0.967626782582457,0.03237321741754293
2026-02-15T17:12:28.244955,v4,0,0.9743881916306347,0.025611808369365222
2026-02-15T17:12:28.275478,v4,0,0.9594237850901868,0.040576214909813085
2026-02-15T17:12:28.306856,v4,0,0.9628398035838628,0.03716019641613716
2026-02-15T17:12:28.328867,v4,0,0.9494737176663051,0.05052628233369494
2026-02-15T17:12:28.355937,v4,0,0.9494737176663051,0.05052628233369494
2026-02-15T17:12:28.383847,v4,0,0.9596214000188924,0.04037859998110765
2026-02-15T17:12:28.411861,v4,0,0.9745217039952376,0.025478296004762348
2026-02-15T17:12:28.437960,v4,0,0.9573960042975895,0.042603995702410344
2026-02-15T17:12:28.463888,v4,0,0.9743917801289682,0.025608219871031793
2026-02-15T17:12:28.485912,v4,0,0.9474718042196737,0.052528195780326296
2026-02-15T17:12:28.512915,v4,0,0.978227679473871,0.02177232052612884
2026-02-15T17:12:28.546450,v4,0,0.9695775726014684,0.030422427398531716
2026-02-15T17:12:28.577065,v4,0,0.9494680731727483,0.050531926827251786
2026-02-15T17:12:28.610009,v4,0,0.947635481695266,0.0523645183047339
2026-02-15T17:12:28.639559,v4,0,0.9594680731727483,0.04053192682725178
2026-02-15T17:12:28.675181,v4,0,0.7815496616415634,0.21845033835843666
2026-02-15T17:12:28.711910,v4,0,0.9030452031332956,0.09695479686670434
2026-02-15T17:12:28.737687,v4,0,0.9735448023505084,0.02645519764949161
2026-02-15T17:12:28.761777,v4,0,0.9664381919527198,0.0335618080472801
2026-02-15T17:12:28.786861,v4,0,0.9440769373680779,0.05592306263192213
2026-02-15T17:12:28.808877,v4,0,0.9445215355894574,0.055478464410542785
2026-02-15T17:12:28.829888,v4,0,0.9736555652894832,0.02634443471051676
2026-02-15T17:12:28.852978,v4,0,0.8987021903784228,0.10129780962157744
2026-02-15T17:12:28.872972,v4,0,0.9530390369349203,0.04696096306507973
2026-02-15T17:12:28.895003,v4,0,0.9694389389443644,0.030561061055635486
2026-02-15T17:12:28.921022,v4,0,0.9795243905629354,0.020475609437064543
2026-02-15T17:12:28.946006,v4,0,0.9669939474071346,0.033006052592865306
2026-02-15T17:12:28.967009,v4,0,0.9539284917756308,0.04607150822436939
2026-02-15T17:12:28.989043,v4,0,0.9345020906596578,0.06549790934034216
2026-02-15T17:12:29.011042,v4,0,0.9237160462132621,0.07628395378673776
2026-02-15T17:12:29.037054,v4,0,0.8943223121147422,0.10567768788525767
2026-02-15T17:12:29.061057,v4,1,0.0625,0.9375
2026-02-15T17:12:29.085121,v4,0,0.9159561378823216,0.08404386211767836
2026-02-15T17:12:29.109136,v4,0,0.8849135038703705,0.11508649612962943
2026-02-15T17:12:29.133133,v4,0,0.8956171839096139,0.10438281609038587
2026-02-15T17:12:29.159139,v4,0,0.7918312994674852,0.20816870053251482
2026-02-15T17:12:29.192010,v4,0,0.7192086461145617,0.2807913538854383
2026-02-15T17:12:29.219006,v4,0,0.8247831190181905,0.17521688098180965
2026-02-15T17:12:29.242011,v4,0,0.9103911453425798,0.08960885465742027
2026-02-15T17:12:29.272030,v4,1,0.0775,0.9225
2026-02-15T17:12:29.315679,v4,0,0.9006737636850954,0.09932623631490445
2026-02-15T17:12:29.361908,v4,0,0.898291771597084,0.10170822840291588
2026-02-15T17:12:29.390951,v4,0,0.8469712550197446,0.1530287449802555
2026-02-15T17:12:29.410943,v4,0,0.9844705700165428,0.015529429983457037
2026-02-15T17:12:29.433963,v4,0,0.9729437430346287,0.02705625696537114
2026-02-15T17:12:29.455989,v4,0,0.9299877716181736,0.07001222838182636
2026-02-15T17:12:29.477525,v4,0,0.9792198904932167,0.020780109506783172
2026-02-15T17:12:29.498048,v4,0,0.9788709900891288,0.021129009910871122
2026-02-15T17:12:29.519078,v4,0,0.9790789609823417,0.020921039017657867
2026-02-15T17:12:29.540096,v4,0,0.9775170122352921,0.022482987764707855
2026-02-15T17:12:29.566096,v4,0,0.980142253972349,0.01985774602765076
2026-02-15T17:12:29.588140,v4,0,0.9728630997354137,0.027136900264586088
2026-02-15T17:12:29.609161,v4,0,0.952868580079658,0.047131419920341894
2026-02-15T17:12:29.630180,v4,0,0.979557935637949,0.020442064362051003
2026-02-15T17:12:29.651203,v4,0,0.9702871249474295,0.029712875052570455
2026-02-15T17:12:29.674777,v4,0,0.8153721814642833,0.18462781853571655
2026-02-15T17:12:29.700759,v4,0,0.9733108477700573,0.02668915222994266
2026-02-15T17:12:29.720786,v4,0,0.9766554750113918,0.023344524988608065
2026-02-15T17:12:29.740779,v4,0,0.9198949554722984,0.0801050445277015
2026-02-15T17:12:29.769083,v4,0,0.9845429660695854,0.015457033930414492
2026-02-15T17:12:29.793124,v4,0,0.994607068633688,0.0053929313663119306
2026-02-15T17:12:29.814144,v4,0,0.9579522869416814,0.0420477130583184
2026-02-15T17:12:29.837140,v4,0,0.9746059318791747,0.025394068120825296
2026-02-15T17:12:29.858135,v4,0,0.9783815899981815,0.021618410001818536
2026-02-15T17:12:29.881192,v4,0,0.9737616612046094,0.026238338795390684
2026-02-15T17:12:29.907751,v4,0,0.9726345624337056,0.027365437566294365
2026-02-15T17:12:29.929744,v4,0,0.934019063598544,0.06598093640145578
2026-02-15T17:12:29.951757,v4,0,0.9738348920461013,0.026165107953898793
2026-02-15T17:12:29.971757,v4,0,0.9845265390271924,0.015473460972807324
2026-02-15T17:12:29.993797,v4,0,0.9896262350508473,0.010373764949152623
2026-02-15T17:12:30.017818,v4,0,0.9946098354492606,0.005390164550739309
2026-02-15T17:12:30.043838,v4,0,0.988642493703991,0.011357506296008917
2026-02-15T17:12:30.066861,v4,0,0.9214584079302557,0.07854159206974422
2026-02-15T17:12:30.090962,v4,0,0.9845906415912951,0.01540935840870476
2026-02-15T17:12:30.117986,v4,0,0.8797500912149293,0.12024990878507072
2026-02-15T17:12:30.141985,v4,0,0.9693429345593441,0.030657065440655905
2026-02-15T17:12:30.163985,v4,0,0.9624534112014049,0.03754658879859492
2026-02-15T17:12:30.187062,v4,0,0.949342934559344,0.05065706544065589
2026-02-15T17:12:30.207079,v4,0,0.9494070371234468,0.05059296287655333
2026-02-15T17:12:30.234074,v4,0,0.9695164589633595,0.030483541036640437
2026-02-15T17:12:30.259086,v4,0,0.9845506370259608,0.015449362974039165
2026-02-15T17:12:30.279606,v4,0,0.9234740594371814,0.0765259405628186
2026-02-15T17:12:30.303117,v4,0,0.9495706168911113,0.05042938310888874
2026-02-15T17:12:30.324123,v4,0,0.9732968965120379,0.02670310348796204
2026-02-15T17:12:30.345151,v4,0,0.9662610827606762,0.033738917239323644
2026-02-15T17:12:30.369810,v4,0,0.9123163400879137,0.08768365991208632
2026-02-15T17:12:30.392794,v4,0,0.8002996616415633,0.19970033835843665
2026-02-15T17:12:30.414829,v4,0,0.7965965512598815,0.20340344874011845
2026-02-15T17:12:30.435832,v4,0,0.9742244737449712,0.02577552625502875
2026-02-15T17:12:30.459841,v4,0,0.9593615675170579,0.04063843248294228
2026-02-15T17:12:30.502970,v4,0,0.9490985179667161,0.05090148203328416
2026-02-15T17:12:30.535035,v4,0,0.9596024898051351,0.04039751019486503
2026-02-15T17:12:30.557039,v4,0,0.9593879219146823,0.04061207808531773
2026-02-15T17:12:30.579051,v4,0,0.9494680731727483,0.050531926827251786
2026-02-15T17:12:30.601140,v4,0,0.9594680731727483,0.04053192682725178
2026-02-15T17:12:30.624145,v4,0,0.9596156592520182,0.040384340747981806
2026-02-15T17:12:30.650146,v4,0,0.9476337538210358,0.05236624617896426
2026-02-15T17:12:30.670160,v4,0,0.9744795862219883,0.025520413778011796
2026-02-15T17:12:30.691189,v4,0,0.9528438228429187,0.0471561771570813
2026-02-15T17:12:30.717741,v4,0,0.9444574330253548,0.05554256697464535
2026-02-15T17:12:30.743083,v4,0,0.9376833643500834,0.0623166356499166
2026-02-15T17:12:30.765100,v4,0,0.9441056622530624,0.05589433774693746
2026-02-15T17:12:30.785145,v4,0,0.8225150695125026,0.17748493048749736
2026-02-15T17:12:30.806157,v4,0,0.938870323031786,0.06112967696821394
2026-02-15T17:12:30.829162,v4,0,0.8388419201227666,0.16115807987723355
2026-02-15T17:12:30.854165,v4,0,0.9695499043920095,0.030450095607990387
2026-02-15T17:12:30.876756,v4,0,0.9204761581017151,0.07952384189828507
2026-02-15T17:12:30.899854,v4,0,0.9057009619719709,0.09429903802802919
2026-02-15T17:12:30.920856,v4,0,0.8989796466708423,0.10102035332915764
2026-02-15T17:12:30.942861,v4,0,0.9136320558900671,0.08636794410993286
2026-02-15T17:12:30.968879,v4,0,0.8712612789169402,0.1287387210830598
2026-02-15T17:12:30.991904,v4,0,0.874028215566093,0.12597178443390689
2026-02-15T17:12:31.014914,v4,0,0.8930710987389991,0.10692890126100092
2026-02-15T17:12:31.039927,v4,0,0.9048137032029419,0.09518629679705796
2026-02-15T17:12:31.066937,v4,0,0.8662771154213815,0.1337228845786185
2026-02-15T17:12:31.096006,v4,0,0.9154818938384769,0.08451810616152311
2026-02-15T17:12:31.117002,v4,0,0.9063052461524309,0.09369475384756906
2026-02-15T17:12:31.140006,v4,0,0.9711363096930588,0.02886369030694109
2026-02-15T17:12:31.161026,v4,0,0.9728524570570862,0.027147542942913803
2026-02-15T17:12:31.182083,v4,0,0.9765135867995102,0.023486413200489668
2026-02-15T17:12:31.206082,v4,0,0.9830262524631963,0.0169737475368037
2026-02-15T17:12:31.233202,v4,0,0.8116221814642833,0.18837781853571656
2026-02-15T17:12:31.253742,v4,0,0.9746613428185149,0.02533865718148514
2026-02-15T17:12:31.273748,v4,0,0.9846613428185149,0.015338657181485133
2026-02-15T17:12:31.296794,v4,0,0.9945225660431152,0.005477433956884742
2026-02-15T17:12:31.319789,v4,0,0.9845483193886432,0.015451680611356678
2026-02-15T17:12:31.339787,v4,0,0.9845483193886432,0.015451680611356678
2026-02-15T17:12:31.359786,v4,0,0.8613530626023334,0.13864693739766662
2026-02-15T17:12:31.380325,v4,0,0.8153629050264354,0.18463709497356443
2026-02-15T17:12:31.400863,v4,0,0.9773523723288993,0.022647627671100595
2026-02-15T17:12:31.423861,v4,0,0.9851369006532912,0.014863099346708574
2026-02-15T17:12:31.442854,v4,0,0.9751902402197722,0.024809759780227796
2026-02-15T17:12:31.462868,v4,0,0.9845429660695854,0.015457033930414492
2026-02-15T17:12:31.483388,v4,0,0.9340062889434597,0.06599371105654009
2026-02-15T17:12:31.506910,v4,0,0.9856281153555497,0.014371884644450002
2026-02-15T17:12:31.533937,v4,0,0.9946345085974716,0.005365491402528431
2026-02-15T17:12:31.556056,v4,0,0.9746059318791747,0.025394068120825296
2026-02-15T17:12:31.576012,v4,0,0.994607068633688,0.0053929313663119306
2026-02-15T17:12:31.598109,v4,0,0.9748379830378296,0.02516201696217034
2026-02-15T17:12:31.637147,v4,0,0.9788139450909393,0.02118605490906059
2026-02-15T17:12:31.678269,v4,0,0.9738796817138912,0.026120318286108713
2026-02-15T17:12:31.705826,v4,0,0.9846700344432775,0.015329965556722724
2026-02-15T17:12:31.750742,v4,0,0.9745632871234468,0.02543671287655334
2026-02-15T17:12:31.797245,v4,0,0.9775558010065099,0.022444198993490053
2026-02-15T17:12:31.843912,v4,0,0.9692309591534553,0.030769040846544637
2026-02-15T17:12:31.889564,v4,0,0.9795621324867447,0.02043786751325519
2026-02-15T17:12:31.932024,v4,0,0.9783302435439832,0.021669756456016764
2026-02-15T17:12:31.961081,v4,0,0.974499184559344,0.025500815440655904
2026-02-15T17:12:31.995180,v4,0,0.9089224207710668,0.09107757922893313
2026-02-15T17:12:32.020767,v4,0,0.9943913185849812,0.005608681415018753
2026-02-15T17:12:32.050106,v4,0,0.9676734710816446,0.0323265289183554
2026-02-15T17:12:32.071125,v4,0,0.9440305301326641,0.05596946986733578
2026-02-15T17:12:32.093696,v4,0,0.9844522941947373,0.015547705805262657
2026-02-15T17:12:32.119787,v4,0,0.952746924169477,0.04725307583052287
2026-02-15T17:12:32.149338,v4,0,0.9494398337841503,0.05056016621584969
2026-02-15T17:12:32.184986,v4,0,0.9489093822809015,0.051090617719098494
2026-02-15T17:12:32.227442,v4,0,0.9745189747375957,0.02548102526240427
2026-02-15T17:12:32.257695,v4,0,0.9593082918786122,0.040691708121387865
2026-02-15T17:12:32.289321,v4,0,0.921927859025807,0.07807214097419309
2026-02-15T17:12:32.314834,v4,0,0.9058624488990492,0.09413755110095096
2026-02-15T17:12:32.335835,v4,0,0.8016058276977293,0.19839417230227055
2026-02-15T17:12:32.358845,v4,0,0.953888326887795,0.046111673112205036
2026-02-15T17:12:32.379852,v4,0,0.9494764469239471,0.050523553076053024
2026-02-15T17:12:32.401044,v4,0,0.9684190872039412,0.03158091279605888
2026-02-15T17:12:32.422040,v4,0,0.9743201630427236,0.025679836957276478
2026-02-15T17:12:32.443045,v4,0,0.9742458227994396,0.02575417720056037
2026-02-15T17:12:32.466134,v4,0,0.9492005657281491,0.050799434271851046
2026-02-15T17:12:32.488308,v4,0,0.9742458227994396,0.02575417720056037
2026-02-15T17:12:32.508819,v4,0,0.9397946903993402,0.060205309600659715
2026-02-15T17:12:32.529816,v4,0,0.9493070713838395,0.05069292861616055
2026-02-15T17:12:32.549816,v4,0,0.9030452031332956,0.09695479686670434
2026-02-15T17:12:32.571816,v4,0,0.9347946903993402,0.06520530960065972
2026-02-15T17:12:32.596846,v4,0,0.9493194964775609,0.05068050352243934
2026-02-15T17:12:32.619859,v4,0,0.9594812426196314,0.040518757380368545
2026-02-15T17:12:32.641872,v4,0,0.9544868558668951,0.04551314413310501
2026-02-15T17:12:32.662880,v4,0,0.9490769373680779,0.050923062631922124
2026-02-15T17:12:32.688939,v4,0,0.9695436887860909,0.030456311213909234
2026-02-15T17:12:32.712986,v4,0,0.9445215355894574,0.055478464410542785
2026-02-15T17:12:32.734090,v4,0,0.926158740189095,0.07384125981090467
2026-02-15T17:12:32.754013,v4,0,0.9646610979012189,0.03533890209878108
2026-02-15T17:12:32.775024,v4,0,0.9584447896169224,0.041555210383077544
2026-02-15T17:12:32.823118,v4,0,0.9073550918379799,0.09264490816202016
2026-02-15T17:12:32.852136,v4,0,0.9436015052577109,0.05639849474228918
2026-02-15T17:12:32.873711,v4,1,0.025,0.975
2026-02-15T17:12:32.894774,v4,0,0.9695606340057435,0.030439365994256482
2026-02-15T17:12:32.915776,v4,0,0.9239621074602558,0.0760378925397442
2026-02-15T17:12:32.936778,v4,0,0.9088325979141999,0.09116740208580017
2026-02-15T17:12:32.956788,v4,0,0.8348303150010564,0.16516968499894358
2026-02-15T17:12:32.976788,v4,0,0.8142107672507166,0.18578923274928336
2026-02-15T17:12:32.996862,v4,0,0.8914192113395484,0.10858078866045147
2026-02-15T17:12:33.017868,v4,0,0.8317194160727837,0.1682805839272164
2026-02-15T17:12:33.039887,v4,0,0.8930670756434522,0.10693292435654786
2026-02-15T17:12:33.059870,v4,0,0.9064833139036509,0.09351668609634889
2026-02-15T17:12:33.078880,v4,0,0.8857076725889041,0.11429232741109585
2026-02-15T17:12:33.099256,v4,0,0.9004333421610548,0.09956665783894508
2026-02-15T17:12:33.126956,v4,0,0.9163052461524309,0.08369475384756907
2026-02-15T17:12:33.151976,v4,0,0.916374750981334,0.08362524901866596
2026-02-15T17:12:33.171976,v4,0,0.9079694085935435,0.09203059140645635
2026-02-15T17:12:33.192061,v4,0,0.9844705700165428,0.015529429983457037
2026-02-15T17:12:33.213047,v4,0,0.9729437430346287,0.02705625696537114
2026-02-15T17:12:33.234053,v4,0,0.9945346725806455,0.0054653274193544755
2026-02-15T17:12:33.264055,v4,0,0.9735223581813786,0.026477641818621445
2026-02-15T17:12:33.287151,v4,0,0.9736258115998205,0.02637418840017931
2026-02-15T17:12:33.310148,v4,0,0.9846613428185149,0.015338657181485133
2026-02-15T17:12:33.331155,v4,0,0.9945225660431152,0.005477433956884742
2026-02-15T17:12:33.353149,v4,0,0.9776273915211093,0.02237260847889063
2026-02-15T17:12:33.377155,v4,0,0.9845483193886432,0.015451680611356678
2026-02-15T17:12:33.402201,v4,0,0.9741425941221515,0.02585740587784824
2026-02-15T17:12:33.422771,v4,0,0.9832644894190739,0.016735510580926028
