Air temperature [K],Process temperature [K],Rotational speed [rpm],Torque [Nm],Tool wear [min],TWF,HDF,PWF,OSF,RNF,Type_L,Type_M,Machine failure
345.69,357.19,1682.4499999999998,52.324999999999996,225.39999999999998,0,0,0,0,0,False,True,1
345.575,357.075,1798.6,43.93,228.85,0,0,0,0,0,True,False,0
345.575,357.19,1622.6499999999999,54.28,231.14999999999998,0,0,0,0,0,False,False,0
345.575,357.19,1770.9999999999998,53.705,236.89999999999998,0,0,0,0,0,True,False,0
345.575,357.19,2242.5,23.345,239.2,0,0,0,0,0,True,False,0
345.69,357.30499999999995,1539.85,60.834999999999994,0.0,0,0,0,0,0,False,True,0
345.69,357.19,1631.85,45.54,3.4499999999999997,0,0,0,0,0,False,False,0
345.575,357.19,1723.85,51.98,9.2,0,0,0,0,0,True,False,1
345.575,357.19,1573.1999999999998,57.04,11.5,0,0,0,0,0,True,False,0
345.575,357.075,1766.3999999999999,41.63,13.799999999999999,0,0,0,0,0,True,False,0
345.575,357.075,1689.35,49.334999999999994,16.099999999999998,0,0,0,0,0,False,True,0
345.575,357.075,3027.95,14.029999999999998,19.549999999999997,0,0,1,0,0,True,False,1
345.4599999999999,356.9599999999999,1492.6999999999998,70.61,21.849999999999998,0,0,0,0,0,True,False,0
345.4599999999999,356.9599999999999,1775.6,41.74499999999999,24.15,0,0,0,0,0,False,True,0
345.575,357.075,1613.4499999999998,54.855,27.599999999999998,0,0,0,0,0,False,False,1
345.575,357.075,1669.8,49.334999999999994,33.349999999999994,0,0,0,0,0,True,False,0
345.69,357.075,1735.35,49.565,35.65,0,0,0,0,0,True,False,0
345.80499999999995,357.19,1695.1,42.55,37.949999999999996,0,0,0,0,0,False,True,0
345.80499999999995,357.30499999999995,1583.55,53.705,41.4,0,0,0,0,0,False,True,0
345.91999999999996,357.41999999999996,2002.1499999999999,31.165,44.849999999999994,0,0,0,0,0,True,False,0
345.91999999999996,357.41999999999996,1678.9999999999998,61.86999999999999,47.15,0,0,0,0,0,True,False,0
345.80499999999995,357.19,1875.6499999999999,37.49,49.449999999999996,0,0,0,0,0,False,False,0
345.80499999999995,357.075,1795.1499999999999,38.18,55.199999999999996,0,0,0,0,0,True,False,0
345.80499999999995,357.19,1807.8,44.275,57.49999999999999,0,0,0,0,0,False,True,0
345.69,357.19,2446.0499999999997,21.505,60.949999999999996,0,0,0,0,0,True,False,0
345.69,357.19,1665.1999999999998,51.405,63.24999999999999,0,0,0,0,0,False,False,0
345.69,357.30499999999995,1774.4499999999998,45.54,69.0,0,0,0,0,0,True,False,0
345.69,357.19,1734.1999999999998,40.019999999999996,71.3,0,0,0,0,0,True,False,0
345.69,357.19,1613.4499999999998,57.959999999999994,73.6,0,0,0,0,0,False,True,0
345.69,357.19,1672.1,45.655,77.05,0,0,0,0,0,True,False,1
345.80499999999995,357.41999999999996,2037.8,31.395,79.35,0,0,0,0,0,True,False,1
345.80499999999995,357.41999999999996,1700.85,56.464999999999996,81.64999999999999,0,0,0,0,0,True,False,0
345.80499999999995,357.53499999999997,1981.4499999999998,35.65,83.94999999999999,0,0,0,0,0,True,False,1
345.80499999999995,357.41999999999996,1689.35,53.35999999999999,86.25,0,0,0,0,0,False,True,0
345.69,357.19,2104.5,30.129999999999995,89.69999999999999,0,0,0,0,0,False,False,0
345.69,357.19,1721.55,43.93,95.44999999999999,0,0,0,0,0,True,False,0
345.80499999999995,357.19,1770.9999999999998,60.605,97.74999999999999,0,0,0,0,0,True,False,0
345.69,357.19,1741.1,45.425,100.05,0,0,0,0,0,True,False,0
345.80499999999995,357.19,1902.1,39.33,102.35,0,0,0,0,0,True,False,0
345.69,357.075,1746.85,42.55,104.64999999999999,0,0,0,0,0,False,False,0
345.80499999999995,357.19,1977.9999999999998,34.845,110.39999999999999,0,0,0,0,0,True,False,0
345.69,357.075,1690.4999999999998,43.355,112.69999999999999,0,0,0,0,0,True,False,0
345.69,357.075,1888.3,34.385,114.99999999999999,0,0,0,0,0,True,False,0
345.80499999999995,357.19,2306.8999999999996,21.965,117.3,0,0,0,0,0,False,True,1
345.80499999999995,357.19,1730.7499999999998,40.94,120.74999999999999,0,0,0,0,0,False,True,1
345.80499999999995,357.19,1850.35,31.74,124.19999999999999,0,0,0,0,0,False,True,1
345.80499999999995,357.075,2142.45,25.529999999999998,127.64999999999999,0,0,0,0,0,False,True,0
345.69,356.9599999999999,1611.1499999999999,48.989999999999995,131.1,0,0,0,0,0,True,False,0
345.69,356.9599999999999,2308.0499999999997,22.77,133.39999999999998,0,0,0,0,0,True,False,0
345.69,356.9599999999999,1718.1,54.394999999999996,135.7,0,0,0,0,0,True,False,0
345.69,356.9599999999999,1675.55,54.855,138.0,0,0,0,0,0,True,False,0
345.69,356.9599999999999,1789.3999999999999,43.355,140.29999999999998,0,0,0,0,0,True,False,1
345.69,356.9599999999999,1736.4999999999998,49.21999999999999,142.6,0,0,0,0,0,False,False,1
345.80499999999995,357.075,1802.05,44.505,148.35,0,0,0,0,0,False,False,0
345.80499999999995,357.075,1697.3999999999999,49.565,154.1,0,0,0,0,0,False,False,0
345.91999999999996,357.19,1912.4499999999998,35.19,159.85,0,0,0,0,0,True,False,0
345.91999999999996,357.075,1620.35,58.19,162.14999999999998,0,0,0,0,0,False,True,1
345.91999999999996,357.19,1915.8999999999999,41.63,165.6,0,0,0,0,0,True,False,0
345.80499999999995,357.19,1747.9999999999998,52.785,167.89999999999998,0,0,0,0,0,True,False,0
345.69,357.075,1890.6,38.86999999999999,170.2,0,0,0,0,0,True,False,0
345.69,356.9599999999999,1700.85,40.94,172.5,0,0,0,0,0,False,False,0
345.69,356.9599999999999,1662.8999999999999,57.155,178.25,0,0,0,0,0,True,False,0
345.69,356.9599999999999,1618.05,58.765,180.54999999999998,0,0,0,0,0,False,True,0
345.80499999999995,356.9599999999999,1419.1,59.455,184.0,0,0,0,0,0,True,False,1
345.91999999999996,357.075,1950.3999999999999,34.154999999999994,186.29999999999998,0,0,0,0,0,False,True,0
345.91999999999996,357.19,1591.6,60.834999999999994,189.74999999999997,0,0,0,0,0,True,False,0
345.91999999999996,357.30499999999995,1807.8,41.63,192.04999999999998,0,0,0,0,0,False,True,0
345.91999999999996,357.30499999999995,1593.8999999999999,48.415,195.49999999999997,0,0,0,0,0,False,True,1
345.91999999999996,357.30499999999995,1680.1499999999999,49.21999999999999,198.95,0,0,0,0,0,True,False,0
345.91999999999996,357.30499999999995,1753.7499999999998,45.309999999999995,201.24999999999997,0,0,0,0,0,True,False,0
345.80499999999995,357.30499999999995,1532.9499999999998,70.14999999999999,203.54999999999998,0,0,0,0,0,True,False,1
345.80499999999995,357.19,1730.7499999999998,46.69,205.85,0,0,0,0,0,False,False,0
345.80499999999995,357.19,1654.85,47.955,211.6,0,0,0,0,0,False,True,0
345.80499999999995,357.19,1714.6499999999999,49.68,215.04999999999998,0,0,0,0,0,True,False,1
345.80499999999995,357.19,1711.1999999999998,45.08,217.35,0,0,0,0,0,False,True,0
345.80499999999995,357.075,1766.3999999999999,54.50999999999999,220.79999999999998,0,0,0,0,0,True,False,0
345.80499999999995,357.075,2254.0,24.15,223.1,0,0,0,0,0,True,False,0
345.80499999999995,357.075,1833.1,35.65,225.39999999999998,0,0,0,0,0,False,True,0
345.80499999999995,357.075,1560.55,60.489999999999995,228.85,0,0,0,0,0,True,False,0
345.80499999999995,357.075,1661.7499999999998,47.265,231.14999999999998,0,0,0,0,0,True,False,0
345.80499999999995,356.9599999999999,1774.4499999999998,54.394999999999996,233.45,0,0,0,0,0,True,False,1
345.80499999999995,356.9599999999999,1570.8999999999999,60.489999999999995,235.74999999999997,0,0,0,0,0,True,False,0
345.80499999999995,356.84499999999997,1676.6999999999998,46.0,238.04999999999998,0,0,0,0,0,True,False,0
345.80499999999995,356.9599999999999,1628.3999999999999,71.07,240.35,0,0,1,1,0,True,False,1
345.69,356.84499999999997,2063.1,28.059999999999995,242.64999999999998,0,0,0,0,0,True,False,0
345.69,356.84499999999997,1706.6,47.15,244.95,0,0,0,0,0,True,False,0
345.69,356.9599999999999,2891.1,15.409999999999998,247.24999999999997,0,0,0,0,0,True,False,0
345.69,356.84499999999997,1895.1999999999998,35.074999999999996,249.54999999999998,1,0,0,0,0,True,False,0
345.69,356.84499999999997,1856.1,37.605,0.0,0,0,0,0,0,False,True,1
345.69,356.72999999999996,1865.3,39.214999999999996,3.4499999999999997,0,0,0,0,0,True,False,0
345.69,356.72999999999996,1699.6999999999998,46.114999999999995,5.75,0,0,0,0,0,False,True,0
345.69,356.72999999999996,1515.6999999999998,58.65,9.2,0,0,0,0,0,True,False,0
345.80499999999995,356.72999999999996,1716.9499999999998,41.285,11.5,0,0,0,0,0,True,False,0
345.80499999999995,356.84499999999997,1574.35,58.305,13.799999999999999,0,0,0,0,0,False,False,1
345.69,356.72999999999996,1664.05,52.785,19.549999999999997,0,0,0,0,0,True,False,0
345.69,356.615,1707.7499999999998,57.38499999999999,21.849999999999998,0,0,0,0,0,True,False,0
345.69,356.72999999999996,1712.35,54.96999999999999,24.15,0,0,0,0,0,True,False,1
345.69,356.72999999999996,1417.9499999999998,60.14499999999999,26.45,0,0,0,0,0,False,True,0
345.80499999999995,356.72999999999996,1888.3,37.49,29.9,0,0,0,0,0,True,False,0
345.80499999999995,356.72999999999996,1578.9499999999998,50.714999999999996,32.199999999999996,0,0,0,0,0,False,True,0
345.80499999999995,356.72999999999996,1804.35,37.71999999999999,35.65,0,0,0,0,0,True,False,0
345.91999999999996,356.72999999999996,2127.5,26.22,37.949999999999996,0,0,0,0,0,True,False,0
345.91999999999996,356.84499999999997,1718.1,48.53,40.25,0,0,0,0,0,False,True,1
345.91999999999996,356.84499999999997,2043.55,34.615,43.699999999999996,0,0,0,0,0,False,False,0
346.03499999999997,356.9599999999999,1672.1,49.565,49.449999999999996,0,0,0,0,0,True,False,1
346.03499999999997,356.9599999999999,1766.3999999999999,39.33,51.74999999999999,0,0,0,0,0,True,False,0
345.91999999999996,357.075,1704.3,44.849999999999994,54.05,0,0,0,0,0,True,False,0
346.03499999999997,357.075,1738.8,47.38,56.349999999999994,0,0,0,0,0,False,False,0
345.91999999999996,357.075,1737.6499999999999,41.169999999999995,62.099999999999994,0,0,0,0,0,False,True,1
346.03499999999997,357.075,1838.85,46.574999999999996,65.55,0,0,0,0,0,True,False,0
345.91999999999996,356.9599999999999,1745.6999999999998,41.4,67.85,0,0,0,0,0,False,True,0
345.91999999999996,356.9599999999999,1667.4999999999998,45.309999999999995,71.3,0,0,0,0,0,False,True,1
346.03499999999997,356.9599999999999,1641.05,54.05,74.75,0,0,0,0,0,True,False,0
346.03499999999997,356.9599999999999,1795.1499999999999,37.605,77.05,0,0,0,0,0,True,False,0
346.03499999999997,356.9599999999999,1675.55,50.36999999999999,79.35,0,0,0,0,0,False,False,0
346.15,357.19,1678.9999999999998,61.63999999999999,85.1,0,0,0,0,0,False,True,0
346.15,357.075,1841.1499999999999,38.18,88.55,0,0,0,0,0,True,False,0
346.03499999999997,357.075,1805.4999999999998,46.114999999999995,90.85,0,0,0,0,0,True,False,0
346.03499999999997,357.075,1799.7499999999998,41.285,93.14999999999999,0,0,0,0,0,True,False,0
346.15,357.075,1584.6999999999998,51.059999999999995,95.44999999999999,0,0,0,0,0,True,False,0
346.03499999999997,357.075,2631.2,18.515,97.74999999999999,0,0,0,0,0,True,False,1
346.03499999999997,356.9599999999999,1581.2499999999998,51.405,100.05,0,0,0,0,0,False,True,0
346.03499999999997,356.9599999999999,2056.2,31.97,103.49999999999999,0,0,0,0,0,True,False,0
346.03499999999997,356.9599999999999,1812.3999999999999,46.459999999999994,105.8,0,0,0,0,0,False,True,0
345.91999999999996,356.84499999999997,2148.2,28.174999999999997,109.24999999999999,0,0,0,0,0,False,True,1
345.80499999999995,356.615,1450.1499999999999,65.09,112.69999999999999,0,0,0,0,0,True,False,0
345.69,356.5,1773.3,38.98499999999999,114.99999999999999,0,0,0,0,0,False,True,0
345.69,356.5,1653.6999999999998,61.86999999999999,118.44999999999999,0,0,0,0,0,True,False,0
345.69,356.5,1737.6499999999999,42.434999999999995,120.74999999999999,0,0,0,0,0,True,False,0
345.69,356.5,1880.2499999999998,35.65,123.05,0,0,0,0,0,True,False,0
345.69,356.38499999999993,1642.1999999999998,56.11999999999999,125.35,0,0,0,0,0,True,False,0
345.575,356.27,1621.4999999999998,51.059999999999995,127.64999999999999,0,0,0,0,0,False,True,0
345.575,356.38499999999993,1636.4499999999998,55.084999999999994,131.1,0,0,0,0,0,True,False,0
345.575,356.38499999999993,1784.8,47.49499999999999,133.39999999999998,0,0,0,0,0,False,True,0
345.575,356.5,1616.8999999999999,57.73,136.85,0,0,0,0,0,False,True,1
345.575,356.38499999999993,1659.4499999999998,55.544999999999995,140.29999999999998,0,0,0,0,0,True,False,1
345.575,356.38499999999993,1544.4499999999998,73.255,142.6,0,0,0,0,0,False,True,0
345.69,356.5,1708.8999999999999,47.38,146.04999999999998,0,0,0,0,0,False,True,0
345.69,356.615,1491.55,57.49999999999999,149.5,0,0,0,0,0,True,False,0
345.69,356.615,1719.2499999999998,48.644999999999996,151.79999999999998,0,0,0,0,0,True,False,1
345.575,356.38499999999993,1589.3,53.474999999999994,154.1,0,0,0,0,0,True,False,0
345.4599999999999,356.27,1559.3999999999999,51.059999999999995,156.39999999999998,0,0,0,0,0,False,True,1
345.34499999999997,356.155,1669.8,47.724999999999994,159.85,0,0,0,0,0,False,False,0
345.34499999999997,356.155,1819.3,35.419999999999995,165.6,0,0,0,0,0,False,False,0
345.4599999999999,356.27,1744.55,46.34499999999999,171.35,0,0,0,0,0,False,True,1
345.575,356.5,1624.9499999999998,51.175,174.79999999999998,0,0,0,0,0,True,False,0
345.4599999999999,356.38499999999993,1720.3999999999999,36.57,177.1,0,0,0,0,0,True,False,0
345.34499999999997,356.27,1685.8999999999999,47.38,179.39999999999998,0,0,0,0,0,True,False,0
345.34499999999997,356.27,1859.55,46.919999999999995,181.7,0,0,0,0,0,False,True,0
345.22999999999996,356.27,1731.8999999999999,48.06999999999999,185.14999999999998,0,0,0,0,0,True,False,1
345.22999999999996,356.27,1611.1499999999999,56.69499999999999,187.45,0,0,0,0,0,True,False,0
345.22999999999996,356.38499999999993,2191.8999999999996,26.334999999999997,189.74999999999997,0,0,0,0,0,False,False,0
345.22999999999996,356.38499999999993,1800.8999999999999,41.85999999999999,195.49999999999997,0,0,0,0,0,True,False,1
345.22999999999996,356.5,1716.9499999999998,54.394999999999996,197.79999999999998,0,0,0,0,0,True,False,0
345.34499999999997,356.615,1705.4499999999998,45.885,200.1,0,0,0,0,0,True,False,0
345.22999999999996,356.38499999999993,1804.35,35.879999999999995,202.39999999999998,0,0,0,0,0,False,True,0
345.22999999999996,356.5,1913.6,35.305,205.85,0,0,0,0,0,False,True,0
345.22999999999996,356.5,1708.8999999999999,46.114999999999995,209.29999999999998,0,0,0,0,0,True,False,0
345.22999999999996,356.5,1597.35,61.63999999999999,211.6,0,0,0,0,0,True,False,0
345.115,356.5,1737.6499999999999,47.955,213.89999999999998,0,0,0,0,0,True,False,0
345.22999999999996,356.615,1707.7499999999998,46.574999999999996,216.2,0,0,0,0,0,False,True,0
345.22999999999996,356.72999999999996,1655.9999999999998,49.334999999999994,219.64999999999998,0,0,0,0,0,True,False,0
345.22999999999996,356.72999999999996,1584.6999999999998,50.48499999999999,221.95,0,0,0,0,0,True,False,1
345.115,356.615,1726.1499999999999,45.19499999999999,224.24999999999997,0,0,0,0,0,False,True,0
345.22999999999996,356.615,1695.1,50.599999999999994,227.7,0,0,0,0,0,False,True,0
345.22999999999996,356.615,1600.8,55.084999999999994,231.14999999999998,0,0,0,0,0,True,False,0
345.34499999999997,356.72999999999996,1643.35,51.405,233.45,0,0,0,0,0,False,True,0
345.34499999999997,356.84499999999997,1566.3,69.34499999999998,236.89999999999998,0,0,0,1,0,True,False,1
345.34499999999997,356.84499999999997,1959.6,33.925,0.0,0,0,0,0,0,True,False,1
345.34499999999997,356.72999999999996,1715.8,60.14499999999999,2.3,0,0,0,0,0,True,False,0
345.34499999999997,356.72999999999996,1658.3,45.425,4.6,0,0,0,0,0,False,True,1
345.22999999999996,356.72999999999996,1653.6999999999998,59.224999999999994,8.049999999999999,0,0,0,0,0,False,True,0
345.115,356.615,1612.3,53.589999999999996,11.5,0,0,0,0,0,False,True,0
345.115,356.615,1936.6,35.419999999999995,14.95,0,0,0,0,0,True,False,1
345.22999999999996,356.72999999999996,1759.4999999999998,55.775,17.25,0,0,0,0,0,True,False,1
345.115,356.615,1804.35,50.025,19.549999999999997,0,0,0,0,0,True,False,1
345.115,356.615,1897.4999999999998,36.339999999999996,21.849999999999998,0,0,0,0,0,True,False,0
345.22999999999996,356.72999999999996,1627.2499999999998,57.04,24.15,0,0,0,0,0,True,False,1
345.22999999999996,356.72999999999996,1839.9999999999998,36.224999999999994,26.45,0,0,0,0,0,True,False,1
345.22999999999996,356.615,1751.4499999999998,48.644999999999996,28.749999999999996,0,0,0,0,0,True,False,0
345.22999999999996,356.72999999999996,1872.1999999999998,34.845,31.049999999999997,0,0,0,0,0,False,True,0
345.22999999999996,356.84499999999997,1530.6499999999999,59.915,34.5,0,0,0,0,0,True,False,0
345.34499999999997,356.84499999999997,2481.7,19.32,36.8,0,0,0,0,0,True,False,0
345.22999999999996,356.84499999999997,1661.7499999999998,58.535,39.099999999999994,0,0,0,0,0,True,False,1
345.22999999999996,356.84499999999997,1831.9499999999998,41.515,41.4,0,0,0,0,0,False,True,1
345.34499999999997,356.9599999999999,1922.8,33.58,44.849999999999994,0,0,0,0,0,True,False,0
345.4599999999999,357.075,1890.6,36.10999999999999,47.15,0,0,0,0,0,False,True,0
345.4599999999999,357.075,1612.3,62.44499999999999,50.599999999999994,0,0,0,0,0,True,False,0
345.4599999999999,356.9599999999999,1478.8999999999999,65.32,52.9,0,0,0,0,0,True,False,1
345.4599999999999,356.9599999999999,1708.8999999999999,53.24499999999999,55.199999999999996,0,0,0,0,0,True,False,0
345.34499999999997,356.84499999999997,1546.7499999999998,53.24499999999999,57.49999999999999,0,0,0,0,0,True,False,0
345.34499999999997,356.84499999999997,1873.35,39.214999999999996,59.8,0,0,0,0,0,True,False,0
345.22999999999996,356.72999999999996,1643.35,50.36999999999999,62.099999999999994,0,0,0,0,0,False,True,1
345.115,356.615,1501.8999999999999,74.405,65.55,0,0,0,0,0,True,False,0
345.115,356.615,1586.9999999999998,60.489999999999995,67.85,0,0,0,0,0,True,False,1
345.115,356.615,1659.4499999999998,56.69499999999999,70.14999999999999,0,0,0,0,0,False,True,0
345.115,356.615,1639.8999999999999,49.105,73.6,0,0,0,0,0,False,False,1
345.0,356.5,1708.8999999999999,48.06999999999999,79.35,0,0,0,0,0,True,False,0
345.0,356.38499999999993,1759.4999999999998,39.675,81.64999999999999,0,0,0,0,0,False,True,0
345.0,356.38499999999993,1733.05,47.60999999999999,85.1,0,0,0,0,0,True,False,1
345.0,356.38499999999993,1849.1999999999998,38.41,87.39999999999999,0,0,0,0,0,True,False,0
345.0,356.27,1695.1,46.69,89.69999999999999,0,0,0,0,0,True,False,0
345.0,356.155,1524.8999999999999,71.18499999999999,92.0,0,0,0,0,0,True,False,0
344.77,356.04,1649.1,55.199999999999996,94.3,0,0,0,0,0,False,True,1
344.77,356.04,1754.8999999999999,47.955,97.74999999999999,0,0,0,0,0,True,False,0
344.77,356.155,1705.4499999999998,45.54,100.05,0,0,0,0,0,True,False,0
344.77,356.155,1675.55,59.684999999999995,102.35,0,0,0,0,0,True,False,0
344.655,356.04,1770.9999999999998,39.559999999999995,104.64999999999999,0,0,0,0,0,False,True,0
344.77,356.155,1963.05,33.464999999999996,108.1,0,0,0,0,0,True,False,0
344.77,356.155,1867.6,39.33,110.39999999999999,0,0,0,0,0,True,False,0
344.77,356.04,1530.6499999999999,57.73,112.69999999999999,0,0,0,0,0,False,True,1
344.77,356.155,1645.6499999999999,46.34499999999999,116.14999999999999,0,0,0,0,0,True,False,1
344.77,356.155,1960.7499999999998,32.775,118.44999999999999,0,0,0,0,0,False,True,0
344.77,356.27,1641.05,51.98,121.89999999999999,0,0,0,0,0,False,True,0
344.88499999999993,356.27,1868.7499999999998,47.38,125.35,0,0,0,0,0,False,True,0
344.88499999999993,356.27,1698.55,54.855,128.79999999999998,0,0,0,0,0,True,False,0
345.0,356.38499999999993,1898.6499999999999,32.315,131.1,0,0,0,0,0,False,True,0
344.88499999999993,356.27,1973.3999999999999,32.43,134.54999999999998,0,0,0,0,0,True,False,0
344.88499999999993,356.27,1609.9999999999998,56.004999999999995,136.85,0,0,0,0,0,False,False,1
344.77,356.155,1789.3999999999999,43.355,142.6,0,0,0,0,0,False,True,0
344.77,356.155,1643.35,48.989999999999995,146.04999999999998,0,0,0,0,0,True,False,0
344.655,356.04,1647.9499999999998,57.04,148.35,0,0,0,0,0,False,False,1
344.77,356.155,1517.9999999999998,70.955,154.1,0,0,0,0,0,False,True,0
344.77,356.04,1580.1,59.339999999999996,157.54999999999998,0,0,0,0,0,True,False,0
344.77,356.04,1837.6999999999998,35.65,159.85,0,0,0,0,0,True,False,0
344.77,356.155,2196.5,25.07,162.14999999999998,0,0,0,0,0,False,True,0
344.655,356.04,1608.85,58.99499999999999,165.6,0,0,0,0,0,True,False,0
344.655,356.04,1977.9999999999998,31.165,167.89999999999998,0,0,0,0,0,True,False,1
344.77,356.155,1573.1999999999998,54.50999999999999,170.2,0,0,0,0,0,False,False,0
344.77,356.27,2011.35,38.41,175.95,0,0,0,0,0,True,False,0
344.77,356.27,1773.3,45.309999999999995,178.25,0,0,0,0,0,True,False,0
344.77,356.38499999999993,1785.9499999999998,42.089999999999996,180.54999999999998,0,0,0,0,0,True,False,1
344.88499999999993,356.38499999999993,1884.85,48.415,182.85,0,0,0,0,0,False,True,0
344.88499999999993,356.5,1664.05,52.785,186.29999999999998,0,0,0,0,0,True,False,1
344.77,356.5,1606.55,55.315,188.6,0,0,0,0,0,False,True,0
344.77,356.5,1565.1499999999999,61.86999999999999,192.04999999999998,0,0,0,0,0,True,False,0
344.77,356.5,1678.9999999999998,42.665,194.35,0,0,0,0,0,False,True,0
344.77,356.5,1876.8,38.755,197.79999999999998,0,0,0,0,0,False,True,0
344.77,356.5,1951.55,41.4,201.24999999999997,0,0,0,0,0,True,False,0
344.77,356.615,1785.9499999999998,48.3,203.54999999999998,0,0,0,0,0,True,False,1
344.88499999999993,356.615,1566.3,64.74499999999999,205.85,0,0,0,0,0,False,True,0
344.88499999999993,356.5,1706.6,48.415,209.29999999999998,0,0,0,0,0,False,True,0
344.88499999999993,356.615,1664.05,59.10999999999999,212.74999999999997,0,0,0,0,0,False,False,0
345.0,356.72999999999996,1601.9499999999998,58.879999999999995,218.49999999999997,0,0,0,0,0,False,True,0
345.0,356.72999999999996,2023.9999999999998,30.934999999999995,221.95,0,0,0,0,0,True,False,0
345.0,356.615,1698.55,39.79,224.24999999999997,0,0,0,0,0,True,False,0
344.88499999999993,356.615,1933.1499999999999,33.464999999999996,226.54999999999998,0,0,0,0,0,True,False,1
345.0,356.615,1511.1,61.525,228.85,0,0,0,0,0,False,True,0
345.0,356.615,2026.3,32.199999999999996,232.29999999999998,0,0,0,0,0,True,False,0
344.88499999999993,356.5,1612.3,51.405,234.6,0,0,0,0,0,True,False,0
345.115,356.72999999999996,1643.35,48.3,236.89999999999998,0,0,0,0,0,False,True,0
345.22999999999996,356.84499999999997,1665.1999999999998,46.114999999999995,240.35,0,0,0,0,0,False,True,1
345.22999999999996,356.9599999999999,1726.1499999999999,49.334999999999994,243.79999999999998,0,0,0,0,0,False,False,0
345.34499999999997,357.075,1750.3,44.964999999999996,249.54999999999998,0,0,0,0,0,True,False,0
345.34499999999997,356.9599999999999,1716.9499999999998,43.125,251.85,0,0,0,0,0,True,False,1
345.22999999999996,356.84499999999997,1959.6,33.809999999999995,254.14999999999998,0,0,0,0,0,False,True,0
345.22999999999996,356.84499999999997,1619.1999999999998,48.87499999999999,0.0,0,0,0,0,0,False,False,1
345.22999999999996,356.9599999999999,1745.6999999999998,48.06999999999999,5.75,0,0,0,0,0,True,False,1
345.34499999999997,356.9599999999999,2003.3,29.784999999999997,8.049999999999999,0,0,0,0,0,True,False,0
345.4599999999999,357.075,1724.9999999999998,49.449999999999996,10.35,0,0,0,0,0,False,True,0
345.4599999999999,357.075,2787.6,16.674999999999997,13.799999999999999,0,0,0,0,0,True,False,0
345.4599999999999,357.075,2090.7,28.865,16.099999999999998,0,0,0,0,0,True,False,0
345.4599999999999,357.19,1776.7499999999998,40.94,18.4,0,0,0,0,0,False,True,0
345.4599999999999,357.19,1643.35,53.934999999999995,21.849999999999998,0,0,0,0,0,True,False,0
345.4599999999999,357.19,1665.1999999999998,51.63499999999999,24.15,0,0,0,0,0,False,True,0
345.4599999999999,357.19,1591.6,56.004999999999995,27.599999999999998,0,0,0,0,0,True,False,0
345.4599999999999,357.075,1814.6999999999998,37.71999999999999,29.9,0,0,0,0,0,True,False,1
345.575,357.075,1949.2499999999998,30.705,32.199999999999996,0,0,0,0,0,True,False,0
345.575,357.19,1774.4499999999998,41.63,34.5,0,0,0,0,0,True,False,0
345.4599999999999,357.075,1770.9999999999998,38.41,36.8,0,0,0,0,0,False,True,0
345.22999999999996,356.9599999999999,2079.2,29.669999999999998,40.25,0,0,0,0,0,True,False,1
345.34499999999997,356.9599999999999,1486.9499999999998,57.155,42.55,0,0,0,0,0,False,True,0
345.22999999999996,356.84499999999997,1382.3,68.425,46.0,0,0,0,0,0,True,False,1
345.22999999999996,356.84499999999997,1959.6,33.58,48.3,0,0,0,0,0,False,True,0
345.22999999999996,356.84499999999997,1699.6999999999998,43.815,51.74999999999999,0,0,0,0,0,False,True,0
345.22999999999996,356.84499999999997,1741.1,44.505,55.199999999999996,0,0,0,0,0,True,False,0
345.115,356.84499999999997,1552.4999999999998,56.11999999999999,57.49999999999999,0,0,0,0,0,False,True,0
345.115,356.72999999999996,1696.2499999999998,62.33,60.949999999999996,0,0,0,0,0,True,False,0
345.0,356.615,1971.1,33.004999999999995,63.24999999999999,0,0,0,0,0,False,False,0
345.0,356.615,1684.7499999999998,47.035,69.0,0,0,0,0,0,True,False,0
344.88499999999993,356.72999999999996,1481.1999999999998,80.03999999999999,71.3,0,0,1,0,0,True,False,1
345.0,356.72999999999996,1926.2499999999998,34.154999999999994,73.6,0,0,0,0,0,True,False,0
345.0,356.72999999999996,1708.8999999999999,41.85999999999999,75.89999999999999,0,0,0,0,0,True,False,1
345.0,356.72999999999996,1659.4499999999998,67.505,78.19999999999999,0,0,0,0,0,False,True,1
345.115,356.84499999999997,1546.7499999999998,65.66499999999999,81.64999999999999,0,0,0,0,0,False,True,0
345.22999999999996,356.9599999999999,1382.3,70.955,85.1,0,0,0,0,0,False,True,0
345.115,356.9599999999999,1701.9999999999998,42.665,88.55,0,0,0,0,0,False,True,0
345.22999999999996,356.9599999999999,1759.4999999999998,41.055,92.0,0,0,0,0,0,False,True,0
345.22999999999996,357.19,2280.45,23.919999999999998,95.44999999999999,0,0,0,0,0,False,True,0
345.34499999999997,357.19,1647.9499999999998,61.86999999999999,98.89999999999999,0,0,0,0,0,True,False,1
345.34499999999997,357.19,2076.8999999999996,28.059999999999995,101.19999999999999,0,0,0,0,0,True,False,0
345.22999999999996,357.075,1628.3999999999999,53.705,103.49999999999999,0,0,0,0,0,True,False,1
345.115,356.9599999999999,1789.3999999999999,43.815,105.8,0,0,0,0,0,False,True,0
345.115,357.075,1871.05,33.58,109.24999999999999,0,0,0,0,0,True,False,0
345.115,357.19,2080.35,27.945,111.55,0,0,0,0,0,True,False,0
345.115,357.075,1528.35,66.00999999999999,113.85,0,0,0,0,0,False,True,0
345.0,356.9599999999999,2163.1499999999996,25.184999999999995,117.3,0,0,0,0,0,False,False,1
345.115,357.075,1724.9999999999998,45.769999999999996,123.05,0,0,0,0,0,True,False,0
345.115,357.075,1761.8,41.4,125.35,0,0,0,0,0,True,False,1
345.115,357.075,1715.8,58.535,127.64999999999999,0,0,0,0,0,True,False,0
345.22999999999996,357.19,1645.6499999999999,48.644999999999996,129.95,0,0,0,0,0,True,False,0
345.115,356.9599999999999,1787.1,45.309999999999995,132.25,0,0,0,0,0,True,False,0
345.115,357.075,1718.1,50.83,134.54999999999998,0,0,0,0,0,True,False,0
345.115,357.19,1580.1,52.209999999999994,136.85,0,0,0,0,0,True,False,0
345.115,357.075,1603.1,50.94499999999999,139.14999999999998,0,0,0,0,0,True,False,0
345.0,357.075,2058.5,29.554999999999996,141.45,0,0,0,0,0,False,True,0
345.115,357.075,1559.3999999999999,52.669999999999995,144.89999999999998,0,0,0,0,0,True,False,0
345.0,356.9599999999999,1592.7499999999998,59.915,147.2,0,0,0,0,0,False,True,0
345.0,356.9599999999999,1532.9499999999998,56.464999999999996,150.64999999999998,0,0,0,0,0,True,False,0
345.0,356.9599999999999,1730.7499999999998,51.63499999999999,152.95,0,0,0,0,0,True,False,1
345.0,357.075,1846.8999999999999,38.525,155.25,0,0,0,0,0,True,False,0
345.0,357.075,1791.6999999999998,42.205,157.54999999999998,0,0,0,0,0,False,False,0
345.0,357.075,1623.8,60.25999999999999,163.29999999999998,0,0,0,0,0,True,False,0
344.88499999999993,356.9599999999999,1619.1999999999998,44.16,165.6,0,0,0,0,0,True,False,1
344.88499999999993,356.84499999999997,1458.1999999999998,61.294999999999995,167.89999999999998,0,0,0,0,0,True,False,1
344.88499999999993,356.9599999999999,1690.4999999999998,57.49999999999999,170.2,0,0,0,0,0,True,False,0
344.88499999999993,356.9599999999999,1721.55,54.05,172.5,0,0,0,0,0,True,False,0
344.88499999999993,356.84499999999997,1883.6999999999998,33.464999999999996,174.79999999999998,0,0,0,0,0,True,False,0
344.88499999999993,356.84499999999997,1765.2499999999998,50.48499999999999,177.1,0,0,0,0,0,False,False,1
344.77,356.72999999999996,1902.1,37.605,182.85,0,0,0,0,0,True,False,0
344.77,356.72999999999996,1622.6499999999999,57.155,185.14999999999998,0,0,0,0,0,False,False,0
344.77,356.72999999999996,2197.6499999999996,27.025,190.89999999999998,0,0,0,0,0,True,False,1
344.77,356.72999999999996,1808.9499999999998,38.294999999999995,193.2,0,0,0,0,0,False,False,1
344.88499999999993,356.72999999999996,1700.85,53.24499999999999,198.95,0,0,0,0,0,True,False,0
344.88499999999993,356.9599999999999,2093.0,30.59,201.24999999999997,0,0,0,0,0,False,True,1
344.88499999999993,356.9599999999999,1631.85,52.555,204.7,0,0,0,0,0,True,False,0
344.88499999999993,357.075,1535.2499999999998,60.834999999999994,206.99999999999997,0,0,0,0,0,False,True,0
344.88499999999993,357.075,1812.3999999999999,45.309999999999995,210.45,0,0,0,0,0,False,True,0
345.0,357.075,1744.55,48.53,213.89999999999998,0,0,0,0,0,True,False,0
344.88499999999993,356.9599999999999,1812.3999999999999,39.44499999999999,216.2,0,0,0,0,0,False,True,0
344.77,356.72999999999996,1767.55,42.089999999999996,219.64999999999998,0,0,0,0,0,False,False,0
344.77,356.84499999999997,1752.6,39.33,225.39999999999998,0,0,0,0,0,True,False,1
344.77,356.84499999999997,2075.75,27.254999999999995,227.7,0,0,0,0,0,False,True,1
344.88499999999993,356.9599999999999,1572.05,61.294999999999995,231.14999999999998,0,0,0,0,0,False,True,0
344.77,356.9599999999999,1948.1,34.845,234.6,0,0,0,0,0,True,False,0
344.88499999999993,356.9599999999999,1527.1999999999998,57.38499999999999,236.89999999999998,0,0,0,0,0,True,False,0
344.88499999999993,357.075,1781.35,49.21999999999999,239.2,0,0,0,0,0,False,False,0
344.88499999999993,357.075,1769.85,37.71999999999999,244.95,0,0,0,0,0,True,False,0
344.77,357.075,1720.3999999999999,44.61999999999999,247.24999999999997,0,0,0,0,0,True,False,0
344.77,356.9599999999999,1815.85,41.85999999999999,0.0,0,0,0,0,0,True,False,0
344.655,356.84499999999997,1593.8999999999999,53.589999999999996,2.3,0,0,0,0,0,True,False,0
344.655,356.84499999999997,1730.7499999999998,43.355,4.6,0,0,0,0,0,True,False,0
344.655,356.84499999999997,1910.1499999999999,39.675,6.8999999999999995,0,0,0,0,0,False,True,0
344.54,356.72999999999996,1688.1999999999998,55.199999999999996,10.35,0,0,0,0,0,True,False,1
344.54,356.615,1591.6,57.26999999999999,12.649999999999999,0,0,0,0,0,True,False,0
344.54,356.72999999999996,1588.1499999999999,69.57499999999999,14.95,0,0,0,0,0,True,False,0
344.54,356.72999999999996,1689.35,54.05,17.25,0,0,0,0,0,True,False,0
344.54,356.72999999999996,1871.05,42.089999999999996,19.549999999999997,0,0,0,0,0,True,False,0
344.655,356.84499999999997,1681.3,46.459999999999994,21.849999999999998,0,0,0,0,0,False,False,0
344.655,356.72999999999996,1877.9499999999998,41.974999999999994,27.599999999999998,0,0,0,0,0,True,False,0
344.655,356.72999999999996,1689.35,45.425,29.9,0,0,0,0,0,True,False,0
344.655,356.72999999999996,1676.6999999999998,49.91,32.199999999999996,0,0,0,0,0,True,False,1
344.655,356.72999999999996,1655.9999999999998,49.21999999999999,34.5,0,0,0,0,0,False,True,0
344.77,356.84499999999997,1940.05,34.959999999999994,37.949999999999996,0,0,0,0,0,True,False,0
344.655,356.84499999999997,1643.35,54.855,40.25,0,0,0,0,0,False,True,1
344.54,356.72999999999996,1826.1999999999998,39.214999999999996,43.699999999999996,0,0,0,0,0,True,False,0
344.54,356.72999999999996,1532.9499999999998,58.879999999999995,46.0,0,0,0,0,0,True,False,0
344.54,356.615,1710.05,49.334999999999994,48.3,0,0,0,0,0,True,False,0
344.42499999999995,356.615,1907.85,36.224999999999994,50.599999999999994,0,0,0,0,0,False,True,0
344.30999999999995,356.5,1738.8,49.68,54.05,0,0,0,0,0,False,True,0
344.42499999999995,356.615,1822.7499999999998,40.48,57.49999999999999,0,0,0,0,0,True,False,0
344.42499999999995,356.5,1727.3,44.275,59.8,0,0,0,0,0,True,False,0
344.42499999999995,356.5,1833.1,40.365,62.099999999999994,0,0,0,0,0,True,False,0
344.42499999999995,356.5,1623.8,56.23499999999999,64.39999999999999,0,0,0,0,0,True,False,0
344.42499999999995,356.38499999999993,1612.3,59.455,66.69999999999999,0,0,0,0,0,True,False,0
344.54,356.615,2365.5499999999997,23.459999999999997,69.0,0,0,0,0,0,True,False,1
344.54,356.615,1760.6499999999999,42.31999999999999,71.3,0,0,0,0,0,False,False,1
344.42499999999995,356.615,1562.85,70.265,77.05,0,0,0,0,0,False,True,1
344.54,356.72999999999996,1862.9999999999998,34.5,80.5,0,0,0,0,0,False,True,1
344.54,356.615,1892.8999999999999,34.04,83.94999999999999,0,0,0,0,0,False,True,0
344.54,356.615,1673.2499999999998,53.015,87.39999999999999,0,0,0,0,0,False,True,0
344.54,356.72999999999996,1738.8,50.599999999999994,90.85,0,0,0,0,0,True,False,0
344.54,356.72999999999996,1693.9499999999998,49.105,93.14999999999999,0,0,0,0,0,True,False,0
344.54,356.615,1785.9499999999998,43.699999999999996,95.44999999999999,0,0,0,0,0,True,False,0
344.42499999999995,356.5,1585.85,57.959999999999994,97.74999999999999,0,0,0,0,0,True,False,0
344.30999999999995,356.38499999999993,1802.05,46.69,100.05,0,0,0,0,0,False,True,0
344.42499999999995,356.5,1703.1499999999999,49.565,103.49999999999999,0,0,0,0,0,True,False,0
344.42499999999995,356.5,1551.35,60.605,105.8,0,0,0,0,0,True,False,0
344.42499999999995,356.5,1596.1999999999998,60.25999999999999,108.1,0,0,0,0,0,True,False,0
344.54,356.615,1560.55,56.004999999999995,110.39999999999999,0,0,0,0,0,False,True,0
344.54,356.72999999999996,2004.4499999999998,28.52,113.85,0,0,0,0,0,True,False,0
344.655,356.84499999999997,1719.2499999999998,49.565,116.14999999999999,0,0,0,0,0,True,False,0
344.77,356.9599999999999,1952.6999999999998,32.545,118.44999999999999,0,0,0,0,0,True,False,0
344.655,356.9599999999999,1621.4999999999998,51.175,120.74999999999999,0,0,0,0,0,False,True,0
344.655,356.9599999999999,1856.1,41.63,124.19999999999999,0,0,0,0,0,True,False,0
344.77,357.075,1581.2499999999998,61.98499999999999,126.49999999999999,0,0,0,0,0,False,True,0
344.77,357.19,1810.1,36.57,129.95,0,0,0,0,0,False,True,0
344.77,357.19,1636.4499999999998,51.29,133.39999999999998,0,0,0,0,0,False,False,1
344.77,357.19,1948.1,35.995,139.14999999999998,0,0,0,0,0,False,True,0
344.77,357.19,1963.05,37.375,142.6,0,0,0,0,0,True,False,0
344.655,357.075,1713.4999999999998,47.38,144.89999999999998,0,0,0,0,0,False,True,0
344.655,357.19,1926.2499999999998,35.995,148.35,0,0,0,0,0,True,False,0
344.655,357.075,1715.8,45.19499999999999,150.64999999999998,0,0,0,0,0,False,True,0
344.655,357.075,1833.1,40.709999999999994,154.1,0,0,0,0,0,False,True,1
344.655,357.19,1700.85,43.699999999999996,157.54999999999998,0,0,0,0,0,True,False,0
344.655,357.19,1807.8,43.699999999999996,159.85,0,0,0,0,0,False,True,0
344.655,357.19,1858.3999999999999,40.365,163.29999999999998,0,0,0,0,0,True,False,0
344.655,357.19,1997.55,30.015,165.6,0,0,0,0,0,True,False,0
344.655,357.30499999999995,1722.6999999999998,43.46999999999999,167.89999999999998,0,0,0,0,0,False,True,0
344.54,357.19,1888.3,40.365,171.35,0,0,0,0,0,True,False,0
344.54,357.19,1877.9499999999998,39.33,173.64999999999998,0,0,0,0,0,False,True,0
344.77,357.41999999999996,1620.35,59.684999999999995,177.1,0,0,0,0,0,True,False,0
344.77,357.41999999999996,1682.4499999999998,50.025,179.39999999999998,0,0,0,0,0,False,True,1
344.77,357.41999999999996,1582.3999999999999,55.89,182.85,0,0,0,0,0,True,False,0
344.77,357.41999999999996,1785.9499999999998,37.03,185.14999999999998,0,0,0,0,0,True,False,0
344.77,357.41999999999996,1759.4999999999998,40.48,187.45,0,0,0,0,0,False,True,0
344.77,357.53499999999997,1776.7499999999998,46.805,190.89999999999998,0,0,0,0,0,True,False,0
344.77,357.53499999999997,1641.05,54.28,193.2,0,0,0,0,0,False,False,1
344.88499999999993,357.53499999999997,1485.8,58.765,198.95,0,0,0,0,0,True,False,1
344.77,357.53499999999997,2396.6,20.24,201.24999999999997,0,0,0,0,0,True,False,0
344.88499999999993,357.65,2009.05,31.74,203.54999999999998,0,0,0,0,0,True,False,1
345.0,357.765,1638.7499999999998,54.96999999999999,205.85,0,0,0,0,0,True,False,1
345.0,357.65,1882.55,38.64,208.14999999999998,0,0,0,0,0,True,False,0
345.115,357.765,1858.3999999999999,40.48,210.45,0,0,0,0,0,False,True,0
345.115,357.765,1861.85,38.41,213.89999999999998,0,0,0,0,0,True,False,1
345.115,357.87999999999994,1712.35,44.964999999999996,216.2,0,0,0,0,0,True,False,1
345.115,357.87999999999994,1669.8,48.76,218.49999999999997,0,0,0,0,0,False,True,1
345.115,357.995,1719.2499999999998,47.15,221.95,0,0,0,0,0,False,True,0
345.22999999999996,358.10999999999996,1641.05,45.655,225.39999999999998,0,0,0,0,0,False,True,0
345.115,358.10999999999996,1807.8,41.63,228.85,0,0,0,0,0,True,False,0
345.115,357.995,1779.05,46.0,231.14999999999998,0,0,0,0,0,True,False,1
345.115,358.10999999999996,1543.3,55.775,233.45,0,0,0,0,0,False,True,0
345.0,357.87999999999994,1553.6499999999999,50.714999999999996,236.89999999999998,0,0,0,0,0,True,False,0
345.0,357.995,1618.05,54.394999999999996,239.2,0,0,0,0,0,True,False,1
345.115,358.10999999999996,1811.2499999999998,34.269999999999996,241.49999999999997,0,0,0,0,0,False,True,0
345.0,358.10999999999996,2059.6499999999996,27.715,244.95,0,0,0,0,0,False,True,0
345.0,358.10999999999996,1945.8,33.349999999999994,248.39999999999998,1,0,0,0,0,False,True,1
345.0,358.10999999999996,1879.1,36.684999999999995,0.0,0,0,0,0,0,True,False,0
345.0,358.10999999999996,2143.6,26.794999999999998,2.3,0,0,0,0,0,False,True,0
345.0,358.10999999999996,1828.4999999999998,38.64,5.75,0,0,0,0,0,True,False,0
345.0,358.10999999999996,1591.6,53.015,8.049999999999999,0,0,0,0,0,False,True,1
345.0,358.10999999999996,1554.8,71.07,11.5,0,0,0,0,0,False,True,0
345.115,358.10999999999996,1706.6,49.565,14.95,0,0,0,0,0,True,False,1
345.115,358.10999999999996,2199.95,25.184999999999995,17.25,0,0,0,0,0,False,True,1
345.0,358.10999999999996,1734.1999999999998,43.93,20.7,0,0,0,0,0,True,False,0
344.88499999999993,357.995,1729.6,46.805,23.0,0,0,0,0,0,True,False,0
345.0,358.10999999999996,1710.05,47.38,25.299999999999997,0,0,0,0,0,True,False,1
344.77,357.995,1986.05,34.5,27.599999999999998,0,0,0,0,0,True,False,0
344.88499999999993,357.995,1894.05,31.624999999999996,29.9,0,0,0,0,0,True,False,0
345.0,357.995,1716.9499999999998,47.60999999999999,32.199999999999996,0,0,0,0,0,True,False,1
345.0,358.10999999999996,1903.2499999999998,34.04,34.5,0,0,0,0,0,True,False,0
344.88499999999993,358.10999999999996,1537.55,63.01999999999999,36.8,0,0,0,0,0,False,True,0
345.0,358.22499999999997,1841.1499999999999,42.434999999999995,40.25,0,0,0,0,0,True,False,0
345.115,358.34,1827.35,43.584999999999994,42.55,0,0,0,0,0,False,False,1
345.22999999999996,358.455,1478.8999999999999,63.364999999999995,48.3,0,0,0,0,0,True,False,0
345.22999999999996,358.455,1785.9499999999998,47.49499999999999,50.599999999999994,0,0,0,0,0,True,False,0
345.22999999999996,358.57,1585.85,58.65,52.9,0,0,0,0,0,True,False,0
345.34499999999997,358.68499999999995,1928.55,35.419999999999995,55.199999999999996,0,0,0,0,0,False,True,0
345.34499999999997,358.57,1711.1999999999998,44.16,58.65,0,0,0,0,0,True,False,0
345.34499999999997,358.57,1630.6999999999998,52.785,60.949999999999996,0,0,0,0,0,True,False,0
345.34499999999997,358.57,1668.6499999999999,47.15,63.24999999999999,0,0,0,0,0,True,False,1
345.34499999999997,358.57,1734.1999999999998,49.565,65.55,0,0,0,0,0,True,False,0
345.34499999999997,358.455,1815.85,38.64,67.85,0,0,0,0,0,True,False,0
345.34499999999997,358.455,1646.8,54.855,70.14999999999999,0,0,0,0,0,False,False,0
345.22999999999996,358.34,1662.8999999999999,54.394999999999996,75.89999999999999,0,0,0,0,0,True,False,0
345.22999999999996,358.455,1836.55,45.425,78.19999999999999,0,0,0,0,0,False,True,0
345.22999999999996,358.455,1606.55,57.73,81.64999999999999,0,0,0,0,0,False,True,0
345.115,358.34,1759.4999999999998,42.089999999999996,85.1,0,0,0,0,0,True,False,1
345.115,358.34,1647.9499999999998,59.10999999999999,87.39999999999999,0,0,0,0,0,False,True,0
345.0,358.22499999999997,1829.6499999999999,36.8,90.85,0,0,0,0,0,True,False,0
345.0,358.22499999999997,1661.7499999999998,47.839999999999996,93.14999999999999,0,0,0,0,0,True,False,1
345.0,358.22499999999997,2011.35,32.545,95.44999999999999,0,0,0,0,0,True,False,0
345.0,357.995,1958.4499999999998,34.959999999999994,97.74999999999999,0,0,0,0,0,True,False,0
345.115,358.10999999999996,1745.6999999999998,53.934999999999995,100.05,0,0,0,0,0,False,False,1
345.115,357.995,1765.2499999999998,48.644999999999996,105.8,0,0,0,0,0,True,False,0
345.115,358.10999999999996,1598.4999999999998,59.915,108.1,0,0,0,0,0,False,True,0
345.34499999999997,358.34,2071.1499999999996,27.14,111.55,0,0,0,0,0,False,False,0
345.34499999999997,358.34,1682.4499999999998,47.839999999999996,117.3,0,0,0,0,0,False,False,0
345.34499999999997,358.34,1793.9999999999998,43.355,123.05,0,0,0,0,0,True,False,0
345.34499999999997,358.34,1848.05,38.525,125.35,0,0,0,0,0,True,False,0
345.4599999999999,358.34,1531.8,62.79,127.64999999999999,0,0,0,0,0,True,False,0
345.34499999999997,358.455,1569.7499999999998,61.294999999999995,129.95,0,0,0,0,0,True,False,1
345.34499999999997,358.34,1859.55,37.375,132.25,0,0,0,0,0,False,True,1
345.34499999999997,358.34,1499.6,72.21999999999998,135.7,0,0,0,0,0,False,True,0
345.34499999999997,358.455,2287.35,25.645,139.14999999999998,0,0,0,0,0,True,False,0
345.34499999999997,358.34,1539.85,61.41,141.45,0,0,0,0,0,False,False,0
345.22999999999996,358.22499999999997,1715.8,48.06999999999999,147.2,0,0,0,0,0,True,False,0
345.115,357.995,1745.6999999999998,46.23,149.5,0,0,0,0,0,False,True,0
345.115,357.995,1700.85,45.425,152.95,0,0,0,0,0,True,False,1
345.115,357.995,1751.4499999999998,39.214999999999996,155.25,0,0,0,0,0,False,True,1
345.22999999999996,358.10999999999996,1805.4999999999998,40.59499999999999,158.7,0,0,0,0,0,False,True,0
345.22999999999996,358.10999999999996,1731.8999999999999,41.515,162.14999999999998,0,0,0,0,0,False,False,0
345.22999999999996,358.34,1736.4999999999998,54.62499999999999,167.89999999999998,0,0,0,0,0,False,True,0
345.22999999999996,358.34,1921.6499999999999,33.12,171.35,0,0,0,0,0,True,False,0
345.34499999999997,358.34,1508.8,61.41,173.64999999999998,0,0,0,0,0,False,True,0
345.34499999999997,358.34,1834.2499999999998,44.61999999999999,177.1,0,0,0,0,0,True,False,1
345.34499999999997,358.455,1880.2499999999998,36.57,179.39999999999998,0,0,0,0,0,True,False,1
345.34499999999997,358.455,1963.05,38.64,181.7,0,0,0,0,0,True,False,0
345.34499999999997,358.455,1776.7499999999998,50.025,184.0,0,0,0,0,1,True,False,0
345.22999999999996,358.34,2013.6499999999999,32.199999999999996,186.29999999999998,0,0,0,0,0,False,True,0
345.4599999999999,358.57,1963.05,34.5,189.74999999999997,0,0,0,0,0,False,True,0
345.4599999999999,358.57,1517.9999999999998,66.585,193.2,0,0,0,0,0,True,False,0
345.34499999999997,358.455,1516.85,59.10999999999999,195.49999999999997,0,0,0,0,0,False,True,0
345.22999999999996,358.455,1665.1999999999998,62.33,198.95,0,0,0,0,0,True,False,0
345.22999999999996,358.57,1651.3999999999999,55.43,201.24999999999997,0,0,0,0,0,True,False,0
345.34499999999997,358.68499999999995,1850.35,39.099999999999994,203.54999999999998,0,0,0,0,0,True,False,1
345.22999999999996,358.57,1683.6,51.175,205.85,0,0,0,0,0,True,False,0
345.34499999999997,358.57,1705.4499999999998,51.864999999999995,208.14999999999998,0,0,0,0,0,False,True,0
345.22999999999996,358.57,2010.1999999999998,32.775,211.6,0,0,0,0,0,False,True,1
345.34499999999997,358.57,2007.8999999999999,30.244999999999997,215.04999999999998,0,0,0,0,0,True,False,0
345.22999999999996,358.57,1621.4999999999998,59.10999999999999,217.35,0,0,0,0,0,True,False,0
345.22999999999996,358.455,1885.9999999999998,35.419999999999995,219.64999999999998,0,0,0,0,0,True,False,0
345.34499999999997,358.455,1903.2499999999998,34.385,221.95,0,0,0,0,0,False,False,0
345.34499999999997,358.455,1892.8999999999999,33.23499999999999,227.7,0,0,0,0,0,False,True,0
345.4599999999999,358.57,1827.35,48.3,231.14999999999998,0,0,0,0,0,True,False,0
345.575,358.68499999999995,1777.8999999999999,45.309999999999995,233.45,0,0,0,0,0,True,False,0
345.575,358.68499999999995,1737.6499999999999,48.06999999999999,235.74999999999997,0,0,0,0,0,True,False,1
345.575,358.68499999999995,2012.4999999999998,32.545,238.04999999999998,0,0,0,0,0,True,False,1
345.575,358.68499999999995,1989.4999999999998,31.624999999999996,240.35,0,0,0,0,0,False,True,0
345.69,358.68499999999995,1577.8,69.115,243.79999999999998,0,0,0,1,0,True,False,1
345.575,358.57,1752.6,44.73499999999999,246.1,1,0,0,0,0,True,False,1
345.4599999999999,358.57,1841.1499999999999,41.515,0.0,0,0,0,0,0,True,False,1
345.575,358.57,1881.3999999999999,39.559999999999995,2.3,0,0,0,0,0,False,True,0
345.4599999999999,358.57,2600.1499999999996,17.134999999999998,5.75,0,0,0,0,0,True,False,0
345.4599999999999,358.57,1881.3999999999999,37.144999999999996,8.049999999999999,0,0,0,0,0,True,False,0
345.4599999999999,358.68499999999995,1535.2499999999998,67.04499999999999,10.35,0,0,0,0,0,False,True,0
345.34499999999997,358.455,1421.3999999999999,66.125,13.799999999999999,0,0,0,0,0,False,True,0
345.34499999999997,358.455,1661.7499999999998,54.394999999999996,17.25,0,0,0,0,0,True,False,0
345.22999999999996,358.22499999999997,1724.9999999999998,46.919999999999995,19.549999999999997,0,0,0,0,0,True,False,0
345.22999999999996,358.34,2298.85,24.15,21.849999999999998,0,0,0,0,0,True,False,0
345.22999999999996,358.34,1758.35,40.824999999999996,24.15,0,0,0,0,0,True,False,0
345.22999999999996,358.34,1687.05,46.805,26.45,0,0,0,0,0,False,True,1
345.115,358.22499999999997,1534.1,62.099999999999994,29.9,0,0,0,0,0,True,False,0
345.115,358.22499999999997,1544.4499999999998,53.13,32.199999999999996,0,0,0,0,0,False,True,0
345.22999999999996,358.22499999999997,1884.85,35.765,35.65,0,0,0,0,0,True,False,0
345.115,358.22499999999997,1590.4499999999998,56.464999999999996,37.949999999999996,0,0,0,0,0,False,False,0
345.115,358.10999999999996,1908.9999999999998,36.10999999999999,43.699999999999996,0,0,0,0,0,True,False,0
345.115,357.995,1690.4999999999998,51.98,46.0,0,0,0,0,0,True,False,1
345.115,357.995,2010.1999999999998,30.59,48.3,0,0,0,0,0,False,True,1
345.115,358.10999999999996,1687.05,41.055,51.74999999999999,0,0,0,0,0,True,False,0
345.115,358.10999999999996,1859.55,45.19499999999999,54.05,0,0,0,0,0,False,True,0
345.115,358.10999999999996,1583.55,65.205,57.49999999999999,0,0,0,0,0,False,False,0
345.0,357.995,1873.35,36.915,63.24999999999999,0,0,0,0,0,False,True,1
345.0,357.87999999999994,1729.6,43.584999999999994,66.69999999999999,0,0,0,0,0,True,False,1
345.0,357.87999999999994,1630.6999999999998,54.394999999999996,69.0,0,0,0,0,0,True,False,0
345.0,357.87999999999994,1873.35,36.455,71.3,0,0,0,0,0,True,False,1
345.115,357.995,2965.85,14.374999999999998,73.6,0,0,1,0,0,True,False,1
345.115,357.995,1500.7499999999998,74.405,75.89999999999999,0,0,0,0,0,True,False,0
345.22999999999996,358.10999999999996,1667.4999999999998,44.275,78.19999999999999,0,0,0,0,0,False,True,0
345.22999999999996,357.995,1710.05,42.434999999999995,81.64999999999999,0,0,0,0,0,True,False,0
345.22999999999996,357.995,1825.05,35.879999999999995,83.94999999999999,0,0,0,0,0,False,True,0
345.34499999999997,358.22499999999997,1757.1999999999998,47.035,87.39999999999999,0,0,0,0,0,False,True,0
345.4599999999999,358.34,1611.1499999999999,57.38499999999999,90.85,0,0,0,0,0,False,True,0
345.34499999999997,358.22499999999997,1662.8999999999999,51.74999999999999,94.3,0,0,0,0,0,True,False,1
345.22999999999996,358.10999999999996,1638.7499999999998,50.83,96.6,0,0,0,0,0,True,False,1
345.22999999999996,358.10999999999996,2174.6499999999996,25.99,98.89999999999999,0,0,0,0,0,True,False,0
345.22999999999996,358.22499999999997,1672.1,49.21999999999999,101.19999999999999,0,0,0,0,0,False,False,0
345.115,358.10999999999996,1644.4999999999998,47.035,106.94999999999999,0,0,0,0,0,True,False,0
345.22999999999996,358.10999999999996,1719.2499999999998,50.14,109.24999999999999,0,0,0,0,0,True,False,0
345.34499999999997,358.10999999999996,1775.6,47.839999999999996,111.55,0,0,0,0,0,True,False,0
345.34499999999997,358.10999999999996,1787.1,39.44499999999999,113.85,0,0,0,0,0,False,True,0
345.22999999999996,357.995,1714.6499999999999,42.894999999999996,117.3,0,0,0,0,0,False,True,0
345.34499999999997,357.995,1753.7499999999998,46.805,120.74999999999999,0,0,0,0,0,True,False,0
345.34499999999997,357.995,1730.7499999999998,45.54,123.05,0,0,0,0,0,True,False,0
345.34499999999997,358.10999999999996,1576.6499999999999,57.73,125.35,0,0,0,0,0,False,True,1
345.34499999999997,357.995,1531.8,69.57499999999999,128.79999999999998,0,0,0,0,0,True,False,1
345.34499999999997,358.10999999999996,1691.6499999999999,42.55,131.1,0,0,0,0,0,True,False,0
345.4599999999999,358.22499999999997,2012.4999999999998,31.395,133.39999999999998,0,0,0,0,0,False,True,1
345.34499999999997,358.10999999999996,1593.8999999999999,55.315,136.85,0,0,0,0,0,False,True,0
345.4599999999999,358.10999999999996,1558.2499999999998,64.63,140.29999999999998,0,0,0,0,0,False,True,0
345.34499999999997,357.995,1583.55,61.86999999999999,143.75,0,0,0,0,0,False,True,0
345.34499999999997,357.765,1596.1999999999998,56.809999999999995,147.2,0,0,0,0,0,True,False,0
345.34499999999997,357.765,1552.4999999999998,67.505,149.5,0,0,0,0,0,False,True,0
345.4599999999999,357.87999999999994,2105.6499999999996,26.909999999999997,152.95,0,0,0,0,0,False,True,0
345.34499999999997,357.87999999999994,1588.1499999999999,74.98,156.39999999999998,0,0,1,0,0,False,True,0
345.34499999999997,357.87999999999994,2050.45,29.439999999999998,159.85,0,0,0,0,0,False,True,1
345.34499999999997,357.65,1854.9499999999998,39.905,163.29999999999998,0,0,0,0,0,True,False,0
345.22999999999996,357.65,2725.5,16.904999999999998,165.6,0,0,0,0,0,False,True,1
345.22999999999996,357.65,1871.05,38.755,169.04999999999998,0,0,0,0,0,True,False,1
345.22999999999996,357.65,1443.25,82.57,171.35,0,0,1,0,0,True,False,1
345.22999999999996,357.65,2043.55,31.624999999999996,173.64999999999998,0,0,0,0,0,False,False,0
345.34499999999997,357.765,1846.8999999999999,35.535,179.39999999999998,0,0,0,0,0,True,False,0
345.34499999999997,357.765,1927.3999999999999,32.89,181.7,0,0,0,0,0,True,False,1
345.34499999999997,357.765,1845.7499999999998,42.665,184.0,0,0,0,0,0,True,False,0
345.4599999999999,357.765,1710.05,43.01,186.29999999999998,0,0,0,0,0,True,False,0
345.4599999999999,357.87999999999994,1691.6499999999999,53.474999999999994,188.6,0,0,0,0,0,True,False,0
345.34499999999997,357.765,1698.55,50.83,190.89999999999998,0,0,0,0,0,False,True,0
345.4599999999999,357.87999999999994,1759.4999999999998,36.8,194.35,0,0,0,0,0,True,False,0
345.4599999999999,357.87999999999994,1923.9499999999998,33.23499999999999,196.64999999999998,0,0,0,0,0,True,False,0
345.4599999999999,357.87999999999994,1651.3999999999999,65.32,198.95,0,0,0,0,0,True,False,0
345.4599999999999,357.995,1719.2499999999998,58.879999999999995,201.24999999999997,0,0,0,0,0,True,False,0
345.4599999999999,357.87999999999994,1570.8999999999999,64.515,203.54999999999998,0,0,0,0,0,False,True,1
345.4599999999999,357.87999999999994,1712.35,52.09499999999999,206.99999999999997,0,0,0,0,0,False,False,0
345.34499999999997,357.765,1701.9999999999998,53.589999999999996,212.74999999999997,0,0,0,0,0,True,False,0
345.4599999999999,357.87999999999994,1692.8,42.894999999999996,215.04999999999998,0,0,0,0,0,True,False,0
345.4599999999999,357.765,1606.55,58.419999999999995,217.35,0,0,0,0,0,True,False,0
345.4599999999999,357.765,1827.35,40.824999999999996,219.64999999999998,0,0,0,0,0,True,False,0
345.4599999999999,357.765,1615.7499999999998,62.214999999999996,221.95,0,0,0,0,0,True,False,0
345.4599999999999,357.765,2314.95,23.115,224.24999999999997,0,0,0,0,0,True,False,0
345.4599999999999,357.65,2072.2999999999997,29.9,226.54999999999998,0,0,0,0,0,True,False,0
345.4599999999999,357.65,1647.9499999999998,53.015,228.85,0,0,0,0,0,False,True,0
345.575,357.765,1490.3999999999999,70.49499999999999,232.29999999999998,0,0,0,1,0,False,True,1
345.575,357.87999999999994,1783.6499999999999,42.089999999999996,235.74999999999997,0,0,0,0,0,False,True,0
345.575,357.87999999999994,1460.5,77.625,239.2,0,0,0,1,0,True,False,1
345.69,357.995,1760.6499999999999,44.275,0.0,0,0,0,0,0,True,False,1
345.575,357.87999999999994,1606.55,51.98,2.3,0,0,0,0,0,False,False,0
345.575,357.765,1779.05,42.78,8.049999999999999,0,0,0,0,0,True,False,0
345.575,357.65,2385.1,21.734999999999996,10.35,0,0,0,0,0,True,False,0
345.575,357.765,1714.6499999999999,48.989999999999995,12.649999999999999,0,0,0,0,0,True,False,1
345.575,357.65,2022.85,32.545,14.95,0,0,0,0,0,True,False,1
345.4599999999999,357.65,1834.2499999999998,40.709999999999994,17.25,0,0,0,0,0,False,True,0
345.4599999999999,357.87999999999994,1553.6499999999999,71.3,20.7,0,0,0,0,0,True,False,1
345.4599999999999,357.87999999999994,1960.7499999999998,33.004999999999995,23.0,0,0,0,0,0,True,False,1
345.4599999999999,357.87999999999994,1616.8999999999999,50.14,25.299999999999997,0,0,0,0,0,True,False,0
345.4599999999999,357.995,1884.85,39.79,27.599999999999998,0,0,0,0,0,True,False,0
345.4599999999999,357.995,2329.8999999999996,23.345,29.9,0,0,0,0,0,False,False,1
345.4599999999999,357.995,1552.4999999999998,64.975,35.65,0,0,0,0,0,False,True,0
345.575,357.995,1688.1999999999998,47.265,39.099999999999994,0,0,0,0,0,False,True,0
345.575,358.10999999999996,1888.3,31.165,42.55,0,0,0,0,0,True,False,0
345.575,357.995,1713.4999999999998,48.06999999999999,44.849999999999994,0,0,0,0,0,True,False,0
345.575,357.995,1733.05,49.91,47.15,0,0,0,0,0,False,True,1
345.575,358.10999999999996,1852.6499999999999,37.605,50.599999999999994,0,0,0,0,0,True,False,0
345.575,358.10999999999996,2004.4499999999998,31.74,52.9,0,0,0,0,0,False,True,1
345.575,357.995,1696.2499999999998,53.24499999999999,56.349999999999994,0,0,0,0,0,True,False,0
345.575,358.10999999999996,1646.8,54.62499999999999,58.65,0,0,0,0,0,True,False,0
345.575,358.10999999999996,1658.3,54.05,60.949999999999996,0,0,0,0,0,True,False,0
345.69,358.10999999999996,1688.1999999999998,46.459999999999994,63.24999999999999,0,0,0,0,0,False,True,0
345.575,358.10999999999996,1789.3999999999999,52.09499999999999,66.69999999999999,0,0,0,0,0,True,False,0
345.575,358.10999999999996,1508.8,59.10999999999999,69.0,0,0,0,0,0,False,True,0
345.69,358.22499999999997,1677.85,54.05,72.44999999999999,0,0,0,0,0,True,False,0
345.575,358.22499999999997,1898.6499999999999,42.434999999999995,74.75,0,0,0,0,0,True,False,0
345.575,358.22499999999997,1713.4999999999998,44.16,77.05,0,0,0,0,0,True,False,1
345.69,358.34,1693.9499999999998,36.224999999999994,79.35,0,0,0,0,0,False,True,0
345.69,358.455,1994.1,34.385,82.8,0,0,0,0,0,True,False,0
345.69,358.455,1733.05,52.324999999999996,85.1,0,0,0,0,0,True,False,0
345.69,358.455,1789.3999999999999,40.135,87.39999999999999,0,0,0,0,0,True,False,0
345.575,358.34,1553.6499999999999,61.525,89.69999999999999,0,0,0,0,0,False,False,0
345.575,358.455,1661.7499999999998,51.519999999999996,95.44999999999999,0,0,0,0,0,True,False,0
345.575,358.455,1861.85,37.605,97.74999999999999,0,0,0,0,0,True,False,0
345.575,358.455,1459.35,73.6,100.05,0,0,0,0,0,False,True,0
345.575,358.34,1764.1,43.355,103.49999999999999,0,0,0,0,0,True,False,0
345.575,358.34,1660.6,56.69499999999999,105.8,0,0,0,0,0,True,False,0
345.575,358.34,2005.6,30.819999999999997,108.1,0,0,0,0,0,True,False,0
345.4599999999999,358.22499999999997,1657.1499999999999,51.29,110.39999999999999,0,0,0,0,0,True,False,0
345.34499999999997,357.995,1731.8999999999999,46.805,112.69999999999999,0,0,0,0,0,False,True,0
345.34499999999997,358.10999999999996,1754.8999999999999,44.275,116.14999999999999,0,0,0,0,0,True,False,0
345.4599999999999,358.22499999999997,1959.6,34.154999999999994,118.44999999999999,0,0,0,0,0,True,False,0
345.4599999999999,358.10999999999996,1661.7499999999998,60.25999999999999,120.74999999999999,0,0,0,0,0,False,False,0
345.575,358.22499999999997,1910.1499999999999,41.285,126.49999999999999,0,0,0,0,0,True,False,0
345.575,358.10999999999996,1685.8999999999999,48.06999999999999,128.79999999999998,0,0,0,0,0,True,False,0
345.4599999999999,357.995,1849.1999999999998,40.365,131.1,0,0,0,0,0,True,False,0
345.4599999999999,358.10999999999996,1554.8,65.895,133.39999999999998,0,0,0,0,0,False,True,0
345.4599999999999,358.10999999999996,1844.6,36.455,136.85,0,0,0,0,0,False,True,0
345.4599999999999,358.10999999999996,1641.05,58.305,140.29999999999998,0,0,0,0,0,False,False,0
345.4599999999999,358.10999999999996,1637.6,51.29,146.04999999999998,0,0,0,0,0,True,False,1
345.4599999999999,358.10999999999996,1911.3,33.695,148.35,0,0,0,0,0,True,False,0
345.4599999999999,358.10999999999996,2226.3999999999996,27.484999999999996,150.64999999999998,0,0,0,0,0,True,False,0
345.4599999999999,358.10999999999996,1987.1999999999998,36.455,152.95,0,0,0,0,0,True,False,0
345.4599999999999,358.10999999999996,1784.8,33.12,155.25,0,0,0,0,0,True,False,0
345.4599999999999,358.22499999999997,1911.3,33.349999999999994,157.54999999999998,0,0,0,0,0,False,False,0
345.34499999999997,358.10999999999996,1544.4499999999998,66.355,163.29999999999998,0,0,0,0,0,True,False,1
345.4599999999999,358.22499999999997,1697.3999999999999,37.49,165.6,0,0,0,0,0,False,True,1
345.34499999999997,358.10999999999996,1547.8999999999999,58.765,169.04999999999998,0,0,0,0,0,True,False,0
345.4599999999999,358.22499999999997,1715.8,51.29,171.35,0,0,0,0,0,True,False,0
345.34499999999997,358.22499999999997,1770.9999999999998,47.724999999999994,173.64999999999998,0,0,0,0,0,False,True,0
345.4599999999999,358.22499999999997,1835.3999999999999,37.375,177.1,0,0,0,0,0,True,False,0
345.575,358.34,1772.1499999999999,54.96999999999999,179.39999999999998,0,0,0,0,0,True,False,0
345.575,358.34,1910.1499999999999,34.5,181.7,0,0,0,0,0,True,False,0
345.4599999999999,358.34,1562.85,63.709999999999994,184.0,0,0,0,0,0,False,True,0
345.575,358.34,1757.1999999999998,48.76,187.45,0,0,0,0,0,True,False,0
345.575,358.34,1432.8999999999999,60.834999999999994,189.74999999999997,0,0,0,0,0,False,True,0
345.575,358.34,1811.2499999999998,37.375,193.2,0,0,0,0,0,True,False,0
345.575,358.34,1906.6999999999998,34.959999999999994,195.49999999999997,0,0,0,0,0,False,True,0
345.575,358.34,1592.7499999999998,63.01999999999999,198.95,0,0,0,0,0,True,False,0
345.575,358.455,1672.1,57.84499999999999,201.24999999999997,0,0,0,0,0,False,False,0
345.575,358.34,1721.55,46.574999999999996,206.99999999999997,0,0,0,0,0,True,False,0
345.69,358.455,1637.6,58.419999999999995,209.29999999999998,0,0,0,0,0,False,True,0
345.69,358.455,1757.1999999999998,50.48499999999999,212.74999999999997,0,0,0,0,0,True,False,0
345.69,358.57,1769.85,42.55,215.04999999999998,0,0,0,0,0,True,False,0
345.80499999999995,358.57,1536.3999999999999,67.16,217.35,0,0,0,1,0,True,False,1
345.575,358.34,1753.7499999999998,43.239999999999995,219.64999999999998,0,0,0,0,0,True,False,1
345.575,358.34,1674.3999999999999,58.765,221.95,0,0,0,0,0,False,True,0
345.575,358.455,2462.1499999999996,19.779999999999998,225.39999999999998,0,0,0,0,0,False,True,0
345.575,358.34,1697.3999999999999,44.964999999999996,228.85,0,0,0,0,0,False,True,0
345.575,358.34,1735.35,54.28,232.29999999999998,0,0,0,0,0,True,False,0
345.575,358.34,1664.05,52.209999999999994,234.6,0,0,0,0,0,True,False,0
345.69,358.455,1665.1999999999998,56.464999999999996,236.89999999999998,0,0,0,0,0,True,False,1
345.69,358.455,1642.1999999999998,60.489999999999995,239.2,0,0,0,0,0,True,False,0
345.69,358.455,1597.35,59.915,241.49999999999997,0,0,0,0,0,False,True,1
345.80499999999995,358.455,1880.2499999999998,37.26,244.95,0,0,0,0,0,True,False,1
345.80499999999995,358.455,1604.2499999999998,50.255,247.24999999999997,0,0,0,0,0,True,False,1
345.80499999999995,358.57,1659.4499999999998,50.255,249.54999999999998,0,0,0,0,0,True,False,0
345.80499999999995,358.455,1623.8,56.464999999999996,251.85,0,0,0,0,0,False,True,0
345.80499999999995,358.455,1752.6,50.025,255.29999999999998,0,0,0,0,0,True,False,0
345.80499999999995,358.57,1618.05,48.76,257.59999999999997,0,0,0,0,0,False,True,0
345.91999999999996,358.455,1606.55,50.025,261.04999999999995,0,0,0,0,0,True,False,1
345.80499999999995,358.455,1729.6,42.434999999999995,263.34999999999997,0,0,0,0,0,False,True,0
345.80499999999995,358.455,2411.5499999999997,21.734999999999996,266.79999999999995,1,0,0,0,0,False,True,1
345.69,358.455,1785.9499999999998,45.769999999999996,0.0,0,0,0,0,0,True,False,0
345.69,358.455,1646.8,45.08,2.3,0,0,0,0,0,True,False,0
345.575,358.34,1813.55,41.974999999999994,4.6,0,0,0,0,0,False,True,0
345.575,358.22499999999997,1575.4999999999998,64.515,8.049999999999999,0,0,0,0,0,False,True,1
345.575,358.34,1731.8999999999999,41.63,11.5,0,0,0,0,0,False,False,0
345.69,358.34,2258.6,24.609999999999996,17.25,0,0,0,0,0,True,False,1
345.69,358.455,1724.9999999999998,42.205,19.549999999999997,0,0,0,0,0,False,False,0
345.69,358.455,1711.1999999999998,54.855,25.299999999999997,0,0,0,0,0,True,False,1
345.69,358.22499999999997,1474.3,69.23,27.599999999999998,0,0,0,0,0,False,False,0
345.575,358.10999999999996,1609.9999999999998,51.864999999999995,33.349999999999994,0,0,0,0,0,True,False,0
345.69,358.22499999999997,1631.85,44.39,35.65,0,0,0,0,0,True,False,0
345.80499999999995,358.22499999999997,1657.1499999999999,46.69,37.949999999999996,0,0,0,0,0,False,True,0
345.80499999999995,358.34,1550.1999999999998,71.875,41.4,0,0,0,0,0,False,True,0
345.91999999999996,358.455,1688.1999999999998,44.505,44.849999999999994,0,0,0,0,0,False,False,0
345.80499999999995,358.455,1956.1499999999999,35.419999999999995,50.599999999999994,0,0,0,0,0,False,True,0
345.80499999999995,358.455,2143.6,27.14,54.05,0,0,0,0,0,False,False,0
345.69,358.34,1874.4999999999998,36.57,59.8,0,0,0,0,0,False,True,0
345.575,358.22499999999997,1513.3999999999999,57.155,63.24999999999999,0,0,0,0,0,True,False,1
345.575,358.22499999999997,1964.1999999999998,35.879999999999995,65.55,0,0,0,0,0,True,False,0
345.575,358.10999999999996,1930.85,31.624999999999996,67.85,0,0,0,0,0,False,False,0
345.575,358.10999999999996,1965.35,37.144999999999996,73.6,0,0,0,0,0,True,False,0
345.575,358.10999999999996,1661.7499999999998,47.724999999999994,75.89999999999999,0,0,0,0,0,True,False,0
345.575,358.10999999999996,1598.4999999999998,59.684999999999995,78.19999999999999,0,0,0,0,0,False,True,0
345.4599999999999,358.10999999999996,1505.35,63.824999999999996,81.64999999999999,0,0,0,0,0,True,False,0
345.575,358.22499999999997,1723.85,43.239999999999995,83.94999999999999,0,0,0,0,0,True,False,0
345.575,358.10999999999996,2382.7999999999997,21.619999999999997,86.25,0,0,0,0,0,False,True,0
345.575,358.22499999999997,1710.05,49.449999999999996,89.69999999999999,0,0,0,0,0,True,False,0
345.575,358.22499999999997,1497.3,57.04,92.0,0,0,0,0,0,True,False,0
345.575,358.22499999999997,1584.6999999999998,55.43,94.3,0,0,0,0,0,False,True,0
345.575,358.34,1569.7499999999998,60.949999999999996,97.74999999999999,0,0,0,0,0,True,False,0
345.69,358.455,1641.05,51.29,100.05,0,0,0,0,0,False,False,1
345.69,358.455,1765.2499999999998,38.294999999999995,105.8,0,0,0,0,0,False,False,0
345.575,358.34,1697.3999999999999,47.955,111.55,0,0,0,0,0,False,False,0
345.575,358.34,1638.7499999999998,48.76,117.3,0,0,0,0,0,True,False,0
345.575,358.455,1620.35,62.905,119.6,0,0,0,0,0,True,False,0
345.575,358.34,1989.4999999999998,34.73,121.89999999999999,0,0,0,0,0,True,False,0
345.575,358.34,1672.1,47.60999999999999,124.19999999999999,0,0,0,0,0,False,True,0
345.69,358.455,2005.6,30.934999999999995,127.64999999999999,0,0,0,0,0,True,False,0
345.91999999999996,358.68499999999995,2025.1499999999999,33.349999999999994,129.95,0,0,0,0,0,False,True,0
345.80499999999995,358.68499999999995,1905.55,35.535,133.39999999999998,0,0,0,0,0,False,True,1
345.80499999999995,358.57,1632.9999999999998,54.05,136.85,0,0,0,0,0,True,False,0
345.80499999999995,358.68499999999995,1528.35,68.08,139.14999999999998,0,0,0,0,0,False,False,1
345.69,358.68499999999995,1692.8,50.83,144.89999999999998,0,0,0,0,0,True,False,0
345.69,358.79999999999995,1800.8999999999999,34.615,147.2,0,0,0,0,0,True,False,0
345.69,358.79999999999995,1644.4999999999998,49.105,149.5,0,0,0,0,0,True,False,0
345.69,358.79999999999995,1703.1499999999999,47.035,151.79999999999998,0,0,0,0,0,True,False,0
345.69,358.79999999999995,1920.4999999999998,33.809999999999995,154.1,0,0,0,0,0,True,False,0
345.69,358.79999999999995,1616.8999999999999,63.364999999999995,156.39999999999998,0,0,0,0,0,True,False,0
345.69,358.915,1557.1,53.934999999999995,158.7,0,0,0,0,0,False,False,0
345.575,358.79999999999995,2282.75,22.195,164.45,0,0,0,0,0,False,True,0
345.575,358.79999999999995,1452.4499999999998,69.91999999999999,167.89999999999998,0,0,0,0,0,False,True,0
345.575,358.68499999999995,1812.3999999999999,35.765,171.35,0,0,0,0,0,True,False,0
345.575,358.79999999999995,1670.9499999999998,51.864999999999995,173.64999999999998,0,0,0,0,0,True,False,0
345.575,358.79999999999995,1699.6999999999998,44.849999999999994,175.95,0,0,0,0,0,True,False,1
345.575,358.68499999999995,1521.4499999999998,66.585,178.25,0,0,0,0,0,False,True,0
345.575,358.68499999999995,1966.4999999999998,32.66,181.7,0,0,0,0,0,True,False,0
345.4599999999999,358.455,1511.1,68.425,184.0,0,0,0,0,0,True,False,0
345.4599999999999,358.455,1678.9999999999998,45.54,186.29999999999998,0,0,0,0,0,True,False,0
345.4599999999999,358.455,1734.1999999999998,52.209999999999994,188.6,0,0,0,0,0,False,True,1
345.575,358.57,1530.6499999999999,63.59499999999999,192.04999999999998,0,0,0,0,0,False,True,0
345.4599999999999,358.455,1742.2499999999998,54.50999999999999,195.49999999999997,0,0,0,0,0,True,False,0
345.4599999999999,358.34,1925.1,37.949999999999996,197.79999999999998,0,0,0,0,0,True,False,0
345.4599999999999,358.455,1660.6,58.879999999999995,200.1,0,0,0,0,0,True,False,0
345.4599999999999,358.455,1607.6999999999998,48.989999999999995,202.39999999999998,0,0,0,0,0,False,True,0
345.4599999999999,358.455,2106.7999999999997,27.83,205.85,0,0,0,0,0,False,True,0
345.575,358.57,1829.6499999999999,48.3,209.29999999999998,0,0,0,0,0,False,True,0
345.4599999999999,358.455,1699.6999999999998,45.885,212.74999999999997,0,0,0,0,0,False,True,0
345.4599999999999,358.57,1566.3,54.739999999999995,216.2,0,0,0,0,0,False,True,1
345.575,358.57,1573.1999999999998,66.585,219.64999999999998,0,0,0,1,0,True,False,1
345.34499999999997,358.455,1981.4499999999998,32.545,221.95,0,0,0,0,0,False,True,0
345.4599999999999,358.57,1942.35,35.419999999999995,225.39999999999998,0,0,0,0,0,True,False,0
345.4599999999999,358.57,1462.8,68.08,227.7,0,0,0,1,0,True,False,0
345.4599999999999,358.455,1737.6499999999999,37.949999999999996,229.99999999999997,0,0,0,0,0,False,True,0
345.4599999999999,358.34,1972.2499999999998,35.419999999999995,233.45,0,0,0,0,0,False,False,1
345.34499999999997,358.22499999999997,1609.9999999999998,50.36999999999999,0.0,0,0,0,0,0,False,True,0
345.4599999999999,358.34,1380.0,88.08999999999999,3.4499999999999997,0,0,1,0,0,True,False,1
345.4599999999999,358.455,1788.2499999999998,44.505,5.75,0,0,0,0,0,False,True,1
345.34499999999997,358.34,1641.05,64.63,9.2,0,0,0,0,0,False,False,1
345.34499999999997,358.10999999999996,1515.6999999999998,60.605,14.95,0,0,0,0,0,True,False,0
345.22999999999996,358.10999999999996,1516.85,62.79,17.25,0,0,0,0,0,False,False,0
345.22999999999996,358.10999999999996,2254.0,24.034999999999997,23.0,0,0,0,0,0,False,True,0
345.34499999999997,358.22499999999997,1784.8,44.73499999999999,26.45,0,0,0,0,0,True,False,0
345.34499999999997,358.22499999999997,1780.1999999999998,37.03,28.749999999999996,0,0,0,0,0,True,False,0
345.34499999999997,358.34,1965.35,33.925,31.049999999999997,0,0,0,0,0,True,False,0
345.34499999999997,358.22499999999997,1683.6,47.15,33.349999999999994,0,0,0,0,0,False,False,1
345.34499999999997,358.10999999999996,2022.85,28.52,39.099999999999994,0,0,0,0,0,True,False,0
345.34499999999997,358.22499999999997,1879.1,36.684999999999995,41.4,0,0,0,0,0,True,False,0
345.34499999999997,358.22499999999997,1912.4499999999998,38.64,43.699999999999996,0,0,0,0,0,True,False,0
345.34499999999997,358.22499999999997,1661.7499999999998,54.394999999999996,46.0,0,0,0,0,0,False,True,0
345.34499999999997,358.22499999999997,1949.2499999999998,29.439999999999998,49.449999999999996,0,0,0,0,0,True,False,0
345.4599999999999,358.34,1744.55,44.849999999999994,51.74999999999999,0,0,0,0,0,True,False,0
345.575,358.455,2082.6499999999996,30.819999999999997,54.05,0,0,0,0,0,True,False,0
345.4599999999999,358.34,2087.25,27.025,56.349999999999994,0,0,0,0,0,True,False,0
345.4599999999999,358.455,1739.9499999999998,46.0,58.65,0,0,0,0,0,True,False,1
345.4599999999999,358.34,1745.6999999999998,41.85999999999999,60.949999999999996,0,0,0,0,0,False,True,0
345.34499999999997,358.22499999999997,1917.05,33.12,64.39999999999999,0,0,0,0,0,True,False,1
345.34499999999997,358.22499999999997,1613.4499999999998,69.115,66.69999999999999,0,0,0,0,0,True,False,0
345.22999999999996,358.22499999999997,1590.4499999999998,48.415,69.0,0,0,0,0,0,True,False,1
345.34499999999997,358.22499999999997,1685.8999999999999,53.13,71.3,0,0,0,0,0,True,False,0
345.34499999999997,358.22499999999997,1584.6999999999998,54.62499999999999,73.6,0,0,0,0,0,True,False,1
345.22999999999996,358.22499999999997,1779.05,47.035,75.89999999999999,0,0,0,0,0,False,True,0
345.22999999999996,358.22499999999997,1719.2499999999998,44.275,79.35,0,0,0,0,0,True,False,1
345.115,358.10999999999996,1988.35,33.695,81.64999999999999,0,0,0,0,0,True,False,0
345.115,358.10999999999996,1630.6999999999998,54.855,83.94999999999999,0,0,0,0,0,True,False,0
345.115,358.10999999999996,1707.7499999999998,46.459999999999994,86.25,0,0,0,0,0,False,False,0
345.115,358.22499999999997,1649.1,46.919999999999995,92.0,0,0,0,0,0,True,False,0
345.22999999999996,358.34,1627.2499999999998,64.16999999999999,94.3,0,0,0,0,0,False,True,1
345.115,358.34,1925.1,34.04,97.74999999999999,0,0,0,0,0,False,False,0
345.115,358.22499999999997,1672.1,60.25999999999999,103.49999999999999,0,0,0,0,0,True,False,0
345.0,358.10999999999996,1697.3999999999999,44.849999999999994,105.8,0,0,0,0,0,True,False,0
345.0,358.22499999999997,2083.7999999999997,32.545,108.1,0,0,0,0,0,True,False,1
345.0,358.10999999999996,1580.1,48.184999999999995,110.39999999999999,0,0,0,0,0,True,False,0
345.115,358.10999999999996,1752.6,46.69,112.69999999999999,0,0,0,0,0,False,True,0
345.0,358.10999999999996,1590.4499999999998,57.04,116.14999999999999,0,0,0,0,0,True,False,0
344.88499999999993,357.995,1643.35,66.92999999999999,118.44999999999999,0,0,0,0,0,True,False,0
344.77,357.995,1744.55,47.38,120.74999999999999,0,0,0,0,0,False,True,0
344.88499999999993,358.10999999999996,1701.9999999999998,51.63499999999999,124.19999999999999,0,0,0,0,0,False,True,0
344.88499999999993,358.10999999999996,1961.8999999999999,33.12,127.64999999999999,0,0,0,0,0,True,False,0
345.0,358.22499999999997,1551.35,55.89,129.95,0,0,0,0,0,True,False,0
345.0,358.22499999999997,1668.6499999999999,56.349999999999994,132.25,0,0,0,0,0,False,True,1
344.88499999999993,358.10999999999996,1871.05,42.205,135.7,0,0,0,0,0,True,False,0
345.0,358.10999999999996,1767.55,40.709999999999994,138.0,0,0,0,0,0,False,True,1
345.115,358.22499999999997,2550.7,19.549999999999997,141.45,0,0,0,0,0,True,False,1
345.0,358.10999999999996,1685.8999999999999,44.849999999999994,143.75,0,0,0,0,0,False,True,0
345.0,358.22499999999997,1915.8999999999999,36.8,147.2,0,0,0,0,0,True,False,1
345.0,358.22499999999997,1673.2499999999998,47.955,149.5,0,0,0,0,0,True,False,0
345.0,358.10999999999996,2216.0499999999997,28.29,151.79999999999998,0,0,0,0,0,True,False,0
344.88499999999993,357.995,1958.4499999999998,32.66,154.1,0,0,0,0,0,False,True,0
344.77,357.87999999999994,1762.9499999999998,41.285,157.54999999999998,0,0,0,0,0,True,False,0
344.77,357.995,2052.75,29.209999999999997,159.85,0,0,0,0,0,False,False,1
344.77,357.87999999999994,2463.2999999999997,19.09,165.6,0,0,0,0,0,True,False,0
344.77,357.87999999999994,1574.35,53.13,167.89999999999998,0,0,0,0,0,True,False,0
344.77,357.87999999999994,1961.8999999999999,33.58,170.2,0,0,0,0,0,False,True,0
344.88499999999993,357.995,2072.2999999999997,28.059999999999995,173.64999999999998,0,0,0,0,0,True,False,0
344.88499999999993,357.995,1624.9499999999998,48.06999999999999,175.95,0,0,0,0,0,False,False,0
345.0,357.995,1706.6,61.18,181.7,0,0,0,0,0,True,False,0
344.88499999999993,357.995,1765.2499999999998,43.815,184.0,0,0,0,0,0,True,False,0
344.88499999999993,357.87999999999994,1815.85,40.824999999999996,186.29999999999998,0,0,0,0,0,False,True,0
344.77,357.765,1494.9999999999998,73.83,189.74999999999997,0,0,0,0,0,True,False,0
344.77,357.765,1669.8,50.94499999999999,192.04999999999998,0,0,0,0,0,False,True,0
344.77,357.765,1796.3,41.055,195.49999999999997,0,0,0,0,0,False,True,0
344.77,357.87999999999994,1913.6,32.545,198.95,0,0,0,0,0,True,False,0
344.88499999999993,357.87999999999994,1719.2499999999998,41.169999999999995,201.24999999999997,0,0,0,0,0,False,False,0
345.0,358.10999999999996,1762.9499999999998,48.989999999999995,206.99999999999997,0,0,0,0,0,False,True,1
345.0,358.10999999999996,1706.6,42.55,210.45,0,0,0,0,0,True,False,0
345.0,358.10999999999996,1844.6,44.505,212.74999999999997,0,0,0,0,0,True,False,0
345.0,358.10999999999996,1705.4499999999998,52.44,215.04999999999998,0,0,0,0,0,True,False,0
345.115,358.22499999999997,1781.35,39.905,217.35,0,0,0,0,0,True,False,0
345.115,358.10999999999996,1844.6,40.25,219.64999999999998,0,0,0,0,0,True,False,0
345.22999999999996,358.22499999999997,1937.7499999999998,35.65,221.95,0,0,0,0,0,True,False,0
345.22999999999996,358.34,1577.8,56.58,224.24999999999997,0,0,0,0,0,True,False,0
345.34499999999997,358.34,1580.1,54.50999999999999,226.54999999999998,0,0,0,0,0,True,False,0
345.22999999999996,358.34,1846.8999999999999,35.65,228.85,0,0,0,0,0,True,False,1
345.115,358.22499999999997,1691.6499999999999,54.28,231.14999999999998,0,0,0,0,0,True,False,0
345.115,358.22499999999997,1907.85,35.765,233.45,0,0,0,0,0,True,False,1
345.115,358.455,1609.9999999999998,55.775,235.74999999999997,0,0,0,0,0,False,True,0
345.115,358.455,1728.4499999999998,48.989999999999995,239.2,0,0,0,0,0,True,False,1
345.22999999999996,358.57,2067.7,26.679999999999996,241.49999999999997,0,0,0,0,0,True,False,1
345.22999999999996,358.34,1849.1999999999998,40.25,243.79999999999998,0,0,0,0,0,False,True,0
345.22999999999996,358.34,1520.3,58.535,247.24999999999997,0,0,0,0,0,True,False,1
345.22999999999996,358.34,1779.05,43.355,249.54999999999998,0,0,0,0,0,False,False,0
345.34499999999997,358.455,1580.1,55.084999999999994,255.29999999999998,1,0,0,0,0,False,True,1
345.34499999999997,358.455,1664.05,42.31999999999999,0.0,0,0,0,0,0,False,True,0
345.4599999999999,358.455,1578.9499999999998,54.28,3.4499999999999997,0,0,0,0,0,True,False,0
345.34499999999997,358.455,1742.2499999999998,43.125,5.75,0,0,0,0,0,True,False,0
345.34499999999997,358.455,1514.55,64.975,8.049999999999999,0,0,0,0,0,True,False,0
345.34499999999997,358.57,1783.6499999999999,42.78,10.35,0,0,0,0,0,True,False,0
345.34499999999997,358.57,1830.8,36.915,12.649999999999999,0,0,0,0,0,False,True,0
345.4599999999999,358.57,1647.9499999999998,48.53,16.099999999999998,0,0,0,0,0,True,False,0
345.575,358.68499999999995,1646.8,49.565,18.4,0,0,0,0,0,True,False,1
345.575,358.68499999999995,1552.4999999999998,59.455,20.7,0,0,0,0,0,True,False,0
345.575,358.68499999999995,1575.4999999999998,51.519999999999996,23.0,0,0,0,0,0,False,True,1
345.575,358.79999999999995,1627.2499999999998,51.29,26.45,0,0,0,0,0,True,False,0
345.575,358.79999999999995,1722.6999999999998,49.334999999999994,28.749999999999996,0,0,0,0,0,True,False,0
345.575,358.79999999999995,1589.3,62.214999999999996,31.049999999999997,0,0,0,0,0,False,True,1
345.575,358.68499999999995,1737.6499999999999,51.175,34.5,0,0,0,0,0,False,True,0
345.575,358.68499999999995,1529.4999999999998,68.425,37.949999999999996,0,0,0,0,0,True,False,1
345.575,358.68499999999995,1590.4499999999998,58.074999999999996,40.25,0,0,0,0,0,True,False,0
345.575,358.68499999999995,1645.6499999999999,56.809999999999995,42.55,0,0,0,0,0,True,False,0
345.575,358.79999999999995,1680.1499999999999,43.815,44.849999999999994,0,0,0,0,0,True,False,1
345.4599999999999,358.68499999999995,1653.6999999999998,53.705,47.15,0,0,0,0,1,False,False,0
345.575,358.79999999999995,2045.85,31.854999999999997,52.9,0,0,0,0,0,False,True,0
345.69,358.915,1486.9499999999998,60.14499999999999,56.349999999999994,0,0,0,0,0,False,True,0
345.69,359.03,1504.1999999999998,62.905,59.8,0,0,0,0,0,True,False,0
345.69,359.145,1761.8,42.78,62.099999999999994,0,0,0,0,0,True,False,0
345.80499999999995,359.25999999999993,1690.4999999999998,44.39,64.39999999999999,0,0,0,0,0,True,False,0
345.80499999999995,359.145,1780.1999999999998,43.584999999999994,66.69999999999999,0,0,0,0,0,True,False,1
345.80499999999995,359.145,2182.7,27.599999999999998,69.0,0,0,0,0,0,True,False,0
345.80499999999995,359.03,1535.2499999999998,56.349999999999994,71.3,0,0,0,0,0,False,False,0
345.80499999999995,359.145,1632.9999999999998,61.86999999999999,77.05,0,0,0,0,0,True,False,0
345.80499999999995,359.145,1630.6999999999998,56.349999999999994,79.35,0,0,0,0,0,True,False,0
345.91999999999996,359.145,1765.2499999999998,46.34499999999999,81.64999999999999,0,0,0,0,0,False,True,1
345.80499999999995,359.25999999999993,1675.55,54.28,85.1,0,0,0,0,0,False,False,0
345.91999999999996,359.25999999999993,1716.9499999999998,44.964999999999996,90.85,0,0,0,0,0,True,False,1
345.80499999999995,359.145,1920.4999999999998,31.395,93.14999999999999,0,0,0,0,0,False,False,0
345.80499999999995,359.145,1662.8999999999999,52.209999999999994,98.89999999999999,0,0,0,0,0,False,False,0
345.91999999999996,359.25999999999993,1684.7499999999998,67.965,104.64999999999999,0,0,1,0,0,True,False,1
345.80499999999995,359.145,1828.4999999999998,41.74499999999999,106.94999999999999,0,0,0,0,0,True,False,0
345.69,359.03,2500.1,21.275,109.24999999999999,0,0,0,0,0,False,True,0
345.80499999999995,359.25999999999993,1828.4999999999998,43.584999999999994,112.69999999999999,0,0,0,0,0,True,False,0
345.80499999999995,359.145,1813.55,38.18,114.99999999999999,0,0,0,0,0,True,False,0
345.80499999999995,359.25999999999993,1576.6499999999999,70.955,117.3,0,0,0,0,0,False,True,0
345.91999999999996,359.25999999999993,2032.05,29.439999999999998,120.74999999999999,0,0,0,0,0,True,False,0
345.91999999999996,359.375,1744.55,45.08,123.05,0,0,0,0,0,True,False,0
346.03499999999997,359.49,1788.2499999999998,46.69,125.35,0,0,0,0,0,False,True,0
346.03499999999997,359.60499999999996,1628.3999999999999,50.36999999999999,128.79999999999998,0,0,0,0,0,True,False,0
345.91999999999996,359.49,1826.1999999999998,40.94,131.1,0,0,0,0,0,False,True,0
345.91999999999996,359.49,1635.3,57.49999999999999,134.54999999999998,0,0,0,0,0,True,False,0
345.91999999999996,359.49,1582.3999999999999,61.63999999999999,136.85,0,0,0,0,0,True,False,0
345.91999999999996,359.375,1649.1,58.305,139.14999999999998,0,0,0,0,0,True,False,1
345.91999999999996,359.375,1636.4499999999998,54.394999999999996,141.45,0,0,0,0,0,True,False,0
346.03499999999997,359.25999999999993,1568.6,60.37499999999999,143.75,0,0,0,0,0,True,False,0
345.91999999999996,359.25999999999993,2098.75,27.369999999999997,146.04999999999998,0,0,0,0,0,True,False,1
345.91999999999996,359.25999999999993,1569.7499999999998,51.175,148.35,0,0,0,0,0,True,False,0
345.80499999999995,359.145,1644.4999999999998,54.28,150.64999999999998,0,0,0,0,0,False,True,0
345.91999999999996,359.145,1650.2499999999998,51.519999999999996,154.1,0,0,0,0,0,True,False,1
345.91999999999996,359.25999999999993,2082.6499999999996,28.865,156.39999999999998,0,0,0,0,0,False,True,0
345.91999999999996,359.25999999999993,1684.7499999999998,50.255,159.85,0,0,0,0,0,False,True,0
346.03499999999997,359.25999999999993,1577.8,58.65,163.29999999999998,0,0,0,0,0,True,False,0
345.91999999999996,359.145,2136.7,30.244999999999997,165.6,0,0,0,0,0,True,False,1
345.80499999999995,359.145,1972.2499999999998,30.819999999999997,167.89999999999998,0,0,0,0,0,True,False,0
345.80499999999995,359.03,1828.4999999999998,44.275,170.2,0,0,0,0,0,True,False,0
345.91999999999996,359.03,1913.6,29.554999999999996,172.5,0,0,0,0,0,False,True,0
345.80499999999995,358.915,1738.8,42.434999999999995,175.95,0,0,0,0,0,True,False,1
345.80499999999995,358.915,1722.6999999999998,50.599999999999994,178.25,0,0,0,0,0,True,False,1
345.80499999999995,358.915,1604.2499999999998,48.184999999999995,180.54999999999998,0,0,0,0,0,True,False,0
345.80499999999995,358.915,1713.4999999999998,49.565,182.85,0,0,0,0,0,False,False,0
345.91999999999996,358.915,1756.05,40.365,188.6,0,0,0,0,0,False,False,0
345.91999999999996,358.915,1738.8,42.665,194.35,0,0,0,0,0,True,False,0
346.03499999999997,358.915,1695.1,48.76,196.64999999999998,0,0,0,0,0,True,False,0
345.91999999999996,358.915,1730.7499999999998,47.49499999999999,198.95,0,0,0,0,0,True,False,0
345.91999999999996,358.79999999999995,1720.3999999999999,46.0,201.24999999999997,0,0,0,0,0,True,False,0
345.91999999999996,358.79999999999995,1589.3,56.69499999999999,203.54999999999998,0,0,0,0,0,True,False,0
345.80499999999995,358.68499999999995,1631.85,54.855,205.85,0,0,0,0,0,True,False,0
345.80499999999995,358.68499999999995,1681.3,45.655,208.14999999999998,0,0,0,0,0,True,False,0
345.91999999999996,358.79999999999995,1667.4999999999998,51.74999999999999,210.45,0,0,0,0,0,False,True,0
345.80499999999995,358.68499999999995,1597.35,53.474999999999994,213.89999999999998,0,0,0,0,0,False,False,0
345.80499999999995,358.68499999999995,1951.55,32.43,219.64999999999998,0,0,0,0,0,False,True,0
345.80499999999995,358.68499999999995,1535.2499999999998,65.66499999999999,223.1,0,0,0,1,0,True,False,0
345.80499999999995,358.68499999999995,1697.3999999999999,48.3,225.39999999999998,0,0,0,0,0,True,False,1
345.69,358.455,1721.55,50.14,227.7,0,0,0,0,0,True,False,0
345.69,358.34,1919.35,33.58,229.99999999999997,0,0,0,0,0,False,True,1
345.69,358.34,1673.2499999999998,55.199999999999996,233.45,0,0,0,0,0,True,False,1
345.80499999999995,358.455,1723.85,44.16,235.74999999999997,0,0,0,0,0,True,False,0
345.80499999999995,358.57,1699.6999999999998,48.184999999999995,238.04999999999998,0,0,0,0,0,True,False,1
345.91999999999996,358.57,2217.2,25.07,240.35,0,0,0,0,0,True,False,0
345.91999999999996,358.68499999999995,1864.1499999999999,32.545,242.64999999999998,0,0,0,0,0,False,True,0
345.91999999999996,358.68499999999995,1559.3999999999999,50.94499999999999,246.1,0,0,0,0,0,False,True,0
345.91999999999996,358.455,1713.4999999999998,53.35999999999999,249.54999999999998,0,0,0,0,0,True,False,0
345.91999999999996,358.455,1814.6999999999998,36.10999999999999,251.85,0,0,0,0,0,True,False,0
345.91999999999996,358.455,1933.1499999999999,35.995,254.14999999999998,0,0,0,0,0,True,False,0
345.91999999999996,358.57,1629.55,49.91,256.45,0,0,0,0,0,True,False,0
345.80499999999995,358.455,1761.8,46.0,0.0,0,0,0,0,0,False,True,0
345.80499999999995,358.455,1723.85,44.73499999999999,3.4499999999999997,0,0,0,0,0,False,True,0
345.91999999999996,358.455,1646.8,52.669999999999995,6.8999999999999995,0,0,0,0,0,True,False,1
345.91999999999996,358.455,2015.9499999999998,33.349999999999994,9.2,0,0,0,0,0,True,False,0
345.91999999999996,358.455,1626.1,56.349999999999994,11.5,0,0,0,0,0,True,False,0
345.91999999999996,358.455,1903.2499999999998,37.03,13.799999999999999,0,0,0,0,0,True,False,1
345.91999999999996,358.34,1743.3999999999999,40.94,16.099999999999998,0,0,0,0,0,True,False,0
345.91999999999996,358.455,1639.8999999999999,52.324999999999996,18.4,0,0,0,0,0,True,False,0
345.91999999999996,358.455,1700.85,45.309999999999995,20.7,0,0,0,0,0,True,False,0
345.80499999999995,358.22499999999997,1804.35,41.85999999999999,23.0,0,0,0,0,0,False,True,1
345.91999999999996,358.34,1803.1999999999998,41.4,26.45,0,0,0,0,0,True,False,0
346.03499999999997,358.57,2119.45,28.174999999999997,28.749999999999996,0,0,0,0,0,False,True,0
346.03499999999997,358.68499999999995,1701.9999999999998,47.035,32.199999999999996,0,0,0,0,0,False,True,1
346.15,358.79999999999995,1664.05,42.31999999999999,35.65,0,0,0,0,0,True,False,0
346.15,358.68499999999995,1672.1,48.184999999999995,37.949999999999996,0,0,0,0,0,True,False,0
346.03499999999997,358.68499999999995,1506.4999999999998,64.515,40.25,0,0,0,0,0,False,True,0
346.03499999999997,358.68499999999995,1739.9499999999998,43.699999999999996,43.699999999999996,0,0,0,0,0,False,False,0
346.03499999999997,358.68499999999995,2461.0,18.974999999999998,49.449999999999996,0,0,0,0,0,False,False,0
346.15,358.915,1583.55,57.38499999999999,55.199999999999996,0,0,0,0,0,True,False,1
346.15,358.915,1822.7499999999998,37.144999999999996,57.49999999999999,0,0,0,0,0,True,False,0
346.265,359.03,1714.6499999999999,48.989999999999995,59.8,0,0,0,0,0,False,False,0
346.15,359.03,1453.6,67.85,65.55,0,0,0,0,0,True,False,0
346.15,359.03,1577.8,54.05,67.85,0,0,0,0,0,True,False,0
346.15,359.03,1736.4999999999998,45.885,70.14999999999999,0,0,0,0,0,True,False,0
346.03499999999997,358.915,1636.4499999999998,46.23,72.44999999999999,0,0,0,0,0,True,False,0
346.265,359.145,1683.6,40.59499999999999,74.75,0,0,0,0,0,True,False,1
346.15,359.03,1842.3,41.285,77.05,0,0,0,0,0,True,False,0
346.15,359.03,1873.35,37.49,79.35,0,0,0,0,0,False,True,0
346.03499999999997,359.03,2082.6499999999996,26.679999999999996,82.8,0,0,0,0,0,True,False,0
346.03499999999997,358.915,1967.6499999999999,33.12,85.1,0,0,0,0,0,True,False,0
346.03499999999997,358.915,1491.55,55.89,87.39999999999999,0,0,0,0,0,False,True,0
346.15,358.915,1615.7499999999998,53.015,90.85,0,0,0,0,0,True,False,0
346.265,359.03,1606.55,63.13499999999999,93.14999999999999,0,0,0,0,0,True,False,0
346.265,359.145,1934.3,34.154999999999994,95.44999999999999,0,0,0,0,0,True,False,0
346.37999999999994,359.145,1757.1999999999998,44.16,97.74999999999999,0,0,0,0,0,True,False,0
346.37999999999994,359.145,1780.1999999999998,44.044999999999995,100.05,0,0,0,0,0,False,True,0
346.37999999999994,359.25999999999993,1604.2499999999998,54.96999999999999,103.49999999999999,0,0,0,0,0,False,False,0
346.37999999999994,359.25999999999993,1584.6999999999998,67.85,109.24999999999999,0,0,0,0,0,True,False,0
346.37999999999994,359.25999999999993,1701.9999999999998,61.525,111.55,0,0,0,0,0,True,False,1
346.37999999999994,359.25999999999993,1642.1999999999998,42.089999999999996,113.85,0,0,0,0,0,False,True,1
346.37999999999994,359.25999999999993,1730.7499999999998,45.54,117.3,0,0,0,0,0,False,True,0
346.15,359.145,1661.7499999999998,41.85999999999999,120.74999999999999,0,0,0,0,0,True,False,0
346.15,359.145,1711.1999999999998,48.989999999999995,123.05,0,0,0,0,0,True,False,0
346.15,359.03,1841.1499999999999,37.949999999999996,125.35,0,0,0,0,0,True,False,0
346.15,359.145,1782.4999999999998,40.135,127.64999999999999,0,0,0,0,0,True,False,0
346.15,359.03,1770.9999999999998,39.214999999999996,129.95,0,0,0,0,0,True,False,0
346.265,359.145,1825.05,39.675,132.25,0,0,0,0,0,True,False,0
346.15,359.03,1712.35,46.34499999999999,134.54999999999998,0,0,0,0,0,False,False,0
346.265,359.145,1708.8999999999999,40.135,140.29999999999998,0,0,0,0,0,True,False,0
346.265,359.25999999999993,1644.4999999999998,43.584999999999994,142.6,0,0,0,0,0,True,False,0
346.265,359.25999999999993,2080.35,28.865,144.89999999999998,0,0,0,0,0,False,True,0
346.265,359.145,1764.1,44.849999999999994,148.35,0,0,0,0,0,True,False,0
346.265,359.145,2129.7999999999997,29.784999999999997,150.64999999999998,0,0,0,0,0,False,True,0
346.265,359.145,1834.2499999999998,36.684999999999995,154.1,0,0,0,0,0,True,False,0
346.15,359.145,1637.6,50.025,156.39999999999998,0,0,0,0,0,True,False,0
346.15,359.03,2042.3999999999999,33.12,158.7,0,0,0,0,0,True,False,0
346.15,359.03,1723.85,47.724999999999994,161.0,0,0,0,0,0,False,True,0
346.15,359.03,3116.4999999999995,11.154999999999998,164.45,0,0,1,0,0,False,True,1
346.03499999999997,358.915,1562.85,59.455,167.89999999999998,0,0,0,0,0,True,False,1
346.03499999999997,358.915,1859.55,35.65,170.2,0,0,0,0,0,False,True,0
345.91999999999996,358.79999999999995,1659.4499999999998,61.294999999999995,173.64999999999998,0,0,0,0,0,False,True,0
345.91999999999996,358.79999999999995,1580.1,57.73,177.1,0,0,0,0,0,True,False,1
346.03499999999997,358.915,2128.6499999999996,26.45,179.39999999999998,0,0,0,0,0,False,True,0
345.91999999999996,358.79999999999995,1465.1,77.395,182.85,0,0,0,0,0,False,True,0
346.03499999999997,358.79999999999995,1762.9499999999998,50.599999999999994,186.29999999999998,0,0,0,0,0,True,False,0
345.91999999999996,358.79999999999995,1698.55,42.894999999999996,188.6,0,0,0,0,0,True,False,1
346.03499999999997,358.915,1681.3,52.9,190.89999999999998,0,0,0,0,0,True,False,0
346.15,358.915,1913.6,32.66,193.2,0,0,0,0,0,False,True,0
345.91999999999996,358.68499999999995,1626.1,47.265,196.64999999999998,0,0,0,0,0,True,False,0
346.03499999999997,358.79999999999995,2448.35,20.47,198.95,0,0,0,0,0,False,False,0
345.91999999999996,358.57,1521.4499999999998,70.265,204.7,0,0,0,0,0,True,False,0
345.91999999999996,358.57,1641.05,49.794999999999995,206.99999999999997,0,0,0,0,0,True,False,0
346.03499999999997,358.79999999999995,1581.2499999999998,64.515,209.29999999999998,0,0,0,0,0,False,True,0
346.03499999999997,358.79999999999995,1612.3,58.305,212.74999999999997,0,0,0,0,0,False,True,0
346.03499999999997,358.79999999999995,1724.9999999999998,50.83,216.2,0,0,0,0,0,True,False,0
346.15,358.79999999999995,1791.6999999999998,43.125,218.49999999999997,0,0,0,0,0,False,True,0
346.03499999999997,358.79999999999995,1664.05,47.60999999999999,221.95,0,0,0,0,0,False,True,0
346.15,358.79999999999995,1745.6999999999998,45.19499999999999,225.39999999999998,0,0,0,0,0,True,False,0
346.15,358.68499999999995,2172.35,27.025,227.7,0,0,0,0,0,True,False,0
346.15,358.915,1926.2499999999998,35.305,229.99999999999997,0,0,0,0,0,True,False,0
346.03499999999997,358.79999999999995,1977.9999999999998,32.084999999999994,232.29999999999998,0,0,0,0,0,False,False,0
346.15,358.79999999999995,1723.85,39.79,238.04999999999998,0,0,0,0,0,False,True,0
346.03499999999997,358.79999999999995,1657.1499999999999,50.36999999999999,241.49999999999997,0,0,0,0,0,True,False,0
346.03499999999997,358.79999999999995,1606.55,49.105,243.79999999999998,0,0,0,0,0,False,False,0
346.03499999999997,358.79999999999995,1716.9499999999998,44.505,249.54999999999998,0,0,0,0,0,True,False,0
345.91999999999996,358.79999999999995,1635.3,58.305,251.85,0,0,0,0,0,False,True,1
345.80499999999995,358.68499999999995,1608.85,57.73,255.29999999999998,0,0,0,1,0,True,False,1
345.69,358.68499999999995,1638.7499999999998,51.63499999999999,257.59999999999997,0,0,0,0,0,True,False,1
345.69,358.57,1726.1499999999999,51.519999999999996,259.9,0,0,0,0,0,True,False,0
345.69,358.68499999999995,1873.35,40.59499999999999,0.0,0,0,0,0,0,False,True,0
345.69,358.79999999999995,1713.4999999999998,48.53,3.4499999999999997,0,0,0,0,0,True,False,0
345.80499999999995,358.79999999999995,1782.4999999999998,37.26,5.75,0,0,0,0,0,True,False,0
345.91999999999996,358.79999999999995,1628.3999999999999,53.474999999999994,8.049999999999999,0,0,0,0,0,True,False,0
345.80499999999995,358.68499999999995,1707.7499999999998,44.61999999999999,10.35,0,0,0,0,0,True,False,0
345.80499999999995,358.57,1798.6,42.31999999999999,12.649999999999999,0,0,0,0,0,True,False,1
345.80499999999995,358.455,2196.5,22.654999999999998,14.95,0,0,0,0,0,True,False,0
345.80499999999995,358.455,1678.9999999999998,53.015,17.25,0,0,0,0,0,True,False,1
345.80499999999995,358.57,1843.4499999999998,39.214999999999996,19.549999999999997,0,0,0,0,0,True,False,0
345.80499999999995,358.57,1708.8999999999999,54.394999999999996,21.849999999999998,0,0,0,0,0,True,False,0
345.91999999999996,358.68499999999995,1793.9999999999998,36.57,24.15,0,0,0,0,0,True,False,0
345.91999999999996,358.68499999999995,1722.6999999999998,45.19499999999999,26.45,0,0,0,0,0,True,False,0
345.91999999999996,358.68499999999995,1645.6499999999999,55.775,28.749999999999996,0,0,0,0,0,False,False,1
345.91999999999996,358.68499999999995,1708.8999999999999,51.864999999999995,34.5,0,0,0,0,0,True,False,0
345.80499999999995,358.68499999999995,1708.8999999999999,41.169999999999995,36.8,0,0,0,0,0,True,False,0
345.80499999999995,358.57,1657.1499999999999,43.815,39.099999999999994,0,0,0,0,0,True,False,1
345.80499999999995,358.68499999999995,1570.8999999999999,63.364999999999995,41.4,0,0,0,0,0,False,True,0
345.69,358.57,1691.6499999999999,47.60999999999999,44.849999999999994,0,0,0,0,0,True,False,0
345.69,358.68499999999995,1682.4499999999998,43.93,47.15,0,0,0,0,0,True,False,1
345.69,358.68499999999995,1624.9499999999998,47.49499999999999,49.449999999999996,0,0,0,0,0,True,False,0
345.69,358.68499999999995,1844.6,35.074999999999996,51.74999999999999,0,0,0,0,0,False,False,0
345.80499999999995,358.79999999999995,1611.1499999999999,58.765,57.49999999999999,0,0,0,0,0,True,False,0
345.69,358.57,1899.8,31.279999999999998,59.8,0,0,0,0,0,True,False,0
345.575,358.68499999999995,1613.4499999999998,52.555,62.099999999999994,0,0,0,0,0,True,False,0
345.575,358.68499999999995,2170.0499999999997,24.955,64.39999999999999,0,0,0,0,0,True,False,0
345.4599999999999,358.57,1615.7499999999998,55.084999999999994,66.69999999999999,0,0,0,0,0,True,False,0
345.22999999999996,358.34,1720.3999999999999,47.265,69.0,0,0,0,0,0,False,False,1
345.115,358.22499999999997,1723.85,49.91,74.75,0,0,0,0,0,True,False,0
345.22999999999996,358.22499999999997,1781.35,42.78,77.05,0,0,0,0,0,True,False,1
345.34499999999997,358.34,1742.2499999999998,51.63499999999999,79.35,0,0,0,0,0,True,False,0
345.22999999999996,358.34,1770.9999999999998,43.355,81.64999999999999,0,0,0,0,0,True,False,0
345.22999999999996,358.22499999999997,1639.8999999999999,50.94499999999999,83.94999999999999,0,0,0,0,0,False,False,0
345.22999999999996,358.34,1684.7499999999998,47.60999999999999,89.69999999999999,0,0,0,0,0,False,True,0
345.34499999999997,358.34,1562.85,62.214999999999996,93.14999999999999,0,0,0,0,0,False,True,0
345.34499999999997,358.455,1783.6499999999999,41.85999999999999,96.6,0,0,0,0,0,False,True,0
345.575,358.57,1835.3999999999999,40.019999999999996,100.05,0,0,0,0,0,True,False,1
345.575,358.68499999999995,1920.4999999999998,30.244999999999997,102.35,0,0,0,0,0,False,True,0
345.4599999999999,358.68499999999995,2148.2,24.494999999999997,105.8,0,0,0,0,0,True,False,0
345.69,358.79999999999995,1713.4999999999998,45.769999999999996,108.1,0,0,0,0,0,False,True,0
345.575,358.68499999999995,1927.3999999999999,40.48,111.55,0,0,0,0,0,False,True,0
345.575,358.68499999999995,2156.25,25.415,114.99999999999999,0,0,0,0,0,False,True,0
345.575,358.79999999999995,2147.0499999999997,26.45,118.44999999999999,0,0,0,0,0,False,True,0
345.575,358.79999999999995,1892.8999999999999,33.925,121.89999999999999,0,0,0,0,0,True,False,0
345.575,358.79999999999995,1581.2499999999998,49.68,124.19999999999999,0,0,0,0,0,False,False,0
345.575,358.79999999999995,1791.6999999999998,42.205,129.95,0,0,0,0,0,True,False,1
345.4599999999999,358.79999999999995,1875.6499999999999,40.135,132.25,0,0,0,0,0,True,False,0
345.4599999999999,358.79999999999995,1570.8999999999999,49.449999999999996,134.54999999999998,0,0,0,0,0,True,False,0
345.34499999999997,358.57,1563.9999999999998,55.199999999999996,136.85,0,0,0,0,0,True,False,0
345.34499999999997,358.57,1779.05,45.655,139.14999999999998,0,0,0,0,0,True,False,0
345.34499999999997,358.455,1806.6499999999999,35.879999999999995,141.45,0,0,0,0,0,True,False,1
345.22999999999996,358.22499999999997,1757.1999999999998,41.515,143.75,0,0,0,0,0,True,False,0
345.22999999999996,358.22499999999997,1646.8,50.14,146.04999999999998,0,0,0,0,0,False,False,1
345.22999999999996,358.34,1559.3999999999999,61.525,151.79999999999998,0,0,0,0,0,True,False,0
345.115,358.22499999999997,1635.3,53.13,154.1,0,0,0,0,0,False,False,0
345.115,358.10999999999996,1653.6999999999998,48.53,159.85,0,0,0,0,0,True,False,0
345.22999999999996,358.10999999999996,1705.4499999999998,51.059999999999995,162.14999999999998,0,0,0,0,0,True,False,1
345.22999999999996,358.10999999999996,1530.6499999999999,57.26999999999999,164.45,0,0,0,0,0,True,False,0
345.22999999999996,358.10999999999996,1682.4499999999998,43.125,166.75,0,0,0,0,0,True,False,0
345.115,358.10999999999996,1662.8999999999999,46.69,169.04999999999998,0,0,0,0,0,True,False,0
345.115,358.10999999999996,1559.3999999999999,52.555,171.35,0,0,0,0,0,True,False,0
345.115,357.995,1927.3999999999999,34.845,173.64999999999998,0,0,0,0,0,True,False,1
345.115,358.10999999999996,2196.5,26.45,175.95,0,0,0,0,0,True,False,1
345.22999999999996,358.34,1581.2499999999998,65.43499999999999,178.25,0,0,0,0,0,True,False,0
345.22999999999996,358.34,1739.9499999999998,46.919999999999995,180.54999999999998,0,0,0,0,0,False,True,0
345.22999999999996,358.34,1737.6499999999999,41.055,184.0,0,0,0,0,0,True,False,0
345.22999999999996,358.34,1911.3,33.12,186.29999999999998,0,0,0,0,0,False,False,1
345.22999999999996,358.455,1716.9499999999998,55.544999999999995,192.04999999999998,0,0,0,0,0,True,False,0
345.22999999999996,358.455,1788.2499999999998,43.01,194.35,0,0,0,0,0,False,True,0
345.34499999999997,358.455,1669.8,47.724999999999994,197.79999999999998,0,0,0,0,0,True,False,0
345.22999999999996,358.34,1724.9999999999998,44.849999999999994,200.1,0,0,0,0,0,True,False,0
345.22999999999996,358.455,1843.4499999999998,35.074999999999996,202.39999999999998,0,0,0,0,0,True,False,0
345.34499999999997,358.455,1934.3,31.97,204.7,0,0,0,0,0,True,False,1
345.34499999999997,358.57,1802.05,43.355,206.99999999999997,0,0,0,0,0,True,False,0
345.34499999999997,358.57,1624.9499999999998,52.9,209.29999999999998,0,0,0,0,0,True,False,1
345.34499999999997,358.68499999999995,1643.35,47.839999999999996,211.6,0,0,0,0,0,False,True,1
345.34499999999997,358.68499999999995,1945.8,36.224999999999994,215.04999999999998,0,0,0,0,0,True,False,0
345.4599999999999,358.68499999999995,1697.3999999999999,56.004999999999995,217.35,0,0,0,0,0,True,False,1
345.4599999999999,358.79999999999995,1835.3999999999999,34.959999999999994,219.64999999999998,0,0,0,0,0,False,True,1
345.34499999999997,358.68499999999995,1598.4999999999998,56.349999999999994,223.1,0,0,0,0,0,False,False,0
345.34499999999997,358.57,1848.05,38.755,228.85,0,0,0,0,0,False,True,0
345.34499999999997,358.455,2094.1499999999996,30.244999999999997,232.29999999999998,0,0,0,0,0,True,False,0
345.34499999999997,358.57,2462.1499999999996,21.275,234.6,0,0,0,0,0,False,False,0
345.4599999999999,358.57,1785.9499999999998,38.065,240.35,1,0,0,0,0,False,True,1
345.4599999999999,358.57,1658.3,51.864999999999995,0.0,0,0,0,0,0,False,True,0
345.4599999999999,358.455,1677.85,52.44,3.4499999999999997,0,0,0,0,0,True,False,0
345.4599999999999,358.57,2870.3999999999996,15.524999999999999,5.75,0,0,0,0,0,False,False,0
345.4599999999999,358.57,1572.05,65.78,11.5,0,0,0,0,0,True,False,0
345.34499999999997,358.57,2304.6,22.54,13.799999999999999,0,0,0,0,0,True,False,1
345.34499999999997,358.455,1616.8999999999999,54.62499999999999,16.099999999999998,0,0,0,0,0,True,False,1
345.34499999999997,358.57,1780.1999999999998,37.949999999999996,18.4,0,0,0,0,0,True,False,0
345.34499999999997,358.455,1532.9499999999998,63.48,20.7,0,0,0,0,0,True,False,0
345.22999999999996,358.34,2032.05,30.359999999999996,23.0,0,0,0,0,0,True,False,0
345.22999999999996,358.34,2101.0499999999997,31.049999999999997,25.299999999999997,0,0,0,0,0,True,False,0
345.22999999999996,358.34,1762.9499999999998,53.35999999999999,27.599999999999998,0,0,0,0,0,False,True,0
345.22999999999996,358.22499999999997,1742.2499999999998,42.31999999999999,31.049999999999997,0,0,0,0,0,False,False,1
345.22999999999996,358.10999999999996,1803.1999999999998,47.15,36.8,0,0,0,0,0,True,False,0
345.22999999999996,358.10999999999996,1669.8,54.96999999999999,39.099999999999994,0,0,0,0,0,True,False,0
345.22999999999996,358.10999999999996,1647.9499999999998,43.584999999999994,41.4,0,0,0,0,0,True,False,0
345.115,357.995,1897.4999999999998,38.86999999999999,43.699999999999996,0,0,0,0,0,False,True,0
345.115,358.10999999999996,1873.35,35.995,47.15,0,0,0,0,0,True,False,1
345.0,357.995,1747.9999999999998,45.08,49.449999999999996,0,0,0,0,0,True,False,0
345.0,357.87999999999994,1601.9499999999998,49.565,51.74999999999999,0,0,0,0,0,False,False,0
344.88499999999993,357.87999999999994,1568.6,57.04,57.49999999999999,0,0,0,0,0,False,False,0
344.88499999999993,357.995,1597.35,57.49999999999999,63.24999999999999,0,0,0,0,0,False,True,0
344.77,357.765,1685.8999999999999,53.015,66.69999999999999,0,0,0,0,0,True,False,0
344.655,357.765,1897.4999999999998,37.26,69.0,0,0,0,0,0,True,False,1
344.54,357.65,1787.1,41.74499999999999,71.3,0,0,0,0,0,True,False,0
344.54,357.53499999999997,1695.1,45.655,73.6,0,0,0,0,0,False,True,0
344.42499999999995,357.41999999999996,1839.9999999999998,37.26,77.05,0,0,0,0,0,False,False,0
344.42499999999995,357.41999999999996,1559.3999999999999,63.13499999999999,82.8,0,0,0,0,0,True,False,0
344.42499999999995,357.41999999999996,1806.6499999999999,43.93,85.1,0,0,0,0,0,True,False,0
344.54,357.53499999999997,1906.6999999999998,32.199999999999996,87.39999999999999,0,0,0,0,0,True,False,0
344.54,357.41999999999996,1601.9499999999998,57.38499999999999,89.69999999999999,0,0,0,0,0,True,False,0
344.655,357.65,1665.1999999999998,57.26999999999999,92.0,0,0,0,0,0,False,True,0
344.655,357.53499999999997,1698.55,46.459999999999994,95.44999999999999,0,0,0,0,0,True,False,0
344.655,357.65,1731.8999999999999,49.105,97.74999999999999,0,0,0,0,0,False,True,0
344.655,357.53499999999997,1937.7499999999998,36.915,101.19999999999999,0,0,0,0,0,False,True,0
344.54,357.53499999999997,1762.9499999999998,36.57,104.64999999999999,0,0,0,0,0,True,False,0
344.42499999999995,357.41999999999996,1664.05,47.15,106.94999999999999,0,0,0,0,0,True,False,0
344.42499999999995,357.30499999999995,1711.1999999999998,45.425,109.24999999999999,0,0,0,0,0,False,True,0
344.54,357.41999999999996,1641.05,57.959999999999994,112.69999999999999,0,0,0,0,0,False,True,0
344.42499999999995,357.30499999999995,1637.6,47.49499999999999,116.14999999999999,0,0,0,0,0,False,True,0
344.42499999999995,357.30499999999995,1692.8,47.035,119.6,0,0,0,0,0,True,False,1
344.42499999999995,357.30499999999995,1653.6999999999998,52.555,121.89999999999999,0,0,0,0,0,True,False,0
344.54,357.41999999999996,1733.05,48.76,124.19999999999999,0,0,0,0,0,True,False,0
344.54,357.30499999999995,1601.9499999999998,59.915,126.49999999999999,0,0,0,0,0,True,False,0
344.42499999999995,357.41999999999996,1475.4499999999998,60.25999999999999,128.79999999999998,0,0,0,0,0,True,False,0
344.54,357.41999999999996,1890.6,35.535,131.1,0,0,0,0,0,True,False,0
344.54,357.41999999999996,1722.6999999999998,53.934999999999995,133.39999999999998,0,0,0,0,0,True,False,0
344.54,357.41999999999996,1609.9999999999998,46.919999999999995,135.7,0,0,0,0,0,True,False,0
344.54,357.53499999999997,1930.85,35.879999999999995,138.0,0,0,0,0,0,False,False,0
344.655,357.765,1860.6999999999998,34.845,143.75,0,0,0,0,0,False,True,0
344.54,357.65,1971.1,34.73,147.2,0,0,0,0,0,False,False,1
344.54,357.65,1810.1,40.25,152.95,0,0,0,0,0,True,False,0
344.655,357.765,1810.1,41.85999999999999,155.25,0,0,0,0,0,True,False,0
344.54,357.53499999999997,1692.8,47.035,157.54999999999998,0,0,0,0,0,True,False,0
344.54,357.65,1784.8,38.18,159.85,0,0,0,0,0,True,False,0
344.655,357.765,1843.4499999999998,36.10999999999999,162.14999999999998,0,0,0,0,0,True,False,0
344.655,357.765,1555.9499999999998,54.165,164.45,0,0,0,0,0,False,False,0
344.655,357.765,1943.4999999999998,35.19,170.2,0,0,0,0,0,True,False,0
344.77,357.87999999999994,2006.7499999999998,30.244999999999997,172.5,0,0,0,0,0,False,True,0
344.88499999999993,357.995,1750.3,52.555,175.95,0,0,0,0,0,True,False,0
345.0,358.10999999999996,1887.1499999999999,39.675,178.25,0,0,0,0,0,False,False,0
344.88499999999993,358.10999999999996,1835.3999999999999,33.23499999999999,184.0,0,0,0,0,0,True,False,0
344.88499999999993,358.10999999999996,1721.55,42.55,186.29999999999998,0,0,0,0,0,False,False,0
344.88499999999993,357.995,1576.6499999999999,60.14499999999999,192.04999999999998,0,0,0,0,0,True,False,1
344.88499999999993,357.995,1661.7499999999998,47.38,194.35,0,0,0,0,0,False,True,0
344.77,357.87999999999994,1798.6,46.0,197.79999999999998,0,0,0,0,0,True,False,0
344.655,357.765,1654.85,51.63499999999999,200.1,0,0,0,0,0,True,False,1
344.655,357.87999999999994,1554.8,59.915,202.39999999999998,0,0,0,0,0,True,False,1
344.77,357.995,1793.9999999999998,40.709999999999994,204.7,0,0,0,0,0,True,False,0
344.655,357.87999999999994,1858.3999999999999,48.644999999999996,206.99999999999997,0,0,0,0,0,False,True,0
344.655,357.87999999999994,2110.25,27.254999999999995,210.45,0,0,0,0,0,True,False,0
344.655,357.765,1896.35,37.605,212.74999999999997,0,0,0,0,0,False,True,0
344.77,357.765,1669.8,54.394999999999996,216.2,0,0,0,0,0,True,False,0
344.77,357.765,2465.6,20.354999999999997,218.49999999999997,0,0,0,0,0,True,False,0
344.655,357.765,1787.1,47.15,220.79999999999998,0,0,0,0,0,True,False,0
344.655,357.65,2101.0499999999997,29.209999999999997,223.1,0,0,0,0,0,True,False,0
344.54,357.53499999999997,1665.1999999999998,53.24499999999999,225.39999999999998,0,0,0,0,0,True,False,0
344.54,357.53499999999997,1759.4999999999998,44.61999999999999,227.7,0,0,0,0,0,False,True,0
344.655,357.65,2280.45,24.15,231.14999999999998,0,0,0,0,0,True,False,0
344.655,357.53499999999997,1862.9999999999998,42.78,233.45,0,0,0,0,0,False,True,1
344.54,357.53499999999997,1874.4999999999998,34.269999999999996,236.89999999999998,0,0,0,0,0,False,True,0
344.54,357.53499999999997,1413.35,74.98,240.35,0,0,0,1,0,True,False,0
344.42499999999995,357.41999999999996,2153.95,25.645,242.64999999999998,0,0,0,0,0,True,False,0
344.30999999999995,357.30499999999995,1639.8999999999999,52.555,244.95,0,0,0,0,0,True,False,0
344.30999999999995,357.41999999999996,1582.3999999999999,61.98499999999999,247.24999999999997,0,0,0,1,0,True,False,0
344.30999999999995,357.41999999999996,1865.3,38.64,249.54999999999998,0,0,0,0,0,True,False,0
344.30999999999995,357.30499999999995,1715.8,52.555,251.85,0,0,0,0,0,False,True,0
344.195,357.30499999999995,1580.1,56.23499999999999,255.29999999999998,0,0,0,0,0,False,True,0
344.08,357.30499999999995,1997.55,31.049999999999997,258.75,1,0,0,0,0,True,False,1
344.195,357.41999999999996,1639.8999999999999,48.76,0.0,0,0,0,0,0,True,False,1
344.195,357.53499999999997,2099.8999999999996,28.865,2.3,0,0,0,0,0,False,True,0
344.195,357.53499999999997,1919.35,37.26,5.75,0,0,0,0,0,True,False,0
344.30999999999995,357.53499999999997,1693.9499999999998,46.114999999999995,8.049999999999999,0,0,0,0,0,False,True,0
344.30999999999995,357.53499999999997,2013.6499999999999,31.97,11.5,0,0,0,0,0,True,False,1
344.30999999999995,357.53499999999997,1662.8999999999999,54.394999999999996,13.799999999999999,0,0,0,0,0,False,True,0
344.195,357.41999999999996,1705.4499999999998,50.025,17.25,0,0,0,0,0,True,False,0
344.08,357.30499999999995,1765.2499999999998,48.989999999999995,19.549999999999997,0,0,0,0,0,True,False,0
344.08,357.30499999999995,1698.55,50.599999999999994,21.849999999999998,0,0,0,0,0,True,False,0
344.195,357.41999999999996,1599.6499999999999,53.934999999999995,24.15,0,0,0,0,0,True,False,0
344.08,357.30499999999995,1881.3999999999999,33.809999999999995,26.45,0,0,0,0,0,False,False,1
344.08,357.19,1926.2499999999998,38.294999999999995,32.199999999999996,0,0,0,0,0,True,False,1
344.08,357.075,1528.35,56.23499999999999,34.5,0,0,0,0,0,False,False,0
344.08,357.075,1780.1999999999998,38.525,40.25,0,0,0,0,0,False,True,0
344.08,357.075,1599.6499999999999,52.669999999999995,43.699999999999996,0,0,0,0,0,True,False,0
343.965,357.075,1652.55,49.565,46.0,0,0,0,0,0,True,False,0
344.08,357.19,1575.4999999999998,71.18499999999999,48.3,0,0,0,0,0,True,False,1
343.965,357.19,1813.55,42.665,50.599999999999994,0,0,0,0,0,True,False,0
343.965,357.075,1707.7499999999998,43.46999999999999,52.9,0,0,0,0,0,True,False,0
343.84999999999997,356.9599999999999,1729.6,39.44499999999999,55.199999999999996,0,0,0,0,0,True,False,0
343.73499999999996,356.84499999999997,1783.6499999999999,40.48,57.49999999999999,0,0,0,0,0,False,True,0
343.965,357.075,1642.1999999999998,49.449999999999996,60.949999999999996,0,0,0,0,0,False,True,0
343.84999999999997,357.075,2018.2499999999998,32.084999999999994,64.39999999999999,0,0,0,0,0,True,False,1
343.965,357.075,1528.35,63.13499999999999,66.69999999999999,0,0,0,0,0,True,False,0
343.965,357.075,1720.3999999999999,40.48,69.0,0,0,0,0,0,True,False,0
343.965,357.075,1761.8,42.089999999999996,71.3,0,0,0,0,0,True,False,0
343.965,357.075,1597.35,70.61,73.6,0,0,0,0,0,True,False,1
343.965,356.9599999999999,1752.6,59.10999999999999,75.89999999999999,0,0,0,0,0,False,True,0
343.965,356.9599999999999,1635.3,56.69499999999999,79.35,0,0,0,0,0,False,True,1
343.965,357.075,1999.85,31.509999999999994,82.8,0,0,0,0,0,True,False,1
343.965,357.075,1996.3999999999999,30.934999999999995,85.1,0,0,0,0,0,True,False,1
343.965,357.075,1631.85,56.11999999999999,87.39999999999999,0,0,0,0,0,True,False,1
343.965,357.19,1524.8999999999999,57.155,89.69999999999999,0,0,0,0,0,True,False,0
343.965,357.19,1666.35,49.68,92.0,0,0,0,0,0,False,True,0
344.08,357.19,1764.1,45.655,95.44999999999999,0,0,0,0,0,True,False,0
344.08,357.19,1659.4499999999998,58.535,97.74999999999999,0,0,0,0,0,False,True,0
344.08,357.19,1722.6999999999998,47.265,101.19999999999999,0,0,0,0,0,True,False,0
343.965,357.19,2065.3999999999996,29.9,103.49999999999999,0,0,0,0,0,True,False,0
343.965,356.9599999999999,1746.85,52.09499999999999,105.8,0,0,0,0,0,True,False,0
343.84999999999997,356.9599999999999,1539.85,57.04,108.1,0,0,0,0,0,True,False,0
343.84999999999997,356.9599999999999,1705.4499999999998,47.724999999999994,110.39999999999999,0,0,0,0,0,True,False,0
343.73499999999996,356.72999999999996,2413.85,23.0,112.69999999999999,0,0,0,0,0,False,True,1
343.84999999999997,356.84499999999997,1942.35,34.154999999999994,116.14999999999999,0,0,0,0,0,False,True,0
343.965,356.9599999999999,1574.35,62.675,119.6,0,0,0,0,0,False,False,0
343.84999999999997,356.9599999999999,1738.8,44.61999999999999,125.35,0,0,0,0,0,True,False,0
343.84999999999997,356.84499999999997,1498.4499999999998,78.88999999999999,127.64999999999999,0,0,1,0,0,False,True,1
343.84999999999997,356.84499999999997,1784.8,45.885,131.1,0,0,0,0,0,True,False,0
343.84999999999997,356.9599999999999,1969.9499999999998,32.199999999999996,133.39999999999998,0,0,0,0,0,True,False,0
343.73499999999996,356.84499999999997,1674.3999999999999,50.714999999999996,135.7,0,0,0,0,0,True,False,0
343.84999999999997,356.9599999999999,1752.6,45.769999999999996,138.0,0,0,0,0,0,True,False,0
343.84999999999997,356.9599999999999,1603.1,51.98,140.29999999999998,0,0,0,0,0,False,True,0
343.84999999999997,356.9599999999999,2278.1499999999996,24.38,143.75,0,0,0,0,0,True,False,0
343.84999999999997,356.9599999999999,1799.7499999999998,41.515,146.04999999999998,0,0,0,0,0,True,False,0
343.965,356.9599999999999,1905.55,35.65,148.35,0,0,0,0,0,True,False,0
343.84999999999997,356.9599999999999,1868.7499999999998,42.665,150.64999999999998,0,0,0,0,0,False,True,0
343.84999999999997,356.9599999999999,1846.8999999999999,35.765,154.1,0,0,0,0,0,True,False,0
343.84999999999997,357.075,1536.3999999999999,65.32,156.39999999999998,0,0,0,0,0,False,False,0
343.84999999999997,357.19,1825.05,39.33,162.14999999999998,0,0,0,0,0,False,True,0
343.965,357.19,1842.3,45.655,165.6,0,0,0,0,0,True,False,0
343.965,357.075,1691.6499999999999,44.16,167.89999999999998,0,0,0,0,0,True,False,0
343.965,357.19,1531.8,55.199999999999996,170.2,0,0,0,0,0,False,False,0
344.08,357.19,1649.1,55.66,175.95,0,0,0,0,0,False,False,1
343.965,357.19,2209.1499999999996,27.484999999999996,181.7,0,0,0,0,0,True,False,0
344.08,357.19,1959.6,35.19,184.0,0,0,0,0,0,False,False,1
343.965,357.19,1606.55,56.925,189.74999999999997,0,0,0,0,0,False,True,1
343.965,357.19,2059.6499999999996,32.199999999999996,193.2,0,0,0,0,0,False,False,0
343.965,357.19,2090.7,27.715,198.95,0,0,0,0,0,True,False,0
344.08,357.30499999999995,1770.9999999999998,41.74499999999999,201.24999999999997,0,0,0,0,0,True,False,0
344.08,357.41999999999996,1727.3,45.769999999999996,203.54999999999998,0,0,0,0,0,False,True,1
344.08,357.41999999999996,2025.1499999999999,34.959999999999994,206.99999999999997,0,0,0,0,0,False,False,1
343.965,357.41999999999996,1744.55,44.16,212.74999999999997,0,0,0,0,0,False,True,1
343.965,357.30499999999995,1505.35,58.765,216.2,0,0,0,0,0,True,False,0
343.73499999999996,357.19,1567.4499999999998,60.489999999999995,218.49999999999997,0,0,0,0,0,True,False,1
343.84999999999997,357.19,2055.0499999999997,25.529999999999998,220.79999999999998,0,0,0,0,0,False,True,1
343.73499999999996,357.075,1885.9999999999998,33.58,224.24999999999997,0,0,0,0,0,True,False,0
343.73499999999996,357.19,1977.9999999999998,29.095,226.54999999999998,0,0,0,0,0,False,True,0
343.62,357.075,1591.6,60.71999999999999,229.99999999999997,0,0,0,0,0,True,False,0
343.62,357.075,1488.1,64.16999999999999,232.29999999999998,0,0,0,0,0,False,False,0
343.62,357.075,1683.6,53.35999999999999,238.04999999999998,0,0,0,0,0,True,False,0
343.62,357.19,2073.45,29.209999999999997,240.35,0,0,0,0,0,True,False,0
343.62,357.19,1842.3,44.964999999999996,242.64999999999998,0,0,0,0,0,True,False,0
343.73499999999996,357.19,1746.85,44.61999999999999,244.95,0,0,0,0,0,False,False,0
343.73499999999996,357.30499999999995,1883.6999999999998,38.64,250.7,0,0,0,0,0,False,True,0
343.73499999999996,357.19,1857.2499999999998,37.949999999999996,254.14999999999998,0,0,0,0,0,False,False,0
343.62,357.19,1898.6499999999999,38.294999999999995,0.0,0,0,0,0,0,True,False,0
343.73499999999996,357.19,1595.05,60.605,2.3,0,0,0,0,0,True,False,0
343.62,357.075,1929.6999999999998,37.71999999999999,4.6,0,0,0,0,0,False,True,0
343.73499999999996,357.19,1822.7499999999998,43.815,8.049999999999999,0,0,0,0,0,True,False,0
343.62,357.19,1885.9999999999998,38.86999999999999,10.35,0,0,0,0,0,False,True,0
343.73499999999996,357.19,1616.8999999999999,50.36999999999999,13.799999999999999,0,0,0,0,0,True,False,0
343.73499999999996,357.19,1930.85,41.169999999999995,16.099999999999998,0,0,0,0,0,False,True,0
343.73499999999996,357.075,1974.55,30.934999999999995,19.549999999999997,0,0,0,0,0,True,False,0
343.73499999999996,357.075,1643.35,45.885,21.849999999999998,0,0,0,0,0,False,False,1
343.73499999999996,356.9599999999999,1762.9499999999998,51.059999999999995,27.599999999999998,0,0,0,0,0,False,True,0
343.73499999999996,357.075,1753.7499999999998,44.275,31.049999999999997,0,0,0,0,0,False,True,0
343.73499999999996,356.9599999999999,1999.85,30.244999999999997,34.5,0,0,0,0,0,True,False,0
343.73499999999996,356.84499999999997,1651.3999999999999,44.849999999999994,36.8,0,0,0,0,0,True,False,0
343.62,356.72999999999996,1834.2499999999998,38.065,39.099999999999994,0,0,0,0,0,False,True,0
343.50499999999994,356.615,1650.2499999999998,52.44,42.55,0,0,0,0,0,False,False,1
343.50499999999994,356.5,1882.55,36.57,48.3,0,0,0,0,0,True,False,1
343.50499999999994,356.615,1791.6999999999998,43.239999999999995,50.599999999999994,0,0,0,0,0,True,False,0
343.50499999999994,356.615,1890.6,39.214999999999996,52.9,0,0,0,0,0,False,True,0
343.50499999999994,356.615,1887.1499999999999,35.765,56.349999999999994,0,0,0,0,0,True,False,1
343.62,356.72999999999996,1729.6,47.15,58.65,0,0,0,0,0,True,False,0
343.50499999999994,356.615,1731.8999999999999,58.305,60.949999999999996,0,0,0,0,0,False,True,0
343.62,356.615,1586.9999999999998,50.599999999999994,64.39999999999999,0,0,0,0,0,False,False,0
343.50499999999994,356.615,1781.35,48.87499999999999,70.14999999999999,0,0,0,0,0,False,True,0
343.50499999999994,356.615,1612.3,80.155,73.6,0,0,1,0,0,False,True,0
343.50499999999994,356.615,1611.1499999999999,52.09499999999999,77.05,0,0,0,0,0,True,False,0
343.50499999999994,356.5,1677.85,46.23,79.35,0,0,0,0,0,False,True,0
343.50499999999994,356.38499999999993,1684.7499999999998,45.655,82.8,0,0,0,0,0,True,False,0
343.62,356.5,1489.2499999999998,60.605,85.1,0,0,0,0,0,False,True,0
343.62,356.5,1758.35,44.275,88.55,0,0,0,0,0,False,True,0
343.62,356.5,1706.6,51.63499999999999,92.0,0,0,0,0,0,False,True,0
343.62,356.38499999999993,1999.85,35.19,95.44999999999999,0,0,0,0,0,True,False,0
343.50499999999994,356.27,1635.3,46.805,97.74999999999999,0,0,0,0,0,False,False,0
343.62,356.27,1682.4499999999998,46.0,103.49999999999999,0,0,0,0,0,True,False,1
343.50499999999994,356.155,1917.05,34.959999999999994,105.8,0,0,0,0,0,True,False,0
343.50499999999994,356.155,1799.7499999999998,45.19499999999999,108.1,0,0,0,0,0,False,False,0
343.50499999999994,356.155,1601.9499999999998,52.555,113.85,0,0,0,0,0,True,False,0
343.62,356.155,1670.9499999999998,54.855,116.14999999999999,0,0,0,0,0,False,True,0
343.62,356.04,1658.3,57.49999999999999,119.6,0,0,0,0,0,True,False,1
343.50499999999994,356.04,1568.6,51.63499999999999,121.89999999999999,0,0,0,0,0,True,False,1
343.50499999999994,355.92499999999995,1670.9499999999998,46.459999999999994,124.19999999999999,0,0,0,0,0,False,False,1
343.50499999999994,355.92499999999995,1603.1,52.9,129.95,0,0,0,0,0,False,True,0
343.50499999999994,355.92499999999995,1724.9999999999998,44.61999999999999,133.39999999999998,0,0,0,0,0,False,True,0
343.39,355.92499999999995,1751.4499999999998,39.33,136.85,0,0,0,0,0,False,False,0
343.50499999999994,356.04,1442.1,65.66499999999999,142.6,0,0,0,0,0,False,True,0
343.39,355.92499999999995,1523.7499999999998,60.03,146.04999999999998,0,0,0,0,0,True,False,0
343.62,356.155,1637.6,57.04,148.35,0,0,0,0,0,True,False,0
343.62,356.155,1730.7499999999998,44.849999999999994,150.64999999999998,0,0,0,0,0,True,False,1
343.62,356.155,1600.8,56.004999999999995,152.95,0,0,0,0,0,False,True,0
343.62,356.155,1758.35,50.599999999999994,156.39999999999998,0,0,0,0,0,True,False,0
343.62,356.155,1698.55,55.775,158.7,0,0,0,0,0,False,True,0
343.62,356.155,1677.85,54.394999999999996,162.14999999999998,0,0,0,0,0,False,True,0
343.84999999999997,356.27,2576.0,18.285,165.6,0,0,0,0,0,False,True,0
343.73499999999996,356.155,1666.35,56.11999999999999,169.04999999999998,0,0,0,0,0,True,False,1
343.62,356.155,1827.35,40.59499999999999,171.35,0,0,0,0,0,False,True,0
343.62,356.155,2000.9999999999998,32.775,174.79999999999998,0,0,0,0,0,True,False,0
343.62,356.155,1723.85,46.34499999999999,177.1,0,0,0,0,0,False,True,0
343.62,356.155,1701.9999999999998,43.815,180.54999999999998,0,0,0,0,0,False,True,0
343.62,356.155,2013.6499999999999,34.04,184.0,0,0,0,0,0,True,False,0
343.50499999999994,356.155,1736.4999999999998,46.69,186.29999999999998,0,0,0,0,0,True,False,0
343.62,356.27,1652.55,55.43,188.6,0,0,0,0,0,False,False,0
343.62,356.155,1850.35,46.459999999999994,194.35,0,0,0,0,0,True,False,0
343.62,356.27,1713.4999999999998,41.285,196.64999999999998,0,0,0,0,0,False,False,1
343.50499999999994,356.155,1841.1499999999999,41.055,202.39999999999998,0,0,0,0,0,True,False,0
343.50499999999994,356.04,1914.7499999999998,35.765,204.7,0,0,0,0,0,True,False,0
343.50499999999994,356.04,1669.8,49.105,206.99999999999997,0,0,0,0,0,False,True,0
343.50499999999994,355.92499999999995,1710.05,38.64,210.45,0,0,0,0,0,False,True,0
343.50499999999994,356.04,1589.3,55.315,213.89999999999998,0,0,0,0,0,False,True,0
343.50499999999994,356.04,1938.8999999999999,30.129999999999995,217.35,0,0,0,0,0,False,True,1
343.39,356.04,1714.6499999999999,42.434999999999995,220.79999999999998,0,0,0,0,0,True,False,0
343.50499999999994,356.04,1658.3,63.94,223.1,0,0,0,0,0,True,False,0
343.39,356.04,1598.4999999999998,57.84499999999999,225.39999999999998,0,0,0,0,0,True,False,0
343.50499999999994,356.04,1727.3,53.705,227.7,0,0,0,0,0,True,False,0
343.39,356.04,1545.6,68.30999999999999,229.99999999999997,0,0,0,0,0,False,True,0
343.275,355.92499999999995,1592.7499999999998,53.24499999999999,233.45,1,0,0,0,0,True,False,1
343.50499999999994,356.155,1779.05,43.01,0.0,0,0,0,0,0,True,False,0
343.39,356.04,1753.7499999999998,48.76,2.3,0,0,0,0,0,False,True,1
343.39,356.04,1770.9999999999998,41.169999999999995,5.75,0,0,0,0,0,True,False,1
343.39,355.92499999999995,1667.4999999999998,50.94499999999999,8.049999999999999,0,0,0,0,0,True,False,1
343.39,356.04,1555.9499999999998,71.875,10.35,0,0,0,0,0,True,False,1
343.62,356.155,1819.3,51.74999999999999,12.649999999999999,0,0,0,0,0,True,False,0
343.73499999999996,356.27,1605.3999999999999,56.349999999999994,14.95,0,0,0,0,0,True,False,1
343.62,356.27,1783.6499999999999,42.089999999999996,17.25,0,0,0,0,0,False,True,0
343.73499999999996,356.27,2111.3999999999996,26.22,20.7,0,0,0,0,0,False,True,0
343.73499999999996,356.27,1598.4999999999998,57.38499999999999,24.15,0,0,0,0,0,True,False,0
343.73499999999996,356.27,1764.1,48.415,26.45,0,0,0,0,0,True,False,0
343.62,356.155,2245.95,23.69,28.749999999999996,0,0,0,0,0,True,False,0
343.62,356.27,1879.1,38.64,31.049999999999997,0,0,0,0,0,True,False,1
343.50499999999994,356.155,2163.1499999999996,24.955,33.349999999999994,0,0,0,0,0,True,False,0
343.62,356.155,1665.1999999999998,51.519999999999996,35.65,0,0,0,0,0,False,True,0
343.50499999999994,356.155,1566.3,58.074999999999996,39.099999999999994,0,0,0,0,0,False,True,0
343.62,356.155,1408.75,72.91,42.55,0,0,0,0,0,True,False,1
343.62,356.04,1591.6,55.43,44.849999999999994,0,0,0,0,0,False,True,0
343.62,356.27,1534.1,56.69499999999999,48.3,0,0,0,0,0,True,False,0
343.62,356.155,1536.3999999999999,57.84499999999999,50.599999999999994,0,0,0,0,0,True,False,1
343.62,356.38499999999993,1530.6499999999999,70.83999999999999,52.9,0,0,0,0,0,False,True,0
343.62,356.38499999999993,1873.35,36.684999999999995,56.349999999999994,0,0,0,0,0,True,False,0
343.73499999999996,356.5,2042.3999999999999,29.554999999999996,58.65,0,0,0,0,0,True,False,0
343.62,356.5,1759.4999999999998,44.044999999999995,60.949999999999996,0,0,0,0,0,False,False,0
343.73499999999996,356.5,1976.85,31.395,66.69999999999999,0,0,0,0,0,True,False,0
343.62,356.38499999999993,1719.2499999999998,40.48,69.0,0,0,0,0,0,False,True,0
343.62,356.155,1667.4999999999998,49.565,72.44999999999999,0,0,0,0,0,True,False,0
343.62,356.27,1797.4499999999998,44.61999999999999,74.75,0,0,0,0,0,False,False,1
343.73499999999996,356.38499999999993,1726.1499999999999,42.665,80.5,0,0,0,0,0,False,True,0
343.62,356.38499999999993,1553.6499999999999,54.28,83.94999999999999,0,0,0,0,0,True,False,0
343.73499999999996,356.38499999999993,1569.7499999999998,53.474999999999994,86.25,0,0,0,0,0,True,False,0
343.62,356.38499999999993,1753.7499999999998,45.655,88.55,0,0,0,0,0,True,False,0
343.62,356.27,1481.1999999999998,71.18499999999999,90.85,0,0,0,0,0,False,True,0
343.39,356.04,1636.4499999999998,49.105,94.3,0,0,0,0,0,True,False,0
343.275,356.04,1727.3,45.309999999999995,96.6,0,0,0,0,0,False,True,1
343.275,355.92499999999995,1642.1999999999998,50.025,100.05,0,0,0,0,0,True,False,1
343.39,355.92499999999995,1800.8999999999999,43.815,102.35,0,0,0,0,0,False,True,0
343.275,355.92499999999995,1705.4499999999998,51.519999999999996,105.8,0,0,0,0,0,False,True,0
343.39,356.04,1831.9499999999998,38.294999999999995,109.24999999999999,0,0,0,0,0,False,False,0
343.275,356.04,1982.6,30.359999999999996,114.99999999999999,0,0,0,0,0,True,False,0
343.275,356.155,3009.5499999999997,13.915,117.3,0,0,1,0,0,True,False,0
343.39,356.155,1488.1,68.30999999999999,119.6,0,0,0,0,0,True,False,1
343.39,356.04,1762.9499999999998,46.805,121.89999999999999,0,0,0,0,0,True,False,0
343.275,355.80999999999995,1921.6499999999999,36.57,124.19999999999999,0,0,0,0,0,False,False,0
343.275,355.92499999999995,1575.4999999999998,60.25999999999999,129.95,0,0,0,0,0,True,False,0
343.275,356.04,1681.3,51.864999999999995,132.25,0,0,0,0,0,True,False,0
343.15999999999997,355.92499999999995,1776.7499999999998,42.089999999999996,134.54999999999998,0,0,0,0,0,True,False,0
343.15999999999997,355.92499999999995,1706.6,47.955,136.85,0,0,0,0,0,False,True,0
343.15999999999997,355.92499999999995,1545.6,52.09499999999999,140.29999999999998,0,0,0,0,0,False,True,0
343.15999999999997,355.92499999999995,1560.55,57.614999999999995,143.75,0,0,0,0,0,True,False,1
343.275,356.04,1807.8,37.949999999999996,146.04999999999998,0,0,0,0,0,False,True,0
343.275,356.04,2140.1499999999996,30.934999999999995,149.5,0,0,0,0,0,True,False,0
343.275,355.92499999999995,1780.1999999999998,51.175,151.79999999999998,0,0,0,0,0,True,False,0
343.39,356.27,1720.3999999999999,43.355,154.1,0,0,0,0,0,True,False,1
343.39,356.155,1511.1,57.155,156.39999999999998,0,0,0,0,0,False,True,1
343.39,356.155,1635.3,57.155,159.85,0,0,0,0,0,False,True,1
343.39,356.27,2118.2999999999997,23.115,163.29999999999998,0,0,0,0,0,True,False,0
343.50499999999994,356.38499999999993,1649.1,60.949999999999996,165.6,0,0,0,0,0,False,True,0
343.62,356.615,1822.7499999999998,35.995,169.04999999999998,0,0,0,0,0,False,True,0
343.62,356.615,1959.6,35.305,172.5,0,0,0,0,0,False,False,0
343.73499999999996,356.72999999999996,2266.6499999999996,26.679999999999996,178.25,0,0,0,0,0,True,False,0
343.84999999999997,356.84499999999997,1645.6499999999999,45.885,180.54999999999998,0,0,0,0,0,True,False,0
343.73499999999996,356.9599999999999,1777.8999999999999,43.355,182.85,0,0,0,0,0,True,False,0
343.73499999999996,356.84499999999997,1720.3999999999999,41.74499999999999,185.14999999999998,0,0,0,0,0,True,False,1
343.73499999999996,356.84499999999997,1429.4499999999998,72.44999999999999,187.45,0,0,0,0,0,False,False,0
343.84999999999997,356.9599999999999,1669.8,53.13,193.2,0,0,0,0,0,True,False,0
343.965,357.19,1586.9999999999998,51.405,195.49999999999997,0,0,0,0,0,True,False,0
344.08,357.19,1802.05,44.16,197.79999999999998,0,0,0,0,0,True,False,0
343.965,357.075,1872.1999999999998,41.285,200.1,0,0,0,0,0,True,False,0
343.965,356.9599999999999,1730.7499999999998,53.015,202.39999999999998,0,0,0,0,0,True,False,0
343.84999999999997,356.84499999999997,2101.0499999999997,32.199999999999996,204.7,0,0,0,0,0,False,True,0
343.84999999999997,356.84499999999997,1813.55,46.0,208.14999999999998,0,0,0,0,0,True,False,1
343.73499999999996,356.72999999999996,1499.6,65.78,210.45,0,0,0,0,0,True,False,0
343.73499999999996,356.615,1522.6,62.79,212.74999999999997,0,0,0,0,0,False,False,0
343.62,356.5,1767.55,45.885,218.49999999999997,0,0,0,0,0,True,False,0
343.62,356.615,1726.1499999999999,56.004999999999995,220.79999999999998,0,0,0,0,0,False,True,0
343.50499999999994,356.38499999999993,1902.1,33.464999999999996,224.24999999999997,0,0,0,0,0,False,True,0
343.50499999999994,356.5,1746.85,43.815,227.7,0,0,0,0,0,False,True,0
343.50499999999994,356.38499999999993,1576.6499999999999,58.99499999999999,231.14999999999998,0,0,0,0,0,True,False,0
343.50499999999994,356.27,1358.1499999999999,75.785,233.45,0,0,0,1,0,True,False,0
343.39,356.27,1689.35,49.21999999999999,235.74999999999997,0,0,0,0,0,True,False,0
343.39,356.27,1882.55,39.79,238.04999999999998,0,0,0,0,0,True,False,0
343.39,356.27,1575.4999999999998,64.39999999999999,0.0,0,0,0,0,0,True,False,0
343.39,356.38499999999993,1874.4999999999998,35.19,2.3,0,0,0,0,0,True,False,0
343.39,356.5,1744.55,44.849999999999994,4.6,0,0,0,0,0,True,False,1
343.39,356.38499999999993,1918.1999999999998,37.144999999999996,6.8999999999999995,0,0,0,0,0,False,True,0
343.39,356.38499999999993,2090.7,28.634999999999994,10.35,0,0,0,0,0,False,True,0
343.39,356.5,1772.1499999999999,42.434999999999995,13.799999999999999,0,0,0,0,0,False,True,0
343.275,356.38499999999993,1704.3,48.415,17.25,0,0,0,0,0,True,False,0
343.39,356.615,1654.85,57.38499999999999,19.549999999999997,0,0,0,0,0,True,False,0
343.275,356.5,1715.8,47.38,21.849999999999998,0,0,0,0,0,True,False,0
343.15999999999997,356.38499999999993,1983.7499999999998,31.97,24.15,0,0,0,0,0,True,False,0
343.15999999999997,356.5,1792.85,50.83,26.45,0,0,0,0,0,True,False,0
343.275,356.5,1650.2499999999998,48.87499999999999,28.749999999999996,0,0,0,0,0,True,False,0
343.39,356.5,1738.8,43.125,31.049999999999997,0,0,0,0,0,False,True,0
343.39,356.38499999999993,1798.6,42.665,34.5,0,0,0,0,0,True,False,0
343.39,356.5,1750.3,46.34499999999999,36.8,0,0,0,0,0,True,False,0
343.39,356.38499999999993,1559.3999999999999,68.425,39.099999999999994,0,0,0,0,0,True,False,0
343.39,356.38499999999993,1789.3999999999999,44.39,41.4,0,0,0,0,0,True,False,0
343.39,356.38499999999993,1601.9499999999998,52.324999999999996,43.699999999999996,0,0,0,0,0,True,False,0
343.50499999999994,356.38499999999993,2015.9499999999998,30.819999999999997,46.0,0,0,0,0,0,True,False,0
343.50499999999994,356.38499999999993,1898.6499999999999,33.925,48.3,0,0,0,0,0,True,False,0
343.50499999999994,356.38499999999993,1577.8,62.905,50.599999999999994,0,0,0,0,0,True,False,0
343.50499999999994,356.38499999999993,1662.8999999999999,49.794999999999995,52.9,0,0,0,0,0,True,False,0
343.50499999999994,356.27,1726.1499999999999,51.405,55.199999999999996,0,0,0,0,0,False,True,0
343.50499999999994,356.38499999999993,1622.6499999999999,51.864999999999995,58.65,0,0,0,0,0,False,True,0
343.39,356.155,1922.8,31.624999999999996,62.099999999999994,0,0,0,0,0,False,False,0
343.50499999999994,356.27,1696.2499999999998,46.574999999999996,67.85,0,0,0,0,0,False,True,0
343.50499999999994,356.27,1689.35,44.16,71.3,0,0,0,0,0,True,False,0
343.39,356.27,1959.6,32.545,73.6,0,0,0,0,0,True,False,1
343.39,356.155,1682.4499999999998,44.964999999999996,75.89999999999999,0,0,0,0,0,False,False,0
343.39,356.155,1472.0,73.71499999999999,81.64999999999999,0,0,0,0,0,False,True,0
343.50499999999994,356.38499999999993,1683.6,43.699999999999996,85.1,0,0,0,0,0,True,False,0
343.39,356.27,1531.8,53.35999999999999,87.39999999999999,0,0,0,0,0,True,False,0
343.275,356.155,1879.1,43.46999999999999,89.69999999999999,0,0,0,0,0,True,False,0
343.39,356.27,1644.4999999999998,49.565,92.0,0,0,0,0,0,False,True,0
343.275,356.155,1751.4499999999998,51.29,95.44999999999999,0,0,0,0,0,False,True,0
343.275,356.155,1790.55,43.355,98.89999999999999,0,0,0,0,0,False,True,1
343.275,356.04,1822.7499999999998,37.03,102.35,0,0,0,0,0,True,False,0
343.275,356.04,1815.85,38.525,104.64999999999999,0,0,0,0,0,False,False,0
343.275,356.155,1557.1,69.91999999999999,110.39999999999999,0,0,0,0,0,False,True,0
343.39,356.155,1871.05,38.41,113.85,0,0,0,0,0,True,False,0
343.15999999999997,356.04,1698.55,40.94,116.14999999999999,0,0,0,0,0,True,False,0
343.04499999999996,355.80999999999995,1834.2499999999998,33.349999999999994,118.44999999999999,0,0,0,0,0,False,True,0
343.15999999999997,355.92499999999995,1747.9999999999998,43.815,121.89999999999999,0,0,0,0,0,True,False,0
343.04499999999996,355.80999999999995,1860.6999999999998,36.224999999999994,124.19999999999999,0,0,0,0,0,True,False,0
343.15999999999997,355.92499999999995,1606.55,57.84499999999999,126.49999999999999,0,0,0,0,0,True,False,0
343.15999999999997,355.92499999999995,1667.4999999999998,55.084999999999994,128.79999999999998,0,0,0,0,0,True,False,0
343.275,355.92499999999995,1726.1499999999999,46.23,131.1,0,0,0,0,0,False,True,0
343.15999999999997,355.80999999999995,1600.8,57.614999999999995,134.54999999999998,0,0,0,0,0,True,False,0
343.15999999999997,355.80999999999995,1592.7499999999998,49.68,136.85,0,0,0,0,0,True,False,1
343.15999999999997,355.80999999999995,1680.1499999999999,53.24499999999999,139.14999999999998,0,0,0,0,0,True,False,0
343.275,356.04,1568.6,67.505,141.45,0,0,0,0,0,False,True,0
343.275,355.92499999999995,1815.85,44.39,144.89999999999998,0,0,0,0,0,True,False,1
343.15999999999997,355.92499999999995,1741.1,44.61999999999999,147.2,0,0,0,0,0,False,True,0
343.04499999999996,355.92499999999995,1793.9999999999998,42.434999999999995,150.64999999999998,0,0,0,0,0,False,True,0
343.04499999999996,355.92499999999995,1773.3,42.205,154.1,0,0,0,0,0,True,False,0
343.04499999999996,355.80999999999995,1918.1999999999998,31.165,156.39999999999998,0,0,0,0,0,True,False,0
343.04499999999996,355.80999999999995,2088.3999999999996,25.99,158.7,0,0,0,0,0,False,True,0
343.04499999999996,355.80999999999995,1735.35,39.33,162.14999999999998,0,0,0,0,0,False,True,1
343.15999999999997,356.04,1700.85,43.46999999999999,165.6,0,0,0,0,0,True,False,0
343.15999999999997,356.04,1903.2499999999998,34.73,167.89999999999998,0,0,0,0,0,True,False,0
343.04499999999996,355.92499999999995,1967.6499999999999,34.845,170.2,0,0,0,0,0,True,False,0
343.15999999999997,356.155,1818.1499999999999,39.79,172.5,0,0,0,0,0,True,False,0
343.39,356.27,1470.85,64.285,174.79999999999998,0,0,0,0,0,False,False,1
343.275,356.27,1688.1999999999998,47.035,180.54999999999998,0,0,0,0,0,True,False,0
343.15999999999997,356.155,1631.85,47.49499999999999,182.85,0,0,0,0,0,True,False,0
343.15999999999997,356.155,1759.4999999999998,44.39,185.14999999999998,0,0,0,0,0,True,False,0
343.15999999999997,356.04,1966.4999999999998,31.395,187.45,0,0,0,0,0,True,False,1
343.15999999999997,356.155,1745.6999999999998,45.769999999999996,189.74999999999997,0,0,0,0,0,True,False,0
343.15999999999997,356.155,1930.85,38.294999999999995,192.04999999999998,0,0,0,0,0,False,True,0
343.15999999999997,356.155,2150.5,25.874999999999996,195.49999999999997,0,0,0,0,0,False,True,1
343.04499999999996,356.155,1706.6,50.94499999999999,198.95,0,0,0,0,0,True,False,0
343.15999999999997,356.155,1675.55,50.83,201.24999999999997,0,0,0,0,0,True,False,0
343.04499999999996,356.04,1777.8999999999999,41.63,203.54999999999998,0,0,0,0,0,False,False,1
342.92999999999995,355.92499999999995,1699.6999999999998,41.974999999999994,209.29999999999998,0,0,0,0,0,False,True,0
342.92999999999995,355.80999999999995,1664.05,54.165,212.74999999999997,0,0,0,0,0,True,False,0
342.92999999999995,355.80999999999995,1659.4499999999998,52.209999999999994,215.04999999999998,0,0,0,0,0,True,False,0
343.04499999999996,356.04,1756.05,35.535,217.35,0,0,0,0,0,True,False,0
343.04499999999996,356.04,1689.35,63.01999999999999,219.64999999999998,0,0,0,0,0,False,True,0
343.04499999999996,356.04,1933.1499999999999,31.165,223.1,0,0,0,0,0,False,True,0
343.04499999999996,356.04,1632.9999999999998,50.714999999999996,226.54999999999998,0,0,0,0,0,True,False,0
343.04499999999996,355.92499999999995,1774.4499999999998,57.38499999999999,228.85,0,0,0,0,0,False,True,0
343.15999999999997,355.92499999999995,1582.3999999999999,57.959999999999994,232.29999999999998,0,0,0,0,0,True,False,0
343.04499999999996,355.80999999999995,1875.6499999999999,34.269999999999996,0.0,0,0,0,0,0,False,False,0
343.04499999999996,355.695,1758.35,47.955,5.75,0,0,0,0,0,False,False,0
343.04499999999996,355.80999999999995,1688.1999999999998,53.13,11.5,0,0,0,0,0,True,False,0
343.04499999999996,355.80999999999995,1584.6999999999998,60.14499999999999,13.799999999999999,0,0,0,0,0,True,False,0
343.04499999999996,355.695,1611.1499999999999,59.684999999999995,16.099999999999998,0,0,0,0,0,True,False,0
343.15999999999997,355.695,1760.6499999999999,43.01,18.4,0,0,0,0,0,True,False,0
343.15999999999997,355.695,1738.8,41.169999999999995,20.7,0,0,0,0,0,True,False,0
343.275,355.80999999999995,1750.3,54.50999999999999,23.0,0,0,0,0,0,False,True,0
343.275,355.695,1857.2499999999998,36.57,26.45,0,0,0,0,0,False,True,0
343.39,355.695,1666.35,53.474999999999994,29.9,0,0,0,0,0,True,False,0
343.39,355.80999999999995,1512.2499999999998,63.824999999999996,32.199999999999996,0,0,0,0,0,True,False,0
343.39,355.80999999999995,1684.7499999999998,47.265,34.5,0,0,0,0,0,False,True,1
343.39,355.92499999999995,1614.6,49.794999999999995,37.949999999999996,0,0,0,0,0,False,True,0
343.39,355.92499999999995,1779.05,51.519999999999996,41.4,0,0,0,0,0,True,False,0
343.39,355.92499999999995,1639.8999999999999,52.209999999999994,43.699999999999996,0,0,0,0,0,False,True,1
343.39,355.92499999999995,1989.4999999999998,34.73,47.15,0,0,0,0,0,True,False,0
343.275,355.80999999999995,1780.1999999999998,43.355,49.449999999999996,0,0,0,0,0,True,False,0
343.275,355.80999999999995,1744.55,46.23,51.74999999999999,0,0,0,0,0,True,False,0
343.39,355.92499999999995,1940.05,33.695,54.05,0,0,0,0,0,True,False,0
343.275,355.92499999999995,1998.6999999999998,28.979999999999997,56.349999999999994,0,0,0,0,0,True,False,0
343.15999999999997,355.80999999999995,1738.8,40.59499999999999,58.65,0,0,0,0,0,False,False,0
343.275,355.80999999999995,1569.7499999999998,56.004999999999995,64.39999999999999,0,0,0,0,0,False,True,0
343.275,355.80999999999995,2312.6499999999996,24.15,67.85,0,0,0,0,0,False,False,0
343.15999999999997,355.695,2076.8999999999996,31.74,73.6,0,0,0,0,0,True,False,0
343.15999999999997,355.695,1973.3999999999999,32.66,75.89999999999999,0,0,0,0,0,True,False,0
343.15999999999997,355.80999999999995,1915.8999999999999,27.945,78.19999999999999,0,0,0,0,0,False,True,1
343.275,355.80999999999995,1814.6999999999998,41.74499999999999,81.64999999999999,0,0,0,0,0,True,False,0
343.04499999999996,355.695,1791.6999999999998,42.78,83.94999999999999,0,0,0,0,0,True,False,0
343.04499999999996,355.58,1674.3999999999999,52.324999999999996,86.25,0,0,0,0,0,True,False,0
342.92999999999995,355.465,1675.55,56.349999999999994,88.55,0,0,0,0,0,False,True,1
342.92999999999995,355.465,1687.05,51.175,92.0,0,0,0,0,0,True,False,0
342.815,355.34999999999997,1910.1499999999999,43.93,94.3,0,0,0,0,0,False,True,1
342.815,355.34999999999997,1830.8,38.98499999999999,97.74999999999999,0,0,0,0,0,True,False,0
342.92999999999995,355.34999999999997,1835.3999999999999,42.78,100.05,0,0,0,0,0,True,False,0
342.92999999999995,355.34999999999997,1712.35,46.69,102.35,0,0,0,0,0,True,False,1
343.04499999999996,355.34999999999997,1691.6499999999999,55.544999999999995,104.64999999999999,0,0,0,0,0,True,False,1
343.04499999999996,355.34999999999997,1730.7499999999998,47.49499999999999,106.94999999999999,0,0,0,0,0,False,True,0
343.04499999999996,355.34999999999997,1746.85,46.0,110.39999999999999,0,0,0,0,0,True,False,1
343.04499999999996,355.34999999999997,1619.1999999999998,52.209999999999994,112.69999999999999,0,0,0,0,0,True,False,0
342.92999999999995,355.23499999999996,1531.8,51.059999999999995,114.99999999999999,0,0,0,0,0,True,False,0
342.815,355.23499999999996,1553.6499999999999,60.25999999999999,117.3,0,0,0,0,0,True,False,1
342.7,355.23499999999996,1724.9999999999998,42.205,119.6,0,0,0,0,0,True,False,0
342.7,355.00499999999994,1856.1,35.305,121.89999999999999,0,0,0,0,0,False,True,0
342.7,355.12,1712.35,41.974999999999994,125.35,0,0,0,0,0,True,False,0
342.5849999999999,355.00499999999994,2013.6499999999999,30.59,127.64999999999999,0,0,0,0,0,False,True,1
342.7,355.00499999999994,1737.6499999999999,52.669999999999995,131.1,0,0,0,0,0,True,False,1
342.5849999999999,354.89,1944.6499999999999,34.04,133.39999999999998,0,0,0,0,0,True,False,0
342.5849999999999,354.89,2020.55,31.624999999999996,135.7,0,0,0,0,0,True,False,1
342.5849999999999,355.00499999999994,1776.7499999999998,41.285,138.0,0,0,0,0,0,False,False,0
342.5849999999999,354.89,2601.2999999999997,18.054999999999996,143.75,0,0,0,0,0,True,False,0
342.35499999999996,354.775,1792.85,40.48,146.04999999999998,0,0,0,0,0,False,True,0
342.24,354.65999999999997,1869.8999999999999,37.26,149.5,0,0,0,0,0,True,False,0
342.24,354.54499999999996,1637.6,61.98499999999999,151.79999999999998,0,0,0,0,0,True,False,0
342.24,354.54499999999996,1895.1999999999998,33.464999999999996,154.1,0,0,0,0,0,False,True,0
342.24,354.54499999999996,1751.4499999999998,45.425,157.54999999999998,0,0,0,0,0,True,False,0
342.24,354.54499999999996,1727.3,49.68,159.85,0,0,0,0,0,True,False,1
342.125,354.42999999999995,1712.35,46.805,162.14999999999998,0,0,0,0,0,True,False,1
342.00999999999993,354.315,1862.9999999999998,35.879999999999995,164.45,0,0,0,0,0,False,True,0
342.125,354.315,1875.6499999999999,35.19,167.89999999999998,0,0,0,0,0,True,False,0
342.125,354.2,1643.35,52.669999999999995,170.2,0,0,0,0,0,False,True,0
342.125,354.315,1534.1,82.8,173.64999999999998,0,0,1,0,0,False,True,0
342.00999999999993,354.2,1636.4499999999998,43.699999999999996,177.1,0,0,0,0,0,True,False,1
342.00999999999993,354.0849999999999,1598.4999999999998,54.855,179.39999999999998,0,0,0,0,0,True,False,0
342.00999999999993,354.0849999999999,1538.6999999999998,55.775,181.7,0,0,0,0,0,False,True,0
341.895,354.0849999999999,1680.1499999999999,43.125,185.14999999999998,0,0,0,0,0,False,False,1
342.00999999999993,354.0849999999999,1871.05,39.44499999999999,190.89999999999998,0,0,0,0,0,False,True,1
341.895,353.96999999999997,1592.7499999999998,51.059999999999995,194.35,0,0,0,0,0,True,False,0
341.895,353.96999999999997,1768.6999999999998,55.199999999999996,196.64999999999998,0,0,0,0,0,False,True,0
342.00999999999993,354.0849999999999,1790.55,40.824999999999996,200.1,0,0,0,0,0,True,False,0
342.00999999999993,354.0849999999999,1846.8999999999999,38.41,202.39999999999998,0,0,0,0,0,True,False,0
342.125,354.2,1644.4999999999998,51.175,204.7,0,0,0,0,0,False,True,0
342.00999999999993,354.2,1841.1499999999999,39.79,208.14999999999998,0,0,0,0,0,False,True,0
342.00999999999993,354.2,1559.3999999999999,59.684999999999995,211.6,0,0,0,0,0,True,False,0
342.125,354.42999999999995,1867.6,35.535,213.89999999999998,0,0,0,0,0,False,True,0
342.125,354.42999999999995,1526.05,64.975,217.35,0,0,0,0,0,True,False,0
342.24,354.54499999999996,1621.4999999999998,54.05,219.64999999999998,0,0,0,0,0,True,False,0
342.24,354.54499999999996,1699.6999999999998,48.644999999999996,221.95,0,0,0,0,0,True,False,0
342.24,354.65999999999997,1678.9999999999998,46.34499999999999,224.24999999999997,0,0,0,0,0,True,False,0
342.125,354.54499999999996,1650.2499999999998,46.34499999999999,226.54999999999998,0,0,0,0,0,True,False,1
342.00999999999993,354.42999999999995,1562.85,53.934999999999995,228.85,0,0,0,0,0,False,False,1
342.00999999999993,354.315,1988.35,36.455,234.6,0,0,0,0,0,True,False,0
341.895,354.2,1591.6,56.464999999999996,236.89999999999998,0,0,0,0,0,False,False,0
342.00999999999993,354.42999999999995,1491.55,59.915,242.64999999999998,0,0,0,0,0,True,False,0
342.125,354.65999999999997,1877.9499999999998,38.294999999999995,244.95,0,0,0,0,0,True,False,0
342.125,354.65999999999997,1730.7499999999998,42.78,247.24999999999997,0,0,0,0,0,False,True,1
342.125,354.65999999999997,1647.9499999999998,57.49999999999999,250.7,0,0,0,0,0,True,False,1
342.00999999999993,354.65999999999997,1574.35,58.19,252.99999999999997,0,0,0,1,0,True,False,1
342.00999999999993,354.54499999999996,1696.2499999999998,46.574999999999996,255.29999999999998,1,0,0,0,0,True,False,1
342.00999999999993,354.54499999999996,1795.1499999999999,44.044999999999995,0.0,0,0,0,0,0,True,False,0
342.00999999999993,354.54499999999996,1692.8,52.324999999999996,2.3,0,0,0,0,0,True,False,1
342.125,354.65999999999997,1657.1499999999999,51.175,4.6,0,0,0,0,0,True,False,0
342.125,354.775,1611.1499999999999,58.074999999999996,6.8999999999999995,0,0,0,0,0,False,True,1
342.125,354.775,1944.6499999999999,38.065,10.35,0,0,0,0,0,True,False,1
342.24,354.89,1589.3,54.165,12.649999999999999,0,0,0,0,0,True,False,0
342.24,354.89,1558.2499999999998,53.35999999999999,14.95,0,0,0,0,0,True,False,0
342.24,354.89,1758.35,52.09499999999999,17.25,0,0,0,0,0,True,False,0
342.35499999999996,355.00499999999994,2103.35,28.634999999999994,19.549999999999997,0,0,0,0,0,True,False,1
342.24,354.89,1701.9999999999998,45.769999999999996,21.849999999999998,0,0,0,0,0,False,False,0
342.24,354.775,1696.2499999999998,48.76,27.599999999999998,0,0,0,0,0,True,False,1
342.24,354.775,1645.6499999999999,60.489999999999995,29.9,0,0,0,0,0,False,True,0
342.125,354.54499999999996,1652.55,48.644999999999996,33.349999999999994,0,0,0,0,0,True,False,0
342.125,354.54499999999996,1697.3999999999999,52.44,35.65,0,0,0,0,0,False,True,0
342.125,354.65999999999997,1713.4999999999998,45.655,39.099999999999994,0,0,0,0,0,False,False,1
342.00999999999993,354.54499999999996,1876.8,38.525,44.849999999999994,0,0,0,0,0,True,False,0
342.00999999999993,354.42999999999995,1612.3,57.155,47.15,0,0,0,0,0,True,False,0
342.00999999999993,354.54499999999996,1549.05,52.669999999999995,49.449999999999996,0,0,0,0,0,True,False,0
342.125,354.65999999999997,2009.05,35.65,51.74999999999999,0,0,0,0,0,True,False,1
342.125,354.775,1790.55,44.964999999999996,54.05,0,0,0,0,0,False,False,0
342.00999999999993,354.65999999999997,1576.6499999999999,66.00999999999999,59.8,0,0,0,0,0,True,False,0
341.895,354.54499999999996,1731.8999999999999,42.55,62.099999999999994,0,0,0,0,0,False,False,0
341.895,354.54499999999996,1828.4999999999998,40.824999999999996,67.85,0,0,0,0,0,True,False,0
342.00999999999993,354.54499999999996,1536.3999999999999,61.754999999999995,70.14999999999999,0,0,0,0,0,True,False,0
341.895,354.54499999999996,1622.6499999999999,49.68,72.44999999999999,0,0,0,0,0,True,False,0
342.00999999999993,354.54499999999996,1959.6,31.395,74.75,0,0,0,0,0,True,False,0
342.125,354.65999999999997,1981.4499999999998,31.395,77.05,0,0,0,0,0,True,False,0
342.125,354.775,1677.85,45.655,79.35,0,0,0,0,0,True,False,1
342.24,354.775,1807.8,41.285,81.64999999999999,0,0,0,0,0,True,False,0
342.125,354.65999999999997,1591.6,64.39999999999999,83.94999999999999,0,0,0,0,0,True,False,0
342.24,354.89,1590.4499999999998,54.62499999999999,86.25,0,0,0,0,0,True,False,0
342.24,354.775,1563.9999999999998,55.89,88.55,0,0,0,0,0,False,True,1
342.125,354.65999999999997,1835.3999999999999,42.089999999999996,92.0,0,0,0,0,0,False,True,0
342.125,354.775,1665.1999999999998,62.44499999999999,95.44999999999999,0,0,0,0,0,True,False,0
342.24,354.775,1659.4499999999998,43.93,97.74999999999999,0,0,0,0,0,False,True,0
342.24,354.89,1715.8,40.824999999999996,101.19999999999999,0,0,0,0,0,False,True,0
342.125,354.89,1721.55,50.48499999999999,104.64999999999999,0,0,0,0,0,True,False,0
342.125,354.775,1759.4999999999998,44.275,106.94999999999999,0,0,0,0,0,True,False,0
342.00999999999993,354.65999999999997,1699.6999999999998,53.13,109.24999999999999,0,0,0,0,0,False,True,0
342.00999999999993,354.65999999999997,1527.1999999999998,71.07,112.69999999999999,0,0,0,0,0,True,False,0
342.00999999999993,354.54499999999996,2036.6499999999999,31.509999999999994,114.99999999999999,0,0,0,0,0,False,False,0
342.00999999999993,354.65999999999997,1798.6,40.25,120.74999999999999,0,0,0,0,0,False,True,0
341.895,354.54499999999996,1680.1499999999999,47.724999999999994,124.19999999999999,0,0,0,0,0,False,False,0
342.00999999999993,354.54499999999996,1535.2499999999998,66.585,129.95,0,0,0,0,0,False,True,0
342.00999999999993,354.65999999999997,1657.1499999999999,53.81999999999999,133.39999999999998,0,0,0,0,0,False,True,0
341.895,354.54499999999996,1458.1999999999998,69.69,136.85,0,0,0,0,0,True,False,0
341.895,354.54499999999996,1951.55,31.509999999999994,139.14999999999998,0,0,0,0,0,False,True,0
342.00999999999993,354.65999999999997,1634.1499999999999,52.9,142.6,0,0,0,0,0,True,False,0
342.00999999999993,354.775,1720.3999999999999,41.85999999999999,144.89999999999998,0,0,0,0,0,True,False,0
342.125,354.775,1581.2499999999998,63.94,147.2,0,0,0,0,0,True,False,1
342.00999999999993,354.775,1489.2499999999998,59.915,149.5,0,0,0,0,0,True,False,0
342.00999999999993,354.775,1889.4499999999998,38.86999999999999,151.79999999999998,0,0,0,0,0,True,False,0
342.125,354.89,1741.1,42.434999999999995,154.1,0,0,0,0,0,True,False,0
342.125,354.89,1921.6499999999999,33.809999999999995,156.39999999999998,0,0,0,0,0,True,False,0
342.125,354.89,1558.2499999999998,67.735,158.7,0,0,0,0,0,False,False,0
342.24,355.00499999999994,1569.7499999999998,58.19,164.45,0,0,0,0,0,True,False,1
342.125,355.00499999999994,1618.05,48.87499999999999,166.75,0,0,0,0,0,True,False,0
342.125,355.12,1673.2499999999998,53.015,169.04999999999998,0,0,0,0,0,False,True,0
342.125,355.12,1727.3,52.785,172.5,0,0,0,0,0,True,False,0
342.125,355.12,1691.6499999999999,60.14499999999999,174.79999999999998,0,0,0,0,0,False,True,0
342.125,355.23499999999996,1818.1499999999999,34.959999999999994,178.25,0,0,0,0,0,True,False,1
342.125,355.12,1759.4999999999998,43.46999999999999,180.54999999999998,0,0,0,0,0,True,False,0
342.125,355.12,1508.8,57.84499999999999,182.85,0,0,0,0,0,True,False,0
342.00999999999993,354.89,1718.1,48.989999999999995,185.14999999999998,0,0,0,0,0,True,False,0
342.00999999999993,354.89,1757.1999999999998,33.464999999999996,187.45,0,0,0,0,0,False,True,0
341.895,354.89,1941.1999999999998,33.809999999999995,190.89999999999998,0,0,0,0,0,False,False,0
341.895,354.775,1747.9999999999998,48.76,196.64999999999998,0,0,0,0,0,False,True,0
341.895,354.775,1913.6,33.23499999999999,200.1,0,0,0,0,0,False,True,0
341.895,354.775,1741.1,51.175,203.54999999999998,0,0,0,0,0,True,False,0
341.895,354.775,1674.3999999999999,62.33,205.85,0,0,0,0,0,True,False,0
341.78,354.775,1718.1,45.54,208.14999999999998,0,0,0,0,0,True,False,0
341.78,354.65999999999997,1845.7499999999998,34.5,210.45,0,0,0,0,0,True,False,0
341.78,354.775,1555.9499999999998,53.474999999999994,212.74999999999997,0,0,0,0,0,False,True,0
341.78,354.775,1664.05,55.084999999999994,216.2,0,0,0,0,0,True,False,0
341.78,354.775,1826.1999999999998,46.459999999999994,218.49999999999997,0,0,0,0,0,True,False,0
341.78,354.775,1752.6,47.60999999999999,220.79999999999998,0,0,0,0,0,False,False,0
341.78,354.775,1852.6499999999999,36.339999999999996,226.54999999999998,0,0,0,0,0,False,True,0
341.78,354.775,1844.6,40.135,229.99999999999997,0,0,0,0,0,False,True,0
341.665,354.775,1705.4499999999998,53.934999999999995,233.45,0,0,0,0,0,True,False,0
341.665,354.65999999999997,1774.4499999999998,45.54,235.74999999999997,0,0,0,0,0,True,False,0
341.665,354.775,1521.4499999999998,51.059999999999995,238.04999999999998,1,0,0,0,0,True,False,1
341.665,354.775,1788.2499999999998,41.63,0.0,0,0,0,0,0,True,False,1
341.665,354.65999999999997,1820.4499999999998,36.684999999999995,2.3,0,0,0,0,0,True,False,0
341.78,354.775,1821.6,46.0,4.6,0,0,0,0,0,False,True,0
341.78,354.775,2030.8999999999999,29.669999999999998,8.049999999999999,0,0,0,0,0,True,False,1
341.78,354.89,1722.6999999999998,51.059999999999995,10.35,0,0,0,0,0,False,True,0
341.78,354.89,1624.9499999999998,57.26999999999999,13.799999999999999,0,0,0,0,0,True,False,0
341.895,354.89,1730.7499999999998,38.525,16.099999999999998,0,0,0,0,0,True,False,0
341.895,355.00499999999994,1653.6999999999998,53.13,18.4,0,0,0,0,0,False,False,0
341.895,355.00499999999994,1903.2499999999998,39.214999999999996,24.15,0,0,0,0,0,False,True,0
341.895,355.00499999999994,1668.6499999999999,50.36999999999999,27.599999999999998,0,0,0,0,0,False,True,0
341.895,355.00499999999994,1685.8999999999999,44.16,31.049999999999997,0,0,0,0,0,False,True,0
341.78,354.89,2040.1,26.45,34.5,0,0,0,0,0,True,False,0
341.78,354.89,1476.6,58.99499999999999,36.8,0,0,0,0,0,False,True,0
341.665,354.775,1638.7499999999998,46.0,40.25,0,0,0,0,0,True,False,0
341.78,354.89,1652.55,60.25999999999999,42.55,0,0,0,0,0,True,False,0
341.78,354.89,1535.2499999999998,60.949999999999996,44.849999999999994,0,0,0,0,0,True,False,1
341.78,354.775,1691.6499999999999,47.955,47.15,0,0,0,0,0,True,False,0
341.78,354.775,1568.6,62.099999999999994,49.449999999999996,0,0,0,0,0,False,True,0
341.665,354.775,1814.6999999999998,40.94,52.9,0,0,0,0,0,True,False,0
341.665,354.775,1968.8,36.915,55.199999999999996,0,0,0,0,0,True,False,1
341.665,354.775,1992.9499999999998,33.004999999999995,57.49999999999999,0,0,0,0,0,True,False,0
341.78,354.89,1899.8,36.915,59.8,0,0,0,0,0,True,False,0
341.78,354.89,2204.5499999999997,27.715,62.099999999999994,0,0,0,0,0,True,False,0
341.78,354.89,1660.6,47.265,64.39999999999999,0,0,0,0,0,False,True,0
341.665,354.89,1658.3,42.665,67.85,0,0,0,0,0,True,False,0
341.665,354.89,1974.55,35.995,70.14999999999999,0,0,0,0,0,False,True,0
341.665,355.00499999999994,1695.1,48.644999999999996,73.6,0,0,0,0,0,True,False,0
341.78,355.00499999999994,1735.35,45.19499999999999,75.89999999999999,0,0,0,0,0,True,False,0
341.78,355.12,1668.6499999999999,49.565,78.19999999999999,0,0,0,0,0,True,False,0
341.895,355.12,1787.1,41.515,80.5,0,0,0,0,0,True,False,0
341.78,355.00499999999994,1919.35,35.305,82.8,0,0,0,0,0,True,False,0
341.78,354.89,1570.8999999999999,57.959999999999994,85.1,0,0,0,0,0,True,False,0
341.78,354.89,1814.6999999999998,39.559999999999995,87.39999999999999,0,0,0,0,0,True,False,0
341.78,354.89,1739.9499999999998,44.849999999999994,89.69999999999999,0,0,0,0,0,False,True,0
341.665,354.775,1742.2499999999998,48.415,93.14999999999999,0,0,0,0,0,False,True,1
341.78,354.89,1796.3,37.949999999999996,96.6,0,0,0,0,0,True,False,0
341.78,355.00499999999994,1726.1499999999999,44.275,98.89999999999999,0,0,0,0,0,True,False,0
341.78,355.00499999999994,1607.6999999999998,43.815,101.19999999999999,0,0,0,0,0,False,True,0
341.895,355.00499999999994,1554.8,61.86999999999999,104.64999999999999,0,0,0,0,0,True,False,0
341.895,355.00499999999994,1804.35,38.98499999999999,106.94999999999999,0,0,0,0,0,False,False,0
341.78,354.89,1708.8999999999999,53.589999999999996,112.69999999999999,0,0,0,0,0,False,False,0
341.78,354.89,2143.6,27.14,118.44999999999999,0,0,0,0,0,True,False,1
341.895,355.00499999999994,1664.05,51.175,120.74999999999999,0,0,0,0,0,False,True,0
341.78,354.89,1600.8,47.724999999999994,124.19999999999999,0,0,0,0,0,True,False,0
341.895,354.89,1561.6999999999998,54.739999999999995,126.49999999999999,0,0,0,0,0,True,False,0
341.895,355.00499999999994,1714.6499999999999,46.23,128.79999999999998,0,0,0,0,0,True,False,1
341.895,355.00499999999994,1789.3999999999999,42.205,131.1,0,0,0,0,0,True,False,0
341.895,355.00499999999994,1760.6499999999999,42.205,133.39999999999998,0,0,0,0,0,True,False,1
342.00999999999993,355.00499999999994,1643.35,43.239999999999995,135.7,0,0,0,0,0,False,False,1
342.00999999999993,355.12,1808.9499999999998,38.98499999999999,141.45,0,0,0,0,0,False,True,1
342.00999999999993,355.12,1768.6999999999998,47.38,144.89999999999998,0,0,0,0,0,True,False,1
342.00999999999993,355.12,1687.05,44.849999999999994,147.2,0,0,0,0,0,True,False,0
342.00999999999993,355.00499999999994,1521.4499999999998,58.765,149.5,0,0,0,0,0,False,False,0
342.00999999999993,355.00499999999994,2067.7,26.45,155.25,0,0,0,0,0,False,True,1
342.00999999999993,354.89,1622.6499999999999,53.24499999999999,158.7,0,0,0,0,0,True,False,1
341.895,354.775,1757.1999999999998,51.175,161.0,0,0,0,0,0,True,False,1
341.895,354.775,1729.6,48.3,163.29999999999998,0,0,0,0,0,True,False,0
341.895,354.775,1591.6,45.54,165.6,0,0,0,0,0,True,False,1
341.78,354.65999999999997,1928.55,30.359999999999996,167.89999999999998,0,0,0,0,0,True,False,0
341.895,354.775,2028.6,35.419999999999995,170.2,0,0,0,0,0,True,False,0
342.00999999999993,354.775,1692.8,48.3,172.5,0,0,0,0,0,False,True,0
342.00999999999993,354.775,1684.7499999999998,64.285,175.95,0,0,0,0,0,False,True,1
342.00999999999993,354.89,1905.55,38.065,179.39999999999998,0,0,0,0,0,False,True,0
342.00999999999993,354.89,1880.2499999999998,35.074999999999996,182.85,0,0,0,0,0,True,False,0
342.00999999999993,355.00499999999994,1819.3,36.684999999999995,185.14999999999998,0,0,0,0,0,False,True,0
342.125,355.00499999999994,2025.1499999999999,30.129999999999995,188.6,0,0,0,0,0,True,False,1
342.125,355.12,1825.05,40.135,190.89999999999998,0,0,0,0,0,True,False,0
342.125,355.00499999999994,1662.8999999999999,60.949999999999996,193.2,0,0,0,0,0,False,True,0
342.125,355.00499999999994,1554.8,60.949999999999996,196.64999999999998,0,0,0,0,0,False,True,0
342.00999999999993,355.00499999999994,1600.8,53.35999999999999,200.1,0,0,0,0,0,False,True,1
342.125,355.12,1629.55,57.26999999999999,203.54999999999998,0,0,0,0,0,True,False,0
342.125,355.12,2097.6,27.599999999999998,205.85,0,0,0,0,0,False,False,1
342.125,355.12,1843.4499999999998,42.205,211.6,0,0,0,0,0,True,False,1
342.00999999999993,355.12,1862.9999999999998,38.41,213.89999999999998,0,0,0,0,0,True,False,0
342.00999999999993,355.12,1555.9499999999998,56.809999999999995,216.2,0,0,0,0,0,True,False,0
342.125,355.12,1563.9999999999998,58.305,218.49999999999997,0,0,0,0,0,True,False,0
342.125,354.89,1586.9999999999998,61.525,220.79999999999998,0,0,0,0,0,True,False,0
342.125,355.00499999999994,1567.4499999999998,61.63999999999999,223.1,0,0,0,0,0,False,True,0
342.00999999999993,354.89,1669.8,47.38,226.54999999999998,0,0,0,0,0,False,True,0
342.00999999999993,354.89,1931.9999999999998,37.71999999999999,229.99999999999997,0,0,0,0,0,True,False,1
342.125,354.89,1766.3999999999999,44.849999999999994,232.29999999999998,0,0,0,0,0,True,False,0
342.125,354.89,1864.1499999999999,33.23499999999999,0.0,0,0,0,0,0,True,False,0
342.125,354.89,1822.7499999999998,43.239999999999995,2.3,0,0,0,0,0,True,False,0
342.24,355.00499999999994,1619.1999999999998,59.224999999999994,4.6,0,0,0,0,0,False,True,0
342.125,354.89,1766.3999999999999,44.505,8.049999999999999,0,0,0,0,0,False,False,0
342.125,354.89,1554.8,60.489999999999995,13.799999999999999,0,0,0,0,0,True,False,1
342.125,354.89,1703.1499999999999,44.61999999999999,16.099999999999998,0,0,0,0,0,False,False,0
342.125,355.00499999999994,1672.1,51.74999999999999,21.849999999999998,0,0,0,0,0,True,False,0
342.125,354.89,1551.35,59.224999999999994,24.15,0,0,0,0,0,False,True,0
342.125,354.89,1526.05,59.915,27.599999999999998,0,0,0,0,0,False,True,1
342.24,355.00499999999994,1784.8,48.644999999999996,31.049999999999997,0,0,0,0,0,True,False,0
342.125,355.00499999999994,1674.3999999999999,51.405,33.349999999999994,0,0,0,0,0,True,False,0
342.24,354.89,1442.1,52.669999999999995,35.65,0,0,0,0,0,False,True,0
342.125,354.89,1652.55,49.794999999999995,39.099999999999994,0,0,0,0,0,True,False,0
342.125,354.89,1948.1,31.165,41.4,0,0,0,0,0,True,False,0
342.125,354.775,1501.8999999999999,58.305,43.699999999999996,0,0,0,0,0,True,False,0
342.125,354.775,1953.85,34.615,46.0,0,0,0,0,0,False,True,0
342.00999999999993,354.775,1574.35,61.18,49.449999999999996,0,0,0,0,0,True,False,1
342.00999999999993,354.775,1691.6499999999999,50.48499999999999,51.74999999999999,0,0,0,0,0,True,False,0
342.00999999999993,354.775,1621.4999999999998,50.48499999999999,54.05,0,0,0,0,0,True,False,0
342.00999999999993,354.775,1623.8,52.324999999999996,56.349999999999994,0,0,0,0,0,False,True,0
342.00999999999993,354.775,1630.6999999999998,58.879999999999995,59.8,0,0,0,0,0,True,False,0
342.00999999999993,354.775,2049.2999999999997,29.784999999999997,62.099999999999994,0,0,0,0,0,True,False,1
342.00999999999993,354.775,1721.55,41.85999999999999,64.39999999999999,0,0,0,0,0,False,True,0
341.895,354.65999999999997,1677.85,45.309999999999995,67.85,0,0,0,0,0,True,False,0
341.78,354.54499999999996,2065.3999999999996,27.369999999999997,70.14999999999999,0,0,0,0,0,True,False,0
341.78,354.54499999999996,1804.35,35.879999999999995,72.44999999999999,0,0,0,0,0,True,False,0
341.895,354.65999999999997,1689.35,53.705,74.75,0,0,0,0,0,True,False,1
341.895,354.65999999999997,1692.8,47.49499999999999,77.05,0,0,0,0,0,True,False,0
342.00999999999993,354.775,1696.2499999999998,54.28,79.35,0,0,0,0,0,True,False,1
342.00999999999993,354.89,1711.1999999999998,41.85999999999999,81.64999999999999,0,0,0,0,0,True,False,1
342.00999999999993,354.89,1752.6,49.565,83.94999999999999,0,0,0,0,0,True,False,0
342.00999999999993,354.775,1708.8999999999999,55.89,86.25,0,0,0,0,0,True,False,0
342.125,354.89,1443.25,69.80499999999999,88.55,0,0,0,0,0,False,True,1
342.00999999999993,354.89,1689.35,48.989999999999995,92.0,0,0,0,0,0,False,True,0
342.00999999999993,354.775,1945.8,39.44499999999999,95.44999999999999,0,0,0,0,0,True,False,0
342.00999999999993,354.89,1844.6,37.71999999999999,97.74999999999999,0,0,0,0,0,False,True,0
342.00999999999993,354.89,1662.8999999999999,55.315,101.19999999999999,0,0,0,0,0,True,False,0
341.895,354.775,1728.4499999999998,49.794999999999995,103.49999999999999,0,0,0,0,0,True,False,0
341.895,354.775,1868.7499999999998,37.71999999999999,105.8,0,0,0,0,0,False,True,0
341.78,354.775,1810.1,41.169999999999995,109.24999999999999,0,0,0,0,0,True,False,0
341.78,354.65999999999997,1584.6999999999998,48.184999999999995,111.55,0,0,0,0,0,False,True,0
341.665,354.65999999999997,1946.9499999999998,33.925,114.99999999999999,0,0,0,0,0,True,False,1
341.78,354.65999999999997,1681.3,58.879999999999995,117.3,0,0,0,0,0,True,False,1
341.895,354.775,1650.2499999999998,63.24999999999999,119.6,0,0,0,0,0,False,False,0
341.78,354.775,1638.7499999999998,52.669999999999995,125.35,0,0,0,0,0,False,True,0
341.895,354.89,1582.3999999999999,61.525,128.79999999999998,0,0,0,0,0,False,False,1
342.00999999999993,355.00499999999994,1703.1499999999999,55.199999999999996,134.54999999999998,0,0,0,0,0,False,True,1
342.00999999999993,355.00499999999994,1551.35,56.23499999999999,138.0,0,0,0,0,0,False,False,0
341.895,355.00499999999994,1783.6499999999999,46.0,143.75,0,0,0,0,0,True,False,1
342.00999999999993,355.00499999999994,1866.4499999999998,38.86999999999999,146.04999999999998,0,0,0,0,0,False,False,0
342.00999999999993,355.12,1681.3,57.155,151.79999999999998,0,0,0,0,0,True,False,0
341.895,355.12,1664.05,66.00999999999999,154.1,0,0,0,0,0,False,True,0
341.895,355.23499999999996,2068.85,28.174999999999997,157.54999999999998,0,0,0,0,0,False,True,0
341.895,355.12,1780.1999999999998,47.49499999999999,161.0,0,0,0,0,0,False,True,0
341.78,355.12,1707.7499999999998,55.084999999999994,164.45,0,0,0,0,0,False,True,0
341.78,355.00499999999994,1682.4499999999998,57.38499999999999,167.89999999999998,0,0,0,0,0,True,False,0
341.895,355.00499999999994,1825.05,41.169999999999995,170.2,0,0,0,0,0,True,False,0
341.895,355.12,1689.35,50.714999999999996,172.5,0,0,0,0,0,False,True,0
341.895,355.00499999999994,1644.4999999999998,49.21999999999999,175.95,0,0,0,0,0,False,False,1
342.00999999999993,355.00499999999994,1984.8999999999999,30.819999999999997,181.7,0,0,0,0,0,False,False,1
342.00999999999993,355.12,1898.6499999999999,39.214999999999996,187.45,0,0,0,0,0,True,False,0
342.00999999999993,355.12,1758.35,47.49499999999999,189.74999999999997,0,0,0,0,0,True,False,0
342.00999999999993,355.12,1693.9499999999998,53.13,192.04999999999998,0,0,0,0,0,True,False,0
342.00999999999993,355.12,1522.6,61.525,194.35,0,0,0,0,0,False,False,0
342.00999999999993,355.23499999999996,1964.1999999999998,33.12,200.1,0,0,0,0,0,True,False,0
342.125,355.465,1770.9999999999998,44.275,202.39999999999998,0,0,0,0,0,False,True,0
342.125,355.34999999999997,1517.9999999999998,62.905,205.85,0,0,0,0,0,True,False,0
342.00999999999993,355.23499999999996,1582.3999999999999,44.849999999999994,208.14999999999998,0,0,0,0,0,False,True,1
341.895,355.00499999999994,1773.3,42.55,211.6,0,0,0,0,0,False,True,1
341.895,355.00499999999994,1731.8999999999999,45.19499999999999,215.04999999999998,0,0,0,0,0,True,False,0
341.895,355.00499999999994,1715.8,50.14,217.35,0,0,0,0,0,True,False,1
341.895,355.12,1798.6,43.699999999999996,219.64999999999998,0,0,0,0,0,False,False,0
342.00999999999993,355.23499999999996,1891.7499999999998,35.419999999999995,225.39999999999998,0,0,0,0,0,False,False,0
342.00999999999993,355.23499999999996,1550.1999999999998,67.965,231.14999999999998,0,0,0,0,0,False,True,0
342.00999999999993,355.12,1523.7499999999998,71.75999999999999,234.6,1,0,0,1,0,False,True,1
342.125,355.23499999999996,1659.4499999999998,50.025,0.0,0,0,0,0,0,True,False,1
342.125,355.23499999999996,1651.3999999999999,51.519999999999996,2.3,0,0,0,0,0,False,True,0
342.125,355.23499999999996,1835.3999999999999,35.305,5.75,0,0,0,0,0,True,False,0
342.24,355.34999999999997,1714.6499999999999,49.68,8.049999999999999,0,0,0,0,0,True,False,0
342.35499999999996,355.23499999999996,1808.9499999999998,40.365,10.35,0,0,0,0,0,False,True,0
342.35499999999996,355.23499999999996,1811.2499999999998,45.885,13.799999999999999,0,0,0,0,0,True,False,0
342.35499999999996,355.23499999999996,1676.6999999999998,47.265,16.099999999999998,0,0,0,0,0,True,False,0
342.35499999999996,355.34999999999997,1647.9499999999998,48.06999999999999,18.4,0,0,0,0,0,False,True,0
342.35499999999996,355.23499999999996,1911.3,32.315,21.849999999999998,0,0,0,0,0,True,False,0
342.35499999999996,355.23499999999996,1526.05,73.255,24.15,0,0,0,0,0,False,True,0
342.35499999999996,355.23499999999996,2003.3,30.244999999999997,27.599999999999998,0,0,0,0,0,True,False,0
342.46999999999997,355.23499999999996,1731.8999999999999,38.525,29.9,0,0,0,0,0,True,False,0
342.5849999999999,355.465,1675.55,51.059999999999995,32.199999999999996,0,0,0,0,0,True,False,0
342.5849999999999,355.465,1711.1999999999998,42.894999999999996,34.5,0,0,0,0,0,False,True,1
342.5849999999999,355.465,1861.85,39.905,37.949999999999996,0,0,0,0,0,True,False,1
342.7,355.58,1791.6999999999998,47.955,40.25,0,0,0,0,0,False,True,0
342.7,355.58,1990.6499999999999,33.004999999999995,43.699999999999996,0,0,0,0,0,True,False,0
342.7,355.465,1810.1,40.019999999999996,46.0,0,0,0,0,0,False,True,0
342.5849999999999,355.34999999999997,1483.4999999999998,57.26999999999999,49.449999999999996,0,0,0,0,0,True,False,0
342.5849999999999,355.23499999999996,1628.3999999999999,45.54,51.74999999999999,0,0,0,0,0,False,False,0
342.5849999999999,355.23499999999996,1800.8999999999999,48.184999999999995,57.49999999999999,0,0,0,0,0,True,False,0
342.5849999999999,355.34999999999997,1674.3999999999999,53.474999999999994,59.8,0,0,0,0,0,True,False,1
342.5849999999999,355.34999999999997,1757.1999999999998,43.125,62.099999999999994,0,0,0,0,0,True,False,0
342.5849999999999,355.465,1538.6999999999998,57.04,64.39999999999999,0,0,0,0,0,False,True,0
342.5849999999999,355.465,1791.6999999999998,45.08,67.85,0,0,0,0,0,False,True,0
342.5849999999999,355.465,1856.1,43.815,71.3,0,0,0,0,0,False,True,0
342.7,355.465,1790.55,41.85999999999999,74.75,0,0,0,0,0,False,False,0
342.815,355.695,1659.4499999999998,52.09499999999999,80.5,0,0,0,0,0,True,False,0
342.815,355.695,1531.8,58.65,82.8,0,0,0,0,0,False,False,0
342.815,355.695,2014.8,28.979999999999997,88.55,0,0,0,0,0,False,True,1
342.815,355.58,1678.9999999999998,52.669999999999995,92.0,0,0,0,0,0,False,True,1
342.815,355.58,2072.2999999999997,30.934999999999995,95.44999999999999,0,0,0,0,0,True,False,0
342.7,355.58,1756.05,45.425,97.74999999999999,0,0,0,0,0,True,False,0
342.7,355.58,1676.6999999999998,45.769999999999996,100.05,0,0,0,0,0,True,False,0
342.7,355.58,1747.9999999999998,43.584999999999994,102.35,0,0,0,0,0,False,False,0
342.7,355.58,1584.6999999999998,57.155,108.1,0,0,0,0,0,True,False,1
342.5849999999999,355.58,1758.35,43.815,110.39999999999999,0,0,0,0,0,False,True,0
342.7,355.58,1756.05,37.26,113.85,0,0,0,0,0,True,False,0
342.7,355.58,1653.6999999999998,49.334999999999994,116.14999999999999,0,0,0,0,0,False,True,1
342.5849999999999,355.34999999999997,1820.4499999999998,42.205,119.6,0,0,0,0,0,True,False,0
342.46999999999997,355.23499999999996,1759.4999999999998,43.239999999999995,121.89999999999999,0,0,0,0,0,True,False,0
342.35499999999996,355.23499999999996,1759.4999999999998,44.964999999999996,124.19999999999999,0,0,0,0,0,False,True,0
342.35499999999996,355.12,2402.35,21.965,127.64999999999999,0,0,0,0,0,False,True,0
342.35499999999996,355.12,1858.3999999999999,39.33,131.1,0,0,0,0,0,True,False,0
342.35499999999996,355.23499999999996,1933.1499999999999,32.545,133.39999999999998,0,0,0,0,0,False,True,0
342.24,355.12,1696.2499999999998,49.449999999999996,136.85,0,0,0,0,0,True,False,0
342.125,355.00499999999994,1576.6499999999999,53.474999999999994,139.14999999999998,0,0,0,0,0,True,False,0
342.125,355.00499999999994,1777.8999999999999,43.699999999999996,141.45,0,0,0,0,0,False,True,0
342.00999999999993,354.89,1680.1499999999999,46.114999999999995,144.89999999999998,0,0,0,0,0,False,False,0
342.00999999999993,355.00499999999994,1883.6999999999998,36.684999999999995,150.64999999999998,0,0,0,0,0,True,False,0
341.895,355.00499999999994,1813.55,40.94,152.95,0,0,0,0,0,False,True,0
342.00999999999993,354.89,1761.8,44.505,156.39999999999998,0,0,0,0,0,True,False,1
341.895,354.775,1966.4999999999998,31.854999999999997,158.7,0,0,0,0,0,False,True,0
341.895,354.89,1821.6,33.809999999999995,162.14999999999998,0,0,0,0,0,False,True,0
341.895,354.89,1662.8999999999999,57.614999999999995,165.6,0,0,0,0,0,True,False,0
342.00999999999993,355.00499999999994,1750.3,53.24499999999999,167.89999999999998,0,0,0,0,0,False,False,0
342.00999999999993,355.00499999999994,1589.3,57.38499999999999,173.64999999999998,0,0,0,0,0,False,True,0
342.00999999999993,355.00499999999994,1821.6,43.93,177.1,0,0,0,0,0,True,False,1
341.895,354.89,1592.7499999999998,63.48,179.39999999999998,0,0,0,0,0,True,False,0
341.895,355.00499999999994,1830.8,39.559999999999995,181.7,0,0,0,0,0,True,False,0
341.78,354.89,1614.6,50.255,184.0,0,0,0,0,0,False,True,0
341.78,354.775,1745.6999999999998,50.94499999999999,187.45,0,0,0,0,0,True,False,0
341.665,354.65999999999997,1758.35,46.459999999999994,189.74999999999997,0,0,0,0,0,True,False,0
341.665,354.65999999999997,1782.4999999999998,42.55,192.04999999999998,0,0,0,0,0,True,False,0
341.665,354.54499999999996,2038.9499999999998,27.369999999999997,194.35,0,0,0,0,0,True,False,0
341.78,354.775,1662.8999999999999,50.255,196.64999999999998,0,0,0,0,0,True,False,1
341.78,354.775,1710.05,53.934999999999995,198.95,0,0,0,0,0,False,True,0
341.895,354.775,1752.6,56.69499999999999,202.39999999999998,0,0,0,0,0,False,True,0
341.665,354.54499999999996,1613.4499999999998,62.214999999999996,205.85,0,0,0,0,0,True,False,1
341.665,354.42999999999995,2607.0499999999997,18.054999999999996,208.14999999999998,0,0,0,0,0,True,False,0
341.665,354.42999999999995,1758.35,43.584999999999994,210.45,0,0,0,0,0,False,True,0
341.665,354.42999999999995,1612.3,58.879999999999995,213.89999999999998,0,0,0,0,0,True,False,0
341.78,354.54499999999996,1946.9499999999998,32.199999999999996,216.2,0,0,0,0,0,True,False,0
341.665,354.54499999999996,1720.3999999999999,52.669999999999995,218.49999999999997,0,0,0,0,0,True,False,1
341.665,354.315,1877.9499999999998,38.294999999999995,220.79999999999998,0,0,0,0,0,True,False,1
341.665,354.42999999999995,1608.85,48.989999999999995,223.1,0,0,0,0,0,True,False,0
341.54999999999995,354.315,1567.4499999999998,52.09499999999999,225.39999999999998,0,0,0,0,0,False,True,0
341.665,354.42999999999995,1756.05,48.53,228.85,0,0,0,0,0,False,False,0
341.78,354.42999999999995,1615.7499999999998,48.87499999999999,234.6,0,0,0,0,0,False,True,0
341.895,354.54499999999996,1677.85,68.53999999999999,238.04999999999998,0,0,1,1,0,False,True,1
342.00999999999993,354.65999999999997,2057.35,28.749999999999996,241.49999999999997,0,0,0,0,0,False,True,0
342.00999999999993,354.65999999999997,1760.6499999999999,47.724999999999994,244.95,0,0,0,0,0,True,False,0
342.00999999999993,354.65999999999997,1862.9999999999998,41.169999999999995,247.24999999999997,0,0,0,0,0,False,True,1
342.00999999999993,354.65999999999997,1806.6499999999999,45.309999999999995,0.0,0,0,0,0,0,True,False,0
342.00999999999993,354.65999999999997,1649.1,45.885,2.3,0,0,0,0,0,True,False,0
342.00999999999993,354.65999999999997,1695.1,50.14,4.6,0,0,0,0,0,True,False,0
341.895,354.54499999999996,1775.6,47.955,6.8999999999999995,0,0,0,0,0,False,True,0
341.895,354.42999999999995,1841.1499999999999,41.055,10.35,0,0,0,0,0,True,False,0
342.00999999999993,354.54499999999996,2071.1499999999996,30.934999999999995,12.649999999999999,0,0,0,0,0,True,False,0
342.00999999999993,354.54499999999996,1684.7499999999998,48.3,14.95,0,0,0,0,0,True,False,0
342.00999999999993,354.65999999999997,1540.9999999999998,60.489999999999995,17.25,0,0,0,0,0,False,True,0
342.00999999999993,354.65999999999997,1744.55,47.15,20.7,0,0,0,0,0,False,True,0
341.895,354.65999999999997,1649.1,51.519999999999996,24.15,0,0,0,0,0,False,True,1
341.895,354.54499999999996,2225.25,22.195,27.599999999999998,0,0,0,0,0,False,False,0
341.895,354.54499999999996,1834.2499999999998,37.03,33.349999999999994,0,0,0,0,0,False,True,1
341.895,354.54499999999996,2516.2,19.549999999999997,36.8,0,0,0,0,0,True,False,0
341.895,354.65999999999997,1666.35,51.059999999999995,39.099999999999994,0,0,0,0,0,False,True,0
341.895,354.54499999999996,1691.6499999999999,43.93,42.55,0,0,0,0,0,True,False,0
342.00999999999993,354.42999999999995,1884.85,38.86999999999999,44.849999999999994,0,0,0,0,0,True,False,0
341.895,354.42999999999995,2122.8999999999996,28.174999999999997,47.15,0,0,0,0,0,False,True,0
341.895,354.42999999999995,1669.8,43.93,50.599999999999994,0,0,0,0,0,False,True,0
342.00999999999993,354.54499999999996,1705.4499999999998,48.184999999999995,54.05,0,0,0,0,0,False,True,0
342.00999999999993,354.54499999999996,1476.6,69.34499999999998,57.49999999999999,0,0,0,0,0,True,False,1
342.00999999999993,354.42999999999995,1631.85,57.49999999999999,59.8,0,0,0,0,0,True,False,0
341.895,354.315,2027.4499999999998,32.66,62.099999999999994,0,0,0,0,0,True,False,0
341.78,354.2,1699.6999999999998,48.87499999999999,64.39999999999999,0,0,0,0,0,False,True,0
341.895,354.2,1745.6999999999998,41.4,67.85,0,0,0,0,0,True,False,0
341.895,354.2,1664.05,56.349999999999994,70.14999999999999,0,0,0,0,0,True,False,0
342.00999999999993,354.2,1558.2499999999998,63.364999999999995,72.44999999999999,0,0,0,0,0,False,True,0
342.00999999999993,354.315,1550.1999999999998,66.00999999999999,75.89999999999999,0,0,0,0,0,True,False,0
342.00999999999993,354.315,1550.1999999999998,61.754999999999995,78.19999999999999,0,0,0,0,0,True,False,0
342.00999999999993,354.315,1994.1,31.854999999999997,80.5,0,0,0,0,0,False,True,0
341.895,354.2,1632.9999999999998,53.474999999999994,83.94999999999999,0,0,0,0,0,True,False,0
341.895,354.0849999999999,2066.5499999999997,28.404999999999998,86.25,0,0,0,0,0,True,False,1
341.895,354.2,1613.4499999999998,51.74999999999999,88.55,0,0,0,0,0,False,True,0
341.895,354.0849999999999,1872.1999999999998,34.73,92.0,0,0,0,0,0,True,False,0
341.78,354.0849999999999,1940.05,34.959999999999994,94.3,0,0,0,0,0,False,True,1
341.78,354.0849999999999,1674.3999999999999,51.63499999999999,97.74999999999999,0,0,0,0,0,False,True,0
341.665,354.0849999999999,1720.3999999999999,51.405,101.19999999999999,0,0,0,0,0,True,False,1
341.665,353.96999999999997,1881.3999999999999,34.845,103.49999999999999,0,0,0,0,0,True,False,1
341.665,353.96999999999997,1766.3999999999999,46.459999999999994,105.8,0,0,0,0,0,True,False,1
341.665,353.96999999999997,1672.1,58.19,108.1,0,0,0,0,0,True,False,0
341.54999999999995,353.96999999999997,1605.3999999999999,57.49999999999999,110.39999999999999,0,0,0,0,0,True,False,0
341.54999999999995,353.74,1811.2499999999998,43.01,112.69999999999999,0,0,0,0,0,True,False,0
341.43499999999995,353.74,1741.1,41.055,114.99999999999999,0,0,0,0,0,True,False,0
341.32,353.50999999999993,1673.2499999999998,57.38499999999999,117.3,0,0,0,0,0,False,True,0
341.32,353.50999999999993,1781.35,55.544999999999995,120.74999999999999,0,0,0,0,0,True,False,0
341.32,353.625,1695.1,48.76,123.05,0,0,0,0,0,True,False,0
341.205,353.50999999999993,1910.1499999999999,39.33,125.35,0,0,0,0,0,False,False,0
341.205,353.50999999999993,1765.2499999999998,39.79,131.1,0,0,0,0,0,True,False,0
341.43499999999995,353.625,1789.3999999999999,35.879999999999995,133.39999999999998,0,0,0,0,0,False,True,0
341.43499999999995,353.74,1650.2499999999998,51.74999999999999,136.85,0,0,0,0,0,True,False,0
341.43499999999995,353.625,1531.8,58.765,139.14999999999998,0,0,0,0,0,False,True,0
341.54999999999995,353.74,1739.9499999999998,48.76,142.6,0,0,0,0,0,True,False,0
341.54999999999995,353.85499999999996,1727.3,45.309999999999995,144.89999999999998,0,0,0,0,0,True,False,0
341.54999999999995,353.85499999999996,1512.2499999999998,69.115,147.2,0,0,0,0,0,True,False,0
341.54999999999995,353.85499999999996,1450.1499999999999,58.765,149.5,0,0,0,0,0,False,True,0
341.665,353.96999999999997,1616.8999999999999,69.46,152.95,0,0,0,0,0,True,False,0
341.665,353.96999999999997,1821.6,48.644999999999996,155.25,0,0,0,0,0,True,False,0
341.665,353.96999999999997,1659.4499999999998,50.48499999999999,157.54999999999998,0,0,0,0,0,False,True,0
341.78,354.0849999999999,1816.9999999999998,41.169999999999995,161.0,0,0,0,0,0,True,False,0
341.78,354.0849999999999,2098.75,28.29,163.29999999999998,0,0,0,0,0,True,False,0
341.78,354.0849999999999,1689.35,55.43,165.6,0,0,0,0,0,True,False,0
341.78,354.0849999999999,1716.9499999999998,44.16,167.89999999999998,0,0,0,0,0,True,False,0
341.895,354.2,1837.6999999999998,33.809999999999995,170.2,0,0,0,0,0,False,True,1
341.78,354.0849999999999,1667.4999999999998,42.78,173.64999999999998,0,0,0,0,0,False,False,1
341.78,354.0849999999999,1876.8,43.125,179.39999999999998,0,0,0,0,0,False,True,0
341.665,354.0849999999999,2277.0,23.345,182.85,0,0,0,0,0,False,True,0
341.78,354.2,1695.1,50.255,186.29999999999998,0,0,0,0,0,True,False,0
341.78,354.0849999999999,1770.9999999999998,42.665,188.6,0,0,0,0,0,True,False,0
341.665,354.0849999999999,1850.35,44.73499999999999,190.89999999999998,0,0,0,0,0,False,True,0
341.665,354.2,1687.05,49.21999999999999,194.35,0,0,0,0,0,True,False,0
341.665,354.0849999999999,1715.8,45.309999999999995,196.64999999999998,0,0,0,0,0,True,False,0
341.54999999999995,354.0849999999999,1716.9499999999998,53.015,198.95,0,0,0,0,0,True,False,0
341.54999999999995,353.96999999999997,1724.9999999999998,45.885,201.24999999999997,0,0,0,0,0,True,False,1
341.665,353.96999999999997,1698.55,42.089999999999996,203.54999999999998,0,0,0,0,0,True,False,0
341.665,354.0849999999999,1543.3,56.464999999999996,205.85,0,0,0,0,0,True,False,0
341.665,353.96999999999997,1768.6999999999998,39.44499999999999,208.14999999999998,0,0,0,0,0,False,True,0
341.78,354.0849999999999,1537.55,66.815,211.6,0,0,0,0,0,True,False,0
341.895,354.0849999999999,1629.55,48.06999999999999,213.89999999999998,0,0,0,0,0,True,False,0
342.00999999999993,354.2,1590.4499999999998,53.13,216.2,0,0,0,0,0,True,False,0
342.00999999999993,354.2,1655.9999999999998,48.76,218.49999999999997,0,0,0,0,0,False,True,0
341.895,354.0849999999999,1815.85,39.559999999999995,221.95,0,0,0,0,0,True,False,0
341.78,354.0849999999999,1657.1499999999999,46.0,224.24999999999997,0,0,0,0,0,True,False,0
341.78,354.0849999999999,1759.4999999999998,41.285,226.54999999999998,0,0,0,0,0,False,True,0
341.78,354.2,1960.7499999999998,29.9,229.99999999999997,0,0,0,0,0,True,False,1
341.78,354.2,1650.2499999999998,49.449999999999996,232.29999999999998,0,0,0,0,0,False,False,0
341.78,354.315,1540.9999999999998,70.49499999999999,238.04999999999998,0,0,0,1,0,False,True,1
341.78,354.315,1645.6499999999999,57.155,241.49999999999997,0,0,0,0,0,True,False,1
341.895,354.42999999999995,1605.3999999999999,60.605,243.79999999999998,0,0,0,1,0,True,False,1
341.895,354.315,1574.35,59.8,246.1,0,0,0,0,0,False,True,0
341.895,354.315,1857.2499999999998,40.709999999999994,249.54999999999998,1,0,0,0,0,True,False,0
341.78,354.315,1911.3,35.995,0.0,0,0,0,0,0,True,False,0
341.895,354.42999999999995,1785.9499999999998,38.525,2.3,0,0,0,0,0,True,False,0
342.00999999999993,354.42999999999995,1766.3999999999999,39.79,4.6,0,0,0,0,0,False,True,0
342.00999999999993,354.54499999999996,1780.1999999999998,53.589999999999996,8.049999999999999,0,0,0,0,0,True,False,0
342.00999999999993,354.54499999999996,1961.8999999999999,35.535,10.35,0,0,0,0,0,True,False,0
342.00999999999993,354.54499999999996,1570.8999999999999,52.324999999999996,12.649999999999999,0,0,0,0,0,True,False,1
342.125,354.65999999999997,1655.9999999999998,41.285,14.95,0,0,0,0,0,True,False,1
342.125,354.65999999999997,1937.7499999999998,32.315,17.25,0,0,0,0,0,False,True,0
342.00999999999993,354.54499999999996,1660.6,50.599999999999994,20.7,0,0,0,0,0,False,True,0
342.00999999999993,354.54499999999996,1604.2499999999998,56.004999999999995,24.15,0,0,0,0,0,True,False,0
342.00999999999993,354.54499999999996,1705.4499999999998,44.61999999999999,26.45,0,0,0,0,0,True,False,1
342.125,354.65999999999997,1613.4499999999998,50.94499999999999,28.749999999999996,0,0,0,0,0,False,True,1
342.125,354.65999999999997,2061.95,27.484999999999996,32.199999999999996,0,0,0,0,0,False,False,1
342.00999999999993,354.54499999999996,1981.4499999999998,33.12,37.949999999999996,0,0,0,0,0,True,False,0
342.00999999999993,354.42999999999995,1593.8999999999999,47.15,40.25,0,0,0,0,0,True,False,0
342.00999999999993,354.42999999999995,1822.7499999999998,53.13,42.55,0,0,0,0,0,False,False,0
341.895,354.315,1990.6499999999999,31.854999999999997,48.3,0,0,0,0,0,False,True,0
341.895,354.54499999999996,1746.85,43.355,51.74999999999999,0,0,0,0,0,True,False,0
341.895,354.42999999999995,2180.3999999999996,28.059999999999995,54.05,0,0,0,0,0,True,False,0
341.895,354.54499999999996,2711.7,17.134999999999998,56.349999999999994,0,0,0,0,0,True,False,0
341.895,354.54499999999996,1542.1499999999999,59.684999999999995,58.65,0,0,0,0,0,False,True,0
341.895,354.54499999999996,1782.4999999999998,42.55,62.099999999999994,0,0,0,0,0,True,False,0
341.895,354.54499999999996,1505.35,70.725,64.39999999999999,0,0,0,0,0,True,False,0
341.895,354.65999999999997,1838.85,37.834999999999994,66.69999999999999,0,0,0,0,0,False,True,0
342.00999999999993,354.65999999999997,1544.4499999999998,46.0,70.14999999999999,0,0,0,0,0,True,False,0
342.00999999999993,354.65999999999997,1584.6999999999998,45.885,72.44999999999999,0,0,0,0,0,True,False,0
342.00999999999993,354.65999999999997,1843.4499999999998,39.79,74.75,0,0,0,0,0,True,False,1
342.00999999999993,354.65999999999997,1913.6,32.315,77.05,0,0,0,0,0,True,False,0
341.895,354.65999999999997,1711.1999999999998,43.01,79.35,0,0,0,0,0,True,False,0
341.895,354.65999999999997,1575.4999999999998,58.074999999999996,81.64999999999999,0,0,0,0,0,False,True,0
341.895,354.775,1776.7499999999998,39.44499999999999,85.1,0,0,0,0,0,True,False,0
342.00999999999993,354.775,1800.8999999999999,36.10999999999999,87.39999999999999,0,0,0,0,0,False,True,0
342.00999999999993,354.89,2093.0,28.29,90.85,0,0,0,0,0,True,False,0
342.00999999999993,354.89,2186.1499999999996,25.415,93.14999999999999,0,0,0,0,0,False,True,0
342.00999999999993,354.775,1883.6999999999998,37.03,96.6,0,0,0,0,0,False,True,0
341.895,354.65999999999997,1749.1499999999999,43.93,100.05,0,0,0,0,0,False,True,0
341.895,354.65999999999997,2143.6,26.565,103.49999999999999,0,0,0,0,0,False,False,0
341.895,354.54499999999996,1644.4999999999998,48.184999999999995,109.24999999999999,0,0,0,0,0,True,False,0
341.895,354.65999999999997,1938.8999999999999,39.675,111.55,0,0,0,0,0,False,True,0
341.78,354.54499999999996,1524.8999999999999,65.78,114.99999999999999,0,0,0,0,0,False,True,0
341.78,354.54499999999996,2075.75,29.439999999999998,118.44999999999999,0,0,0,0,0,True,False,0
341.78,354.54499999999996,1670.9499999999998,52.669999999999995,120.74999999999999,0,0,0,0,0,False,False,0
341.78,354.65999999999997,2142.45,29.9,126.49999999999999,0,0,0,0,0,False,True,0
341.78,354.54499999999996,1812.3999999999999,40.59499999999999,129.95,0,0,0,0,0,True,False,0
341.78,354.54499999999996,1631.85,45.655,132.25,0,0,0,0,0,True,False,0
341.78,354.65999999999997,2107.95,28.979999999999997,134.54999999999998,0,0,0,0,0,True,False,0
341.78,354.65999999999997,2509.2999999999997,19.895,136.85,0,0,0,0,0,False,False,0
341.78,354.54499999999996,1904.3999999999999,34.845,142.6,0,0,0,0,0,True,False,1
341.665,354.42999999999995,1553.6499999999999,65.09,144.89999999999998,0,0,0,0,0,True,False,0
341.665,354.42999999999995,2058.5,34.845,147.2,0,0,0,0,0,False,False,0
341.78,354.42999999999995,1929.6999999999998,32.315,152.95,0,0,0,0,0,False,True,1
341.665,354.42999999999995,1641.05,51.98,156.39999999999998,0,0,0,0,0,True,False,0
341.54999999999995,354.315,1643.35,62.099999999999994,158.7,0,0,0,0,0,True,False,0
341.78,354.315,2035.4999999999998,31.279999999999998,161.0,0,0,0,0,0,False,False,0
341.78,354.315,1942.35,35.879999999999995,166.75,0,0,0,0,0,True,False,0
341.78,354.315,1787.1,47.49499999999999,169.04999999999998,0,0,0,0,0,False,True,0
341.895,354.315,1731.8999999999999,41.4,172.5,0,0,0,0,0,True,False,0
341.78,354.315,1695.1,50.94499999999999,174.79999999999998,0,0,0,0,0,True,False,0
341.895,354.315,2026.3,30.015,177.1,0,0,0,0,0,True,False,0
341.895,354.315,1800.8999999999999,41.055,179.39999999999998,0,0,0,0,0,True,False,0
341.895,354.315,1787.1,48.76,181.7,0,0,0,0,0,False,False,0
341.78,354.2,2149.35,29.209999999999997,187.45,0,0,0,0,0,True,False,0
341.895,354.2,1756.05,40.365,189.74999999999997,0,0,0,0,0,True,False,0
341.78,354.0849999999999,1505.35,57.04,192.04999999999998,0,0,0,0,0,True,False,0
341.78,354.0849999999999,1772.1499999999999,41.055,194.35,0,0,0,0,0,False,True,1
341.78,354.0849999999999,1524.8999999999999,86.71,197.79999999999998,0,0,1,1,0,True,False,1
341.665,354.0849999999999,1569.7499999999998,62.099999999999994,200.1,0,0,0,0,0,False,False,0
341.665,353.96999999999997,1642.1999999999998,50.255,205.85,0,0,0,0,0,True,False,0
341.665,353.96999999999997,1933.1499999999999,31.74,208.14999999999998,0,0,0,0,0,True,False,1
341.665,354.0849999999999,1911.3,30.934999999999995,210.45,0,0,0,0,0,False,True,0
341.78,354.0849999999999,2287.35,23.345,213.89999999999998,0,0,0,0,0,True,False,1
341.78,354.0849999999999,2009.05,33.349999999999994,216.2,0,0,0,0,0,False,True,0
341.78,354.2,2029.7499999999998,35.765,219.64999999999998,0,0,0,0,0,False,True,0
341.895,354.315,1803.1999999999998,39.559999999999995,223.1,0,0,0,0,0,True,False,0
341.895,354.315,1965.35,35.19,225.39999999999998,0,0,0,0,0,False,True,1
341.895,354.315,1575.4999999999998,67.61999999999999,228.85,0,0,0,0,0,False,True,0
341.895,354.315,1676.6999999999998,52.555,232.29999999999998,0,0,0,0,0,True,False,1
341.78,354.315,1968.8,35.535,234.6,0,0,0,0,0,True,False,1
341.895,354.315,1888.3,42.434999999999995,236.89999999999998,0,0,0,0,0,True,False,1
341.895,354.315,1688.1999999999998,57.26999999999999,0.0,0,0,0,0,0,True,False,0
341.895,354.315,1698.55,60.14499999999999,2.3,0,0,0,0,0,False,False,0
341.895,354.42999999999995,1662.8999999999999,61.525,8.049999999999999,0,0,0,0,0,True,False,0
341.895,354.42999999999995,1900.9499999999998,36.10999999999999,10.35,0,0,0,0,0,False,False,0
341.895,354.54499999999996,1718.1,43.93,16.099999999999998,0,0,0,0,0,True,False,0
341.895,354.42999999999995,1713.4999999999998,47.15,18.4,0,0,0,0,0,True,False,0
342.00999999999993,354.54499999999996,1782.4999999999998,54.96999999999999,20.7,0,0,0,0,0,False,True,0
341.895,354.42999999999995,1928.55,40.135,24.15,0,0,0,0,0,False,True,0
342.00999999999993,354.54499999999996,2132.1,25.07,27.599999999999998,0,0,0,0,0,True,False,0
342.125,354.775,1911.3,34.845,29.9,0,0,0,0,0,False,True,0
342.125,354.89,1655.9999999999998,44.61999999999999,33.349999999999994,0,0,0,0,0,False,True,0
342.125,354.89,1739.9499999999998,45.655,36.8,0,0,0,0,0,True,False,0
342.24,354.89,1597.35,56.349999999999994,39.099999999999994,0,0,0,0,0,False,True,0
342.24,354.89,1553.6499999999999,58.65,42.55,0,0,0,0,0,True,False,1
342.24,354.89,1704.3,44.044999999999995,44.849999999999994,0,0,0,0,0,False,True,1
342.24,354.89,2005.6,32.775,48.3,0,0,0,0,0,True,False,1
342.24,355.00499999999994,1697.3999999999999,44.849999999999994,50.599999999999994,0,0,0,0,0,True,False,1
342.24,354.89,1660.6,55.43,52.9,0,0,0,0,0,False,True,0
342.24,355.00499999999994,1907.85,36.915,56.349999999999994,0,0,0,0,0,False,False,0
342.24,355.00499999999994,1696.2499999999998,53.589999999999996,62.099999999999994,0,0,0,0,0,False,True,0
342.24,354.89,1754.8999999999999,48.415,65.55,0,0,0,0,0,True,False,0
342.00999999999993,354.65999999999997,1926.2499999999998,33.925,67.85,0,0,0,0,0,False,True,0
342.00999999999993,354.65999999999997,1753.7499999999998,44.505,71.3,0,0,0,0,0,True,False,0
341.895,354.54499999999996,1605.3999999999999,52.785,73.6,0,0,0,0,0,True,False,0
342.00999999999993,354.65999999999997,1816.9999999999998,47.38,75.89999999999999,0,0,0,0,0,True,False,0
342.00999999999993,354.775,1681.3,49.21999999999999,78.19999999999999,0,0,0,0,0,True,False,1
342.00999999999993,354.65999999999997,1639.8999999999999,57.959999999999994,80.5,0,0,0,0,0,True,False,1
342.00999999999993,354.775,1804.35,39.33,82.8,0,0,0,0,0,True,False,0
342.00999999999993,354.775,1698.55,46.805,85.1,0,0,0,0,0,True,False,0
342.00999999999993,354.775,2025.1499999999999,31.279999999999998,87.39999999999999,0,0,0,0,0,True,False,0
342.125,354.89,1708.8999999999999,52.785,89.69999999999999,0,0,0,0,0,False,True,0
342.24,354.89,1913.6,34.615,93.14999999999999,0,0,0,0,0,True,False,0
342.24,354.89,1812.3999999999999,37.605,95.44999999999999,0,0,0,0,0,True,False,0
342.24,354.89,1682.4499999999998,53.705,97.74999999999999,0,0,0,0,0,False,False,0
342.24,354.89,1822.7499999999998,48.3,103.49999999999999,0,0,0,0,0,False,True,1
342.35499999999996,355.00499999999994,1700.85,52.555,106.94999999999999,0,0,0,0,0,True,False,0
342.35499999999996,355.00499999999994,1666.35,46.23,109.24999999999999,0,0,0,0,0,True,False,0
342.35499999999996,355.12,1614.6,57.84499999999999,111.55,0,0,0,0,0,False,False,0
342.35499999999996,355.00499999999994,1948.1,33.464999999999996,117.3,0,0,0,0,0,True,False,0
342.35499999999996,355.00499999999994,1990.6499999999999,32.66,119.6,0,0,0,0,0,True,False,0
342.24,354.89,1750.3,42.55,121.89999999999999,0,0,0,0,0,True,False,0
342.125,354.775,1766.3999999999999,42.434999999999995,124.19999999999999,0,0,0,0,0,True,False,0
342.125,354.775,1578.9499999999998,45.885,126.49999999999999,0,0,0,0,0,True,False,0
342.125,354.775,1836.55,41.85999999999999,128.79999999999998,0,0,0,0,0,True,False,0
342.24,354.775,1929.6999999999998,39.33,131.1,0,0,0,0,0,True,False,0
342.24,354.775,1669.8,48.989999999999995,133.39999999999998,0,0,0,0,0,True,False,0
342.125,354.775,1664.05,47.839999999999996,135.7,0,0,0,0,0,False,True,1
342.24,354.775,1810.1,42.665,139.14999999999998,0,0,0,0,0,True,False,0
342.24,354.89,1757.1999999999998,46.0,141.45,0,0,0,0,0,True,False,0
342.35499999999996,355.00499999999994,1941.1999999999998,31.279999999999998,143.75,0,0,0,0,0,True,False,0
342.24,354.89,1601.9499999999998,46.459999999999994,146.04999999999998,0,0,0,0,0,True,False,0
342.125,354.89,1643.35,58.074999999999996,148.35,0,0,0,0,0,False,True,0
342.125,354.89,1549.05,65.55,151.79999999999998,0,0,0,0,0,False,True,0
342.24,354.89,1785.9499999999998,46.574999999999996,155.25,0,0,0,0,0,True,False,1
342.125,354.89,1449.0,61.63999999999999,157.54999999999998,0,0,0,0,0,True,False,0
342.125,354.89,1777.8999999999999,38.86999999999999,159.85,0,0,0,0,0,True,False,1
342.125,354.89,1835.3999999999999,41.4,162.14999999999998,0,0,0,0,0,True,False,0
342.125,354.775,1540.9999999999998,66.00999999999999,164.45,0,0,0,0,0,True,False,1
342.125,354.65999999999997,1574.35,63.01999999999999,166.75,0,0,0,0,0,False,True,0
342.125,354.775,1681.3,60.14499999999999,170.2,0,0,0,0,0,True,False,0
342.00999999999993,354.65999999999997,1710.05,53.13,172.5,0,0,0,0,0,False,False,0
342.125,354.89,1736.4999999999998,40.824999999999996,178.25,0,0,0,0,0,False,True,0
342.125,354.775,1921.6499999999999,32.199999999999996,181.7,0,0,0,0,0,False,False,0
342.125,354.775,1853.8,34.5,187.45,0,0,0,0,0,False,True,0
342.24,354.89,1735.35,45.655,190.89999999999998,0,0,0,0,0,False,True,0
342.24,354.89,1627.2499999999998,54.394999999999996,194.35,0,0,0,0,0,True,False,1
342.24,354.89,2741.6,16.56,196.64999999999998,0,0,0,0,0,True,False,1
342.24,354.89,1524.8999999999999,71.75999999999999,198.95,0,0,0,0,0,True,False,0
342.24,354.89,1598.4999999999998,61.41,201.24999999999997,0,0,0,0,0,False,True,1
342.24,355.00499999999994,1600.8,47.38,204.7,0,0,0,0,0,False,True,1
342.24,355.12,1592.7499999999998,51.059999999999995,208.14999999999998,0,0,0,0,0,False,False,0
342.35499999999996,355.12,2180.3999999999996,28.174999999999997,213.89999999999998,0,0,0,0,0,True,False,0
342.35499999999996,355.00499999999994,1695.1,53.81999999999999,216.2,0,0,0,0,0,True,False,0
342.35499999999996,355.12,1596.1999999999998,52.44,218.49999999999997,0,0,0,0,0,False,True,0
342.35499999999996,355.23499999999996,1972.2499999999998,31.279999999999998,221.95,0,0,0,0,0,True,False,0
342.46999999999997,355.23499999999996,1897.4999999999998,37.03,224.24999999999997,0,0,0,0,0,False,False,0
342.46999999999997,355.23499999999996,2151.6499999999996,29.439999999999998,229.99999999999997,1,0,0,0,0,True,False,0
342.46999999999997,355.34999999999997,1613.4499999999998,73.83,0.0,0,0,1,0,0,True,False,0
342.46999999999997,355.23499999999996,1745.6999999999998,46.459999999999994,2.3,0,0,0,0,0,True,False,1
342.5849999999999,355.465,1729.6,49.449999999999996,4.6,0,0,0,0,0,True,False,0
342.46999999999997,355.34999999999997,1540.9999999999998,65.43499999999999,6.8999999999999995,0,0,0,0,0,True,False,1
342.5849999999999,355.465,1650.2499999999998,51.405,9.2,0,0,0,0,0,False,False,0
342.5849999999999,355.465,1733.05,42.434999999999995,14.95,0,0,0,0,0,True,False,0
342.5849999999999,355.465,1749.1499999999999,41.515,17.25,0,0,0,0,0,True,False,0
342.46999999999997,355.34999999999997,1812.3999999999999,51.74999999999999,19.549999999999997,0,0,0,0,0,False,True,0
342.5849999999999,355.465,1774.4499999999998,42.089999999999996,23.0,0,0,0,0,0,True,False,0
342.7,355.58,1914.7499999999998,42.089999999999996,25.299999999999997,0,0,0,0,0,True,False,0
342.5849999999999,355.465,1658.3,57.84499999999999,27.599999999999998,0,0,0,0,0,True,False,0
342.5849999999999,355.34999999999997,1873.35,33.349999999999994,29.9,0,0,0,0,0,True,False,1
342.5849999999999,355.34999999999997,1585.85,54.394999999999996,32.199999999999996,0,0,0,0,0,True,False,0
342.5849999999999,355.34999999999997,1727.3,46.23,34.5,0,0,0,0,0,True,False,0
342.5849999999999,355.465,1834.2499999999998,36.8,36.8,0,0,0,0,0,True,False,0
342.7,355.34999999999997,1654.85,44.275,39.099999999999994,0,0,0,0,0,False,True,1
342.5849999999999,355.34999999999997,2265.5,24.84,42.55,0,0,0,0,0,False,True,0
342.5849999999999,355.34999999999997,1796.3,41.169999999999995,46.0,0,0,0,0,0,True,False,0
342.5849999999999,355.34999999999997,1759.4999999999998,47.035,48.3,0,0,0,0,0,False,True,0
342.5849999999999,355.23499999999996,1601.9499999999998,46.69,51.74999999999999,0,0,0,0,0,True,False,0
342.5849999999999,355.34999999999997,1761.8,43.239999999999995,54.05,0,0,0,0,0,True,False,0
342.7,355.23499999999996,1848.05,43.355,56.349999999999994,0,0,0,0,0,True,False,0
342.5849999999999,355.12,1689.35,56.349999999999994,58.65,0,0,0,0,0,False,True,0
342.5849999999999,355.12,1768.6999999999998,43.239999999999995,62.099999999999994,0,0,0,0,0,False,True,0
342.5849999999999,355.12,1854.9499999999998,36.10999999999999,65.55,0,0,0,0,0,True,False,0
342.5849999999999,355.12,1842.3,36.915,67.85,0,0,0,0,0,False,True,0
342.46999999999997,355.00499999999994,1614.6,50.83,71.3,0,0,0,0,0,True,False,0
342.46999999999997,355.12,1780.1999999999998,42.434999999999995,73.6,0,0,0,0,0,True,False,0
342.46999999999997,355.12,1792.85,40.48,75.89999999999999,0,0,0,0,0,True,False,0
342.46999999999997,355.12,1864.1499999999999,41.515,78.19999999999999,0,0,0,0,0,True,False,0
342.46999999999997,355.12,1815.85,37.834999999999994,80.5,0,0,0,0,0,True,False,0
342.5849999999999,355.23499999999996,1779.05,50.599999999999994,82.8,0,0,0,0,0,False,True,1
342.5849999999999,355.12,1593.8999999999999,55.89,86.25,0,0,0,0,0,True,False,0
342.7,355.23499999999996,1616.8999999999999,47.035,88.55,0,0,0,0,0,True,False,0
342.7,355.34999999999997,1601.9499999999998,64.285,90.85,0,0,0,0,0,False,True,0
342.5849999999999,355.34999999999997,2824.3999999999996,15.985,94.3,0,0,0,0,0,False,True,0
342.7,355.34999999999997,1620.35,56.464999999999996,97.74999999999999,0,0,0,0,0,False,True,0
342.7,355.23499999999996,1598.4999999999998,61.98499999999999,101.19999999999999,0,0,0,0,0,True,False,0
342.7,355.34999999999997,1930.85,37.26,103.49999999999999,0,0,0,0,0,True,False,1
342.7,355.23499999999996,1734.1999999999998,42.665,105.8,0,0,0,0,0,True,False,0
342.5849999999999,355.12,1933.1499999999999,36.455,108.1,0,0,0,0,0,True,False,0
342.35499999999996,355.12,1689.35,50.255,110.39999999999999,0,0,0,0,0,False,False,0
342.46999999999997,355.12,1634.1499999999999,57.04,116.14999999999999,0,0,0,0,0,True,False,0
342.35499999999996,355.12,1557.1,57.73,118.44999999999999,0,0,0,0,0,True,False,0
342.35499999999996,355.12,1552.4999999999998,65.55,120.74999999999999,0,0,0,0,0,False,True,1
342.46999999999997,355.23499999999996,1474.3,66.815,124.19999999999999,0,0,0,0,0,True,False,0
342.46999999999997,355.34999999999997,1926.2499999999998,34.5,126.49999999999999,0,0,0,0,0,False,True,0
342.5849999999999,355.34999999999997,1753.7499999999998,44.275,129.95,0,0,0,0,0,False,True,0
342.5849999999999,355.34999999999997,1589.3,50.48499999999999,133.39999999999998,0,0,0,0,0,True,False,0
342.5849999999999,355.34999999999997,1667.4999999999998,53.81999999999999,135.7,0,0,0,0,0,True,False,0
342.7,355.465,2093.0,27.14,138.0,0,0,0,0,0,True,False,1
342.7,355.465,2095.2999999999997,27.025,140.29999999999998,0,0,0,0,0,True,False,0
342.7,355.465,1693.9499999999998,50.94499999999999,142.6,0,0,0,0,0,True,False,0
342.815,355.465,1807.8,43.125,144.89999999999998,0,0,0,0,0,False,True,0
342.815,355.34999999999997,2348.2999999999997,20.47,148.35,0,0,0,0,0,False,True,0
342.92999999999995,355.58,2210.2999999999997,25.99,151.79999999999998,0,0,0,0,0,True,False,1
342.92999999999995,355.465,1769.85,41.974999999999994,154.1,0,0,0,0,0,True,False,0
342.92999999999995,355.465,1552.4999999999998,59.8,156.39999999999998,0,0,0,0,0,True,False,0
343.04499999999996,355.465,1613.4499999999998,51.864999999999995,158.7,0,0,0,0,0,True,False,1
343.04499999999996,355.465,2189.6,23.345,161.0,0,0,0,0,0,True,False,1
342.92999999999995,355.23499999999996,1830.8,40.48,163.29999999999998,0,0,0,0,0,False,True,0
342.815,355.00499999999994,1789.3999999999999,36.339999999999996,166.75,0,0,0,0,0,True,False,1
342.815,355.12,2082.6499999999996,29.209999999999997,169.04999999999998,0,0,0,0,0,False,True,0
342.92999999999995,355.12,1674.3999999999999,47.38,172.5,0,0,0,0,0,False,True,0
342.92999999999995,355.12,1651.3999999999999,59.684999999999995,175.95,0,0,0,0,0,False,False,0
342.815,355.00499999999994,1566.3,57.04,181.7,0,0,0,0,0,False,True,0
342.815,355.00499999999994,1935.4499999999998,33.464999999999996,185.14999999999998,0,0,0,0,0,True,False,0
342.92999999999995,355.00499999999994,1459.35,70.035,187.45,0,0,0,0,0,False,True,0
343.04499999999996,355.12,1672.1,56.349999999999994,190.89999999999998,0,0,0,0,0,True,False,1
343.04499999999996,355.12,2032.05,31.395,193.2,0,0,0,0,0,True,False,0
343.04499999999996,355.23499999999996,1964.1999999999998,31.395,195.49999999999997,0,0,0,0,0,True,False,0
343.04499999999996,355.23499999999996,2141.2999999999997,31.049999999999997,197.79999999999998,0,0,0,0,0,True,False,0
343.04499999999996,355.23499999999996,1949.2499999999998,35.305,200.1,0,0,0,0,0,True,False,0
343.04499999999996,355.465,1711.1999999999998,46.69,202.39999999999998,0,0,0,0,0,False,True,0
343.04499999999996,355.34999999999997,1905.55,37.03,205.85,0,0,0,0,0,True,False,0
343.04499999999996,355.34999999999997,2096.45,29.784999999999997,208.14999999999998,0,0,0,0,0,False,False,0
342.92999999999995,355.465,1898.6499999999999,33.12,213.89999999999998,0,0,0,0,0,False,True,0
342.815,355.34999999999997,1762.9499999999998,41.515,217.35,0,0,0,0,0,False,True,0
342.92999999999995,355.34999999999997,1734.1999999999998,46.574999999999996,220.79999999999998,0,0,0,0,0,False,True,0
343.04499999999996,355.465,1858.3999999999999,35.765,224.24999999999997,0,0,0,0,0,True,False,1
342.92999999999995,355.34999999999997,1898.6499999999999,36.224999999999994,226.54999999999998,0,0,0,0,0,True,False,0
342.92999999999995,355.465,1804.35,40.48,228.85,0,0,0,0,0,True,False,1
343.04499999999996,355.465,1490.3999999999999,67.505,231.14999999999998,0,0,0,0,0,False,True,0
343.04499999999996,355.34999999999997,1585.85,49.68,0.0,0,0,0,0,0,False,False,0
342.92999999999995,355.34999999999997,1948.1,32.199999999999996,5.75,0,0,0,0,0,False,True,0
342.92999999999995,355.34999999999997,1583.55,66.46999999999998,9.2,0,0,0,0,0,True,False,0
343.04499999999996,355.34999999999997,1690.4999999999998,44.16,11.5,0,0,0,0,0,False,False,0
343.04499999999996,355.465,1614.6,54.05,17.25,0,0,0,0,0,False,True,0
343.04499999999996,355.465,1831.9499999999998,46.114999999999995,20.7,0,0,0,0,0,True,False,0
343.04499999999996,355.34999999999997,1754.8999999999999,42.434999999999995,23.0,0,0,0,0,0,False,True,0
343.04499999999996,355.23499999999996,1598.4999999999998,57.155,26.45,0,0,0,0,0,False,True,0
342.92999999999995,355.23499999999996,1997.55,29.325,29.9,0,0,0,0,0,True,False,0
342.92999999999995,355.12,1566.3,65.895,32.199999999999996,0,0,0,0,0,True,False,0
342.92999999999995,355.12,1915.8999999999999,36.224999999999994,34.5,0,0,0,0,0,True,False,1
342.92999999999995,355.12,1557.1,70.035,36.8,0,0,0,0,0,True,False,0
342.92999999999995,355.12,1497.3,69.46,39.099999999999994,0,0,0,0,0,True,False,0
342.92999999999995,355.00499999999994,2289.6499999999996,23.575,41.4,0,0,0,0,0,True,False,0
342.92999999999995,354.89,1555.9499999999998,62.214999999999996,43.699999999999996,0,0,0,0,0,True,False,1
342.92999999999995,355.00499999999994,1747.9999999999998,41.055,46.0,0,0,0,0,0,False,False,0
342.92999999999995,355.00499999999994,1642.1999999999998,63.13499999999999,51.74999999999999,0,0,0,0,0,True,False,0
342.92999999999995,355.00499999999994,1845.7499999999998,33.809999999999995,54.05,0,0,0,0,0,True,False,1
342.815,355.00499999999994,1944.6499999999999,34.845,56.349999999999994,0,0,0,0,0,True,False,0
342.92999999999995,355.00499999999994,1664.05,55.66,58.65,0,0,0,0,0,True,False,0
342.92999999999995,355.12,1846.8999999999999,45.885,60.949999999999996,0,0,0,0,0,False,False,0
342.92999999999995,355.12,1891.7499999999998,32.43,66.69999999999999,0,0,0,0,0,False,True,0
342.92999999999995,355.12,1690.4999999999998,49.794999999999995,70.14999999999999,0,0,0,0,0,False,False,0
342.92999999999995,355.23499999999996,1536.3999999999999,51.74999999999999,75.89999999999999,0,0,0,0,0,True,False,0
342.92999999999995,355.23499999999996,1626.1,50.94499999999999,78.19999999999999,0,0,0,0,0,False,True,0
343.04499999999996,355.34999999999997,2072.2999999999997,31.624999999999996,81.64999999999999,0,0,0,0,0,False,True,0
342.92999999999995,355.23499999999996,1935.4499999999998,36.455,85.1,0,0,0,0,0,True,False,1
342.92999999999995,355.34999999999997,1621.4999999999998,54.739999999999995,87.39999999999999,0,0,0,0,0,False,True,0
342.92999999999995,355.23499999999996,1845.7499999999998,36.8,90.85,0,0,0,0,0,True,False,0
342.92999999999995,355.23499999999996,1965.35,32.315,93.14999999999999,0,0,0,0,0,True,False,0
342.92999999999995,355.23499999999996,1660.6,61.065,95.44999999999999,0,0,0,0,0,True,False,0
342.92999999999995,355.23499999999996,1572.05,51.74999999999999,97.74999999999999,0,0,0,0,0,True,False,0
342.92999999999995,355.34999999999997,1630.6999999999998,50.83,100.05,0,0,0,0,0,True,False,1
342.92999999999995,355.34999999999997,1555.9499999999998,66.46999999999998,102.35,0,0,0,0,0,True,False,1
342.92999999999995,355.34999999999997,1889.4499999999998,39.214999999999996,104.64999999999999,0,0,0,0,0,True,False,0
343.04499999999996,355.465,1652.55,43.699999999999996,106.94999999999999,0,0,0,0,0,True,False,0
342.815,355.34999999999997,1652.55,41.63,109.24999999999999,0,0,0,0,0,True,False,0
342.92999999999995,355.34999999999997,1624.9499999999998,55.084999999999994,111.55,0,0,0,0,0,False,True,0
342.92999999999995,355.34999999999997,1752.6,44.964999999999996,114.99999999999999,0,0,0,0,0,False,False,0
342.815,355.23499999999996,1700.85,49.91,120.74999999999999,0,0,0,0,0,False,True,1
342.815,355.23499999999996,1509.9499999999998,58.19,124.19999999999999,0,0,0,0,0,True,False,0
342.815,355.23499999999996,1535.2499999999998,57.959999999999994,126.49999999999999,0,0,0,0,0,False,True,0
342.815,355.23499999999996,1572.05,48.184999999999995,129.95,0,0,0,0,0,True,False,0
342.815,355.23499999999996,1677.85,57.84499999999999,132.25,0,0,0,0,0,False,True,0
342.815,355.23499999999996,2074.6,28.865,135.7,0,0,0,0,0,False,True,0
342.92999999999995,355.34999999999997,1714.6499999999999,44.044999999999995,139.14999999999998,0,0,0,0,0,True,False,1
343.04499999999996,355.465,1767.55,49.449999999999996,141.45,0,0,0,0,0,True,False,0
343.04499999999996,355.465,1892.8999999999999,34.73,143.75,0,0,0,0,0,False,False,0
343.04499999999996,355.58,2050.45,32.545,149.5,0,0,0,0,0,False,True,0
343.04499999999996,355.465,1604.2499999999998,57.26999999999999,152.95,0,0,0,0,0,True,False,1
343.15999999999997,355.465,1636.4499999999998,55.199999999999996,155.25,0,0,0,0,0,True,False,0
343.04499999999996,355.58,1796.3,43.239999999999995,157.54999999999998,0,0,0,0,0,True,False,0
343.15999999999997,355.695,1781.35,46.919999999999995,159.85,0,0,0,0,0,True,False,0
343.15999999999997,355.80999999999995,1770.9999999999998,49.68,162.14999999999998,0,0,0,0,0,True,False,0
343.275,355.80999999999995,1808.9499999999998,38.64,164.45,0,0,0,0,0,False,False,0
343.275,355.80999999999995,1630.6999999999998,51.864999999999995,170.2,0,0,0,0,0,True,False,0
343.275,355.80999999999995,1799.7499999999998,38.755,172.5,0,0,0,0,0,False,True,0
343.275,355.92499999999995,1804.35,47.15,175.95,0,0,0,0,0,True,False,1
343.275,355.80999999999995,1629.55,47.38,178.25,0,0,0,0,0,False,False,1
343.275,355.92499999999995,1701.9999999999998,43.815,184.0,0,0,0,0,0,True,False,0
343.275,355.80999999999995,1568.6,51.175,186.29999999999998,0,0,0,0,0,True,False,0
343.275,355.80999999999995,2197.6499999999996,24.724999999999998,188.6,0,0,0,0,0,True,False,0
343.15999999999997,355.695,1620.35,49.565,190.89999999999998,0,0,0,0,0,True,False,0
343.15999999999997,355.58,1535.2499999999998,61.525,193.2,0,0,0,0,0,True,False,0
343.275,355.695,1738.8,43.815,195.49999999999997,0,0,0,0,0,False,True,0
343.39,355.80999999999995,1664.05,46.23,198.95,0,0,0,0,0,True,False,1
343.39,355.695,1767.55,43.239999999999995,201.24999999999997,0,0,0,0,0,True,False,0
343.39,355.695,1736.4999999999998,46.919999999999995,203.54999999999998,0,0,0,0,0,False,True,0
343.39,355.695,1928.55,35.879999999999995,206.99999999999997,0,0,0,0,0,True,False,0
343.275,355.58,1729.6,38.755,209.29999999999998,0,0,0,0,0,True,False,0
343.275,355.465,2358.6499999999996,21.849999999999998,211.6,0,0,0,0,0,False,False,0
343.275,355.465,1695.1,47.49499999999999,217.35,0,0,0,0,0,True,False,0
343.15999999999997,355.34999999999997,1733.05,41.515,219.64999999999998,0,0,0,0,0,False,True,1
343.15999999999997,355.23499999999996,1720.3999999999999,43.584999999999994,223.1,0,0,0,0,0,True,False,0
343.275,355.34999999999997,2209.1499999999996,25.299999999999997,225.39999999999998,0,0,0,0,0,False,True,1
343.275,355.34999999999997,1667.4999999999998,46.574999999999996,228.85,0,0,0,0,0,True,False,0
343.15999999999997,355.23499999999996,1612.3,51.519999999999996,231.14999999999998,0,0,0,0,0,True,False,0
343.15999999999997,355.23499999999996,1726.1499999999999,57.49999999999999,233.45,0,0,0,0,0,True,False,0
343.275,355.23499999999996,1983.7499999999998,36.684999999999995,235.74999999999997,0,0,0,0,0,True,False,0
343.275,355.23499999999996,1724.9999999999998,46.34499999999999,238.04999999999998,0,0,0,0,0,False,False,0
343.275,355.34999999999997,1760.6499999999999,35.419999999999995,243.79999999999998,0,0,0,0,0,False,False,0
343.275,355.34999999999997,1676.6999999999998,51.519999999999996,249.54999999999998,0,0,0,0,0,True,False,0
343.15999999999997,355.23499999999996,1813.55,42.665,0.0,0,0,0,0,0,False,False,0
343.04499999999996,355.23499999999996,1567.4499999999998,53.015,5.75,0,0,0,0,0,False,True,0
343.04499999999996,355.23499999999996,1961.8999999999999,36.57,9.2,0,0,0,0,0,False,False,1
343.04499999999996,355.12,1599.6499999999999,57.959999999999994,14.95,0,0,0,0,0,False,True,0
342.92999999999995,355.12,1858.3999999999999,38.755,18.4,0,0,0,0,0,True,False,0
342.92999999999995,355.12,1658.3,54.05,20.7,0,0,0,0,0,True,False,0
342.92999999999995,355.12,1869.8999999999999,46.459999999999994,23.0,0,0,0,0,0,False,True,0
342.92999999999995,355.00499999999994,1639.8999999999999,48.989999999999995,26.45,0,0,0,0,0,False,True,0
342.92999999999995,355.00499999999994,1651.3999999999999,56.464999999999996,29.9,0,0,0,0,0,True,False,0
342.92999999999995,355.00499999999994,1838.85,41.63,32.199999999999996,0,0,0,0,0,False,True,0
342.92999999999995,355.00499999999994,2513.8999999999996,20.47,35.65,0,0,0,0,0,True,False,0
343.04499999999996,355.12,1891.7499999999998,34.959999999999994,37.949999999999996,0,0,0,0,0,True,False,0
342.92999999999995,355.00499999999994,2046.9999999999998,32.084999999999994,40.25,0,0,0,0,0,True,False,0
342.92999999999995,355.12,1546.7499999999998,50.94499999999999,42.55,0,0,0,0,0,True,False,0
342.92999999999995,355.12,1848.05,36.684999999999995,44.849999999999994,0,0,0,0,0,False,True,0
343.04499999999996,355.23499999999996,1964.1999999999998,32.199999999999996,48.3,0,0,0,0,0,True,False,0
343.04499999999996,355.23499999999996,1460.5,60.605,50.599999999999994,0,0,0,0,0,True,False,0
343.04499999999996,355.23499999999996,1892.8999999999999,29.209999999999997,52.9,0,0,0,0,0,False,True,0
342.92999999999995,355.00499999999994,1618.05,51.864999999999995,56.349999999999994,0,0,0,0,0,True,False,1
342.815,355.00499999999994,1818.1499999999999,54.50999999999999,58.65,0,0,0,0,0,False,True,0
342.7,354.89,1761.8,48.989999999999995,62.099999999999994,0,0,0,0,0,True,False,0
342.7,354.89,1851.4999999999998,38.065,64.39999999999999,0,0,0,0,0,True,False,0
342.7,354.775,1934.3,37.949999999999996,66.69999999999999,0,0,0,0,0,False,True,0
342.5849999999999,354.775,1746.85,39.44499999999999,70.14999999999999,0,0,0,0,0,True,False,0
342.5849999999999,354.775,1935.4499999999998,32.775,72.44999999999999,0,0,0,0,0,True,False,0
342.7,354.89,1442.1,64.16999999999999,74.75,0,0,0,0,0,False,True,0
342.7,354.775,1680.1499999999999,55.199999999999996,78.19999999999999,0,0,0,0,0,True,False,1
342.5849999999999,354.775,1692.8,51.864999999999995,80.5,0,0,0,0,0,True,False,0
342.35499999999996,354.65999999999997,1736.4999999999998,44.39,82.8,0,0,0,0,0,True,False,0
342.35499999999996,354.54499999999996,1779.05,42.31999999999999,85.1,0,0,0,0,0,False,True,0
342.35499999999996,354.65999999999997,1630.6999999999998,59.684999999999995,88.55,0,0,0,0,0,False,False,1
342.35499999999996,354.65999999999997,1482.35,58.99499999999999,94.3,0,0,0,0,0,True,False,0
342.35499999999996,354.65999999999997,1710.05,47.60999999999999,96.6,0,0,0,0,0,True,False,1
342.35499999999996,354.775,1670.9499999999998,52.324999999999996,98.89999999999999,0,0,0,0,0,True,False,0
342.46999999999997,354.775,1685.8999999999999,51.405,101.19999999999999,0,0,0,0,0,False,True,0
342.35499999999996,354.65999999999997,1481.1999999999998,56.925,104.64999999999999,0,0,0,0,0,False,False,0
342.35499999999996,354.65999999999997,1998.6999999999998,31.854999999999997,110.39999999999999,0,0,0,0,0,False,False,1
342.35499999999996,354.54499999999996,1711.1999999999998,47.15,116.14999999999999,0,0,0,0,0,False,False,1
342.24,354.54499999999996,2088.3999999999996,33.12,121.89999999999999,0,0,0,0,0,True,False,0
342.125,354.42999999999995,1631.85,55.775,124.19999999999999,0,0,0,0,0,True,False,0
342.00999999999993,354.315,1650.2499999999998,52.555,126.49999999999999,0,0,0,0,0,True,False,0
342.125,354.315,1701.9999999999998,48.76,128.79999999999998,0,0,0,0,0,False,True,0
342.125,354.42999999999995,1851.4999999999998,38.64,132.25,0,0,0,0,0,True,False,0
342.125,354.315,1780.1999999999998,43.93,134.54999999999998,0,0,0,0,0,False,False,0
342.24,354.315,1585.85,66.00999999999999,140.29999999999998,0,0,0,0,0,False,True,0
342.125,354.315,2193.0499999999997,27.025,143.75,0,0,0,0,0,False,True,0
342.125,354.2,2337.95,19.205,147.2,0,0,0,0,0,False,True,0
342.00999999999993,354.0849999999999,1598.4999999999998,59.8,150.64999999999998,0,0,0,0,0,False,False,0
342.125,354.0849999999999,1775.6,43.584999999999994,156.39999999999998,0,0,0,0,0,False,True,0
342.24,354.2,1446.6999999999998,66.00999999999999,159.85,0,0,0,0,0,True,False,0
342.125,354.2,1793.9999999999998,44.849999999999994,162.14999999999998,0,0,0,0,0,False,True,0
342.24,354.42999999999995,2381.6499999999996,21.275,165.6,0,0,0,0,0,False,False,0
342.24,354.315,1652.55,53.24499999999999,171.35,0,0,0,0,0,True,False,1
342.35499999999996,354.42999999999995,1712.35,49.449999999999996,173.64999999999998,0,0,0,0,0,False,False,0
342.35499999999996,354.42999999999995,1534.1,60.949999999999996,179.39999999999998,0,0,0,0,0,True,False,1
342.35499999999996,354.42999999999995,1724.9999999999998,45.885,181.7,0,0,0,0,0,True,False,0
342.46999999999997,354.54499999999996,1722.6999999999998,54.394999999999996,184.0,0,0,0,0,0,True,False,0
342.35499999999996,354.42999999999995,1575.4999999999998,61.41,186.29999999999998,0,0,0,0,0,False,True,0
342.35499999999996,354.42999999999995,1754.8999999999999,46.114999999999995,189.74999999999997,0,0,0,0,0,False,False,0
342.46999999999997,354.54499999999996,1698.55,51.519999999999996,195.49999999999997,0,0,0,0,0,True,False,0
342.35499999999996,354.42999999999995,1662.8999999999999,50.48499999999999,197.79999999999998,0,0,0,0,0,True,False,0
342.35499999999996,354.42999999999995,1977.9999999999998,29.439999999999998,200.1,0,0,0,0,0,False,True,0
342.35499999999996,354.315,1994.1,35.305,203.54999999999998,0,0,0,0,0,True,False,0
342.35499999999996,354.315,1951.55,33.464999999999996,205.85,0,0,0,0,0,True,False,0
342.35499999999996,354.42999999999995,2308.0499999999997,22.195,208.14999999999998,0,0,0,0,0,True,False,1
342.35499999999996,354.315,1689.35,56.11999999999999,210.45,0,0,0,0,0,False,True,0
342.35499999999996,354.315,2517.35,17.939999999999998,213.89999999999998,0,0,0,0,0,False,True,0
342.46999999999997,354.54499999999996,1650.2499999999998,57.614999999999995,217.35,0,0,0,0,0,True,False,1
342.5849999999999,354.65999999999997,1882.55,39.675,219.64999999999998,0,0,0,0,0,False,False,0
342.7,354.775,1913.6,32.545,225.39999999999998,0,0,0,0,0,True,False,0
342.7,354.775,1915.8999999999999,35.65,227.7,0,0,0,0,0,False,True,0
342.7,354.775,1614.6,53.589999999999996,231.14999999999998,0,0,0,0,0,True,False,1
342.7,354.775,1957.3,30.705,233.45,0,0,0,0,0,True,False,0
342.815,354.89,1654.85,51.63499999999999,235.74999999999997,0,0,0,0,0,True,False,0
342.815,354.89,1557.1,61.98499999999999,238.04999999999998,0,0,0,1,0,True,False,0
342.92999999999995,355.00499999999994,1565.1499999999999,50.83,0.0,0,0,0,0,0,False,True,0
342.815,354.775,1682.4499999999998,52.785,3.4499999999999997,0,0,0,0,0,False,True,0
342.815,354.65999999999997,1742.2499999999998,50.36999999999999,6.8999999999999995,0,0,0,0,0,False,False,1
342.7,354.65999999999997,1646.8,53.13,12.649999999999999,0,0,0,0,0,True,False,1
342.7,354.65999999999997,2197.6499999999996,25.299999999999997,14.95,0,0,0,0,0,True,False,0
342.7,354.65999999999997,1692.8,48.3,17.25,0,0,0,0,0,True,False,0
342.815,354.775,1589.3,62.675,19.549999999999997,0,0,0,0,0,False,True,0
342.815,354.775,1914.7499999999998,34.04,23.0,0,0,0,0,0,True,False,0
342.815,354.775,1927.3999999999999,35.074999999999996,25.299999999999997,0,0,0,0,0,True,False,0
342.7,354.775,1822.7499999999998,37.949999999999996,27.599999999999998,0,0,0,0,0,False,True,0
342.815,354.89,1627.2499999999998,53.24499999999999,31.049999999999997,0,0,0,0,0,False,True,1
342.815,355.00499999999994,1542.1499999999999,64.05499999999999,34.5,0,0,0,0,0,True,False,0
342.92999999999995,355.12,1770.9999999999998,40.019999999999996,36.8,0,0,0,0,0,True,False,0
342.92999999999995,355.12,2112.5499999999997,32.66,39.099999999999994,0,0,0,0,0,False,False,0
342.92999999999995,355.12,1722.6999999999998,41.4,44.849999999999994,0,0,0,0,0,True,False,0
342.815,355.00499999999994,1921.6499999999999,33.12,47.15,0,0,0,0,0,True,False,0
342.7,354.89,1644.4999999999998,65.55,49.449999999999996,0,0,0,0,0,True,False,0
342.7,355.00499999999994,1861.85,46.114999999999995,51.74999999999999,0,0,0,0,0,True,False,0
342.7,355.00499999999994,1644.4999999999998,59.684999999999995,54.05,0,0,0,0,0,False,True,0
342.7,354.89,1869.8999999999999,38.294999999999995,57.49999999999999,0,0,0,0,0,True,False,0
342.7,355.00499999999994,1659.4499999999998,56.69499999999999,59.8,0,0,0,0,0,True,False,0
342.7,354.89,1703.1499999999999,48.87499999999999,62.099999999999994,0,0,0,0,0,True,False,0
342.815,355.00499999999994,1756.05,49.449999999999996,64.39999999999999,0,0,0,0,0,False,True,0
342.815,355.00499999999994,1512.2499999999998,65.32,67.85,0,0,0,0,0,False,True,0
342.815,355.12,1647.9499999999998,55.43,71.3,0,0,0,0,0,False,True,0
342.815,355.12,1584.6999999999998,61.525,74.75,0,0,0,0,0,False,True,0
342.815,355.12,1646.8,49.91,78.19999999999999,0,0,0,0,0,True,False,1
342.815,355.12,1603.1,55.084999999999994,80.5,0,0,0,0,0,False,True,1
342.7,355.12,1622.6499999999999,61.86999999999999,83.94999999999999,0,0,0,0,0,False,False,0
342.815,355.23499999999996,2456.3999999999996,18.285,89.69999999999999,0,0,0,0,0,True,False,0
342.92999999999995,355.34999999999997,1662.8999999999999,52.669999999999995,92.0,0,0,0,0,0,False,True,0
342.815,355.23499999999996,1596.1999999999998,61.525,95.44999999999999,0,0,0,0,0,False,False,0
342.815,355.23499999999996,1521.4499999999998,59.455,101.19999999999999,0,0,0,0,0,False,True,0
342.92999999999995,355.34999999999997,2046.9999999999998,33.695,104.64999999999999,0,0,0,0,0,True,False,0
342.815,355.12,1649.1,48.06999999999999,106.94999999999999,0,0,0,0,0,False,True,0
342.7,355.00499999999994,1718.1,48.989999999999995,110.39999999999999,0,0,0,0,0,False,True,0
342.7,355.00499999999994,1766.3999999999999,45.54,113.85,0,0,0,0,0,False,False,0
342.7,355.00499999999994,1600.8,61.41,119.6,0,0,0,0,0,False,True,0
342.92999999999995,355.34999999999997,1563.9999999999998,65.32,123.05,0,0,0,0,0,False,False,1
343.15999999999997,355.58,1820.4499999999998,40.709999999999994,128.79999999999998,0,0,0,0,0,True,False,0
343.275,355.58,2280.45,23.229999999999997,131.1,0,0,0,0,0,True,False,0
343.275,355.695,1874.4999999999998,38.294999999999995,133.39999999999998,0,0,0,0,0,True,False,0
343.275,355.695,1945.8,30.705,135.7,0,0,0,0,0,False,True,0
343.15999999999997,355.465,1629.55,46.69,139.14999999999998,0,0,0,0,0,True,False,1
343.15999999999997,355.465,1815.85,41.515,141.45,0,0,0,0,0,True,False,0
343.15999999999997,355.58,1608.85,51.98,143.75,0,0,0,0,0,False,True,0
343.15999999999997,355.58,1626.1,53.35999999999999,147.2,0,0,0,0,0,False,True,0
343.275,355.695,1805.4999999999998,46.114999999999995,150.64999999999998,0,0,0,0,0,True,False,0
343.275,355.695,1784.8,42.31999999999999,152.95,0,0,0,0,0,False,True,0
343.39,355.80999999999995,1655.9999999999998,55.43,156.39999999999998,0,0,0,0,0,True,False,0
343.39,355.80999999999995,1678.9999999999998,50.36999999999999,158.7,0,0,0,0,0,False,True,0
343.39,355.80999999999995,1691.6499999999999,55.199999999999996,162.14999999999998,0,0,0,0,0,True,False,0
343.39,355.695,1957.3,31.74,164.45,0,0,0,0,0,True,False,0
343.39,355.80999999999995,1581.2499999999998,63.709999999999994,166.75,0,0,0,0,0,True,False,0
343.39,355.80999999999995,1952.6999999999998,38.18,169.04999999999998,0,0,0,0,0,True,False,0
343.39,355.80999999999995,1654.85,54.165,171.35,0,0,0,0,0,False,False,1
343.39,355.80999999999995,2040.1,31.624999999999996,177.1,0,0,0,0,0,False,True,0
343.50499999999994,355.80999999999995,1581.2499999999998,55.544999999999995,180.54999999999998,0,0,0,0,0,False,True,1
343.50499999999994,355.92499999999995,1662.8999999999999,46.0,184.0,0,0,0,0,0,True,False,1
343.50499999999994,356.04,1673.2499999999998,53.81999999999999,186.29999999999998,0,0,0,0,0,False,True,0
343.62,356.04,1751.4499999999998,48.184999999999995,189.74999999999997,0,0,0,0,0,True,False,1
343.62,356.04,1945.8,36.684999999999995,192.04999999999998,0,0,0,0,0,False,True,0
343.62,356.04,1946.9499999999998,38.294999999999995,195.49999999999997,0,0,0,0,0,False,True,1
343.62,356.04,2173.5,27.599999999999998,198.95,0,0,0,0,0,True,False,0
343.73499999999996,356.04,1839.9999999999998,38.525,201.24999999999997,0,0,0,0,0,False,False,0
343.73499999999996,356.04,1649.1,50.36999999999999,206.99999999999997,0,0,0,0,0,False,True,0
343.73499999999996,356.04,1569.7499999999998,58.535,210.45,0,0,0,0,0,True,False,0
343.62,356.04,1505.35,66.00999999999999,212.74999999999997,0,0,0,0,0,False,False,1
343.73499999999996,356.04,1777.8999999999999,40.59499999999999,218.49999999999997,0,0,0,0,0,False,False,0
343.73499999999996,356.04,1912.4499999999998,38.755,224.24999999999997,0,0,0,0,0,True,False,0
343.73499999999996,356.04,1827.35,39.33,226.54999999999998,0,0,0,0,0,True,False,0
343.73499999999996,356.04,1692.8,52.9,228.85,0,0,0,0,0,False,True,0
343.73499999999996,356.04,1820.4499999999998,45.769999999999996,232.29999999999998,0,0,0,0,0,True,False,0
343.73499999999996,356.04,1802.05,39.675,234.6,0,0,0,0,0,False,True,0
343.73499999999996,356.155,1618.05,48.184999999999995,238.04999999999998,0,0,0,0,0,True,False,0
343.84999999999997,356.155,1630.6999999999998,51.405,240.35,0,0,0,0,0,False,True,0
343.84999999999997,356.155,1712.35,46.805,243.79999999999998,0,0,0,0,0,False,True,0
343.965,356.38499999999993,1823.8999999999999,42.089999999999996,247.24999999999997,0,0,0,0,0,True,False,0
343.965,356.27,1607.6999999999998,63.709999999999994,249.54999999999998,0,0,0,1,0,True,False,1
344.08,356.38499999999993,1743.3999999999999,47.60999999999999,251.85,0,0,0,0,0,True,False,0
344.195,356.5,1578.9499999999998,51.519999999999996,254.14999999999998,0,0,0,0,0,False,False,0
344.08,356.5,1551.35,57.959999999999994,259.9,0,0,0,0,0,False,True,0
343.965,356.38499999999993,1659.4499999999998,46.34499999999999,0.0,0,0,0,0,0,False,False,1
344.08,356.615,1773.3,41.515,5.75,0,0,0,0,0,False,False,0
344.08,356.615,1764.1,43.355,11.5,0,0,0,0,0,True,False,0
344.08,356.72999999999996,1951.55,35.19,13.799999999999999,0,0,0,0,0,True,False,0
344.195,356.84499999999997,1605.3999999999999,54.50999999999999,16.099999999999998,0,0,0,0,0,True,False,1
344.195,356.72999999999996,1719.2499999999998,56.58,18.4,0,0,0,0,0,True,False,0
344.08,356.84499999999997,1783.6499999999999,51.519999999999996,20.7,0,0,0,0,0,False,True,1
344.08,356.84499999999997,1655.9999999999998,54.05,24.15,0,0,0,0,0,True,False,0
344.08,356.84499999999997,1643.35,46.114999999999995,26.45,0,0,0,0,0,True,False,1
344.195,356.9599999999999,1780.1999999999998,47.839999999999996,28.749999999999996,0,0,0,0,0,False,False,0
344.195,357.075,1730.7499999999998,44.61999999999999,34.5,0,0,0,0,0,True,False,0
344.08,356.9599999999999,1852.6499999999999,41.85999999999999,36.8,0,0,0,0,0,True,False,0
344.08,356.9599999999999,1727.3,45.769999999999996,39.099999999999994,0,0,0,0,0,False,True,0
344.08,356.9599999999999,1729.6,49.794999999999995,42.55,0,0,0,0,0,False,True,0
343.965,356.84499999999997,1666.35,46.805,46.0,0,0,0,0,0,True,False,0
343.84999999999997,356.72999999999996,1811.2499999999998,43.46999999999999,48.3,0,0,0,0,0,True,False,0
343.84999999999997,356.72999999999996,1837.6999999999998,38.41,50.599999999999994,0,0,0,0,0,False,True,0
343.84999999999997,356.615,1628.3999999999999,52.785,54.05,0,0,0,0,0,True,False,0
343.84999999999997,356.72999999999996,1934.3,33.12,56.349999999999994,0,0,0,0,0,True,False,0
343.73499999999996,356.615,1542.1499999999999,62.675,58.65,0,0,0,0,0,True,False,0
343.73499999999996,356.615,1751.4499999999998,44.964999999999996,60.949999999999996,0,0,0,0,0,True,False,0
343.84999999999997,356.615,1816.9999999999998,48.184999999999995,63.24999999999999,0,0,0,0,0,True,False,0
343.84999999999997,356.615,1760.6499999999999,41.4,65.55,0,0,0,0,0,True,False,0
343.84999999999997,356.615,1581.2499999999998,56.23499999999999,67.85,0,0,0,0,0,True,False,0
343.73499999999996,356.615,1706.6,46.459999999999994,70.14999999999999,0,0,0,0,0,False,True,0
343.84999999999997,356.72999999999996,1905.55,37.144999999999996,73.6,0,0,0,0,0,False,True,0
343.84999999999997,356.72999999999996,1718.1,46.69,77.05,0,0,0,0,0,True,False,1
343.84999999999997,356.84499999999997,1906.6999999999998,31.74,79.35,0,0,0,0,0,False,False,0
343.965,356.84499999999997,1622.6499999999999,48.415,85.1,0,0,0,0,0,True,False,1
344.08,356.9599999999999,1604.2499999999998,63.709999999999994,87.39999999999999,0,0,0,0,0,False,True,0
343.965,356.9599999999999,1782.4999999999998,50.48499999999999,90.85,0,0,0,0,0,True,False,0
343.965,356.84499999999997,1417.9499999999998,67.85,93.14999999999999,0,0,0,0,0,False,True,1
343.965,356.84499999999997,1677.85,53.705,96.6,0,0,0,0,0,True,False,1
343.965,356.9599999999999,1615.7499999999998,61.63999999999999,98.89999999999999,0,0,0,0,0,False,False,0
344.08,357.075,1676.6999999999998,50.714999999999996,104.64999999999999,0,0,0,0,0,True,False,1
344.08,357.075,1591.6,56.004999999999995,106.94999999999999,0,0,0,0,0,True,False,0
344.08,357.075,1960.7499999999998,33.925,109.24999999999999,0,0,0,0,0,True,False,0
344.195,357.19,1659.4499999999998,52.555,111.55,0,0,0,0,0,True,False,0
344.195,357.19,1850.35,36.10999999999999,113.85,0,0,0,0,0,False,True,0
344.195,357.075,2090.7,29.9,117.3,0,0,0,0,0,True,False,0
344.195,357.19,1675.55,48.415,119.6,0,0,0,0,0,False,True,0
344.195,357.19,1701.9999999999998,51.864999999999995,123.05,0,0,0,0,0,True,False,1
344.30999999999995,357.41999999999996,1637.6,54.855,125.35,0,0,0,0,0,True,False,0
344.30999999999995,357.41999999999996,1872.1999999999998,46.23,127.64999999999999,0,0,0,0,0,False,True,0
344.42499999999995,357.41999999999996,2017.1,35.995,131.1,0,0,0,0,0,False,True,0
344.54,357.53499999999997,1973.3999999999999,32.775,134.54999999999998,0,0,0,0,0,True,False,1
344.42499999999995,357.53499999999997,1584.6999999999998,56.004999999999995,136.85,0,0,0,0,0,False,True,0
344.54,357.65,1964.1999999999998,35.65,140.29999999999998,0,0,0,0,0,True,False,0
344.54,357.65,1644.4999999999998,44.044999999999995,142.6,0,0,0,0,0,True,False,0
344.655,357.87999999999994,1793.9999999999998,50.48499999999999,144.89999999999998,0,0,0,0,0,False,True,1
344.54,357.765,1930.85,35.305,148.35,0,0,0,0,0,True,False,0
344.54,357.765,1749.1499999999999,42.78,150.64999999999998,0,0,0,0,0,True,False,0
344.54,357.765,1896.35,38.86999999999999,152.95,0,0,0,0,0,False,True,0
344.42499999999995,357.65,1668.6499999999999,49.794999999999995,156.39999999999998,0,0,0,0,0,False,True,0
344.30999999999995,357.41999999999996,1599.6499999999999,56.23499999999999,159.85,0,0,0,0,0,True,False,0
344.195,357.41999999999996,1751.4499999999998,47.035,162.14999999999998,0,0,0,0,0,False,True,0
344.195,357.30499999999995,1719.2499999999998,45.08,165.6,0,0,0,0,0,True,False,0
344.195,357.30499999999995,1655.9999999999998,52.324999999999996,167.89999999999998,0,0,0,0,0,False,True,0
344.30999999999995,357.41999999999996,1822.7499999999998,36.10999999999999,171.35,0,0,0,0,0,False,False,1
344.42499999999995,357.41999999999996,1580.1,55.544999999999995,177.1,0,0,0,0,0,True,False,0
344.42499999999995,357.41999999999996,1733.05,46.23,179.39999999999998,0,0,0,0,0,False,True,0
344.42499999999995,357.53499999999997,1813.55,39.79,182.85,0,0,0,0,0,False,True,0
344.42499999999995,357.53499999999997,1720.3999999999999,44.275,186.29999999999998,0,0,0,0,0,True,False,0
344.54,357.53499999999997,1710.05,48.87499999999999,188.6,0,0,0,0,0,True,False,0
344.54,357.53499999999997,2130.95,30.244999999999997,190.89999999999998,0,0,0,0,0,True,False,0
344.655,357.65,1650.2499999999998,57.614999999999995,193.2,0,0,0,0,0,False,True,0
344.77,357.765,2027.4499999999998,29.325,196.64999999999998,0,0,0,0,0,False,True,0
344.77,357.765,2093.0,28.634999999999994,200.1,0,0,0,0,0,True,False,1
344.77,357.765,1722.6999999999998,43.815,202.39999999999998,0,0,0,0,0,False,True,0
344.77,357.765,1843.4499999999998,40.365,205.85,0,0,0,0,0,True,False,0
344.77,357.765,1623.8,48.87499999999999,208.14999999999998,0,0,0,0,0,True,False,1
344.77,357.765,1826.1999999999998,43.699999999999996,210.45,0,0,0,0,0,True,False,0
344.77,357.65,2240.2,23.0,212.74999999999997,0,0,0,0,0,False,True,1
344.655,357.53499999999997,1591.6,55.43,216.2,0,0,0,0,0,True,False,0
344.655,357.41999999999996,1827.35,41.4,218.49999999999997,0,0,0,0,0,True,False,0
344.655,357.41999999999996,1615.7499999999998,54.739999999999995,220.79999999999998,0,0,0,0,0,False,True,0
344.655,357.53499999999997,1714.6499999999999,46.114999999999995,224.24999999999997,0,0,0,0,0,True,False,0
344.655,357.41999999999996,1630.6999999999998,53.589999999999996,226.54999999999998,0,0,0,0,0,False,False,0
344.54,357.41999999999996,1843.4499999999998,40.709999999999994,232.29999999999998,0,0,0,0,0,False,True,0
344.54,357.30499999999995,2210.2999999999997,26.794999999999998,235.74999999999997,1,0,0,0,0,True,False,0
344.42499999999995,357.30499999999995,1568.6,56.925,0.0,0,0,0,0,0,False,True,0
344.30999999999995,357.30499999999995,1783.6499999999999,47.38,3.4499999999999997,0,0,0,0,0,True,False,0
344.42499999999995,357.30499999999995,1827.35,38.525,5.75,0,0,0,0,0,True,False,1
344.42499999999995,357.30499999999995,1636.4499999999998,64.975,8.049999999999999,0,0,0,0,0,False,True,0
344.30999999999995,357.19,1630.6999999999998,61.065,11.5,0,0,0,0,0,True,False,0
344.195,357.075,1614.6,54.62499999999999,13.799999999999999,0,0,0,0,0,False,True,0
344.195,357.075,1473.1499999999999,68.77,17.25,0,0,0,0,0,True,False,0
344.195,357.075,1758.35,47.49499999999999,19.549999999999997,0,0,0,0,0,True,False,0
344.195,357.075,1797.4499999999998,48.415,21.849999999999998,0,0,0,0,0,False,True,0
344.30999999999995,357.19,1550.1999999999998,62.675,25.299999999999997,0,0,0,0,0,True,False,0
344.195,357.075,1681.3,46.574999999999996,27.599999999999998,0,0,0,0,0,False,True,1
344.195,356.9599999999999,1736.4999999999998,52.324999999999996,31.049999999999997,0,0,0,0,0,False,False,0
344.08,356.9599999999999,1692.8,49.794999999999995,36.8,0,0,0,0,0,True,False,0
344.08,356.9599999999999,1523.7499999999998,59.8,39.099999999999994,0,0,0,0,0,False,True,0
344.08,356.9599999999999,1805.4999999999998,42.894999999999996,42.55,0,0,0,0,0,True,False,0
344.08,356.9599999999999,1585.85,53.81999999999999,44.849999999999994,0,0,0,0,0,True,False,1
343.965,356.72999999999996,1554.8,60.71999999999999,47.15,0,0,0,0,0,True,False,1
343.965,356.84499999999997,1986.05,33.004999999999995,49.449999999999996,0,0,0,0,0,True,False,1
343.84999999999997,356.615,1646.8,57.49999999999999,51.74999999999999,0,0,0,0,0,False,False,0
343.73499999999996,356.615,1685.8999999999999,49.91,57.49999999999999,0,0,0,0,0,True,False,0
343.73499999999996,356.615,1736.4999999999998,43.699999999999996,59.8,0,0,0,0,0,True,False,0
343.84999999999997,356.72999999999996,1713.4999999999998,47.265,62.099999999999994,0,0,0,0,0,True,False,0
343.84999999999997,356.615,1682.4499999999998,43.01,64.39999999999999,0,0,0,0,0,True,False,0
343.73499999999996,356.5,1795.1499999999999,52.09499999999999,66.69999999999999,0,0,0,0,0,False,True,0
343.73499999999996,356.615,2425.35,20.7,70.14999999999999,0,0,0,0,0,True,False,1
343.73499999999996,356.72999999999996,1960.7499999999998,37.375,72.44999999999999,0,0,0,0,0,True,False,0
343.73499999999996,356.615,1781.35,46.23,74.75,0,0,0,0,0,False,True,1
343.84999999999997,356.72999999999996,1882.55,43.699999999999996,78.19999999999999,0,0,0,0,0,False,False,0
343.73499999999996,356.615,1706.6,43.584999999999994,83.94999999999999,0,0,0,0,0,False,True,0
343.73499999999996,356.615,1611.1499999999999,51.059999999999995,87.39999999999999,0,0,0,0,0,True,False,0
343.73499999999996,356.615,1806.6499999999999,42.31999999999999,89.69999999999999,0,0,0,0,0,True,False,0
343.73499999999996,356.615,1739.9499999999998,47.724999999999994,92.0,0,0,0,0,0,False,True,0
343.84999999999997,356.615,1690.4999999999998,46.34499999999999,95.44999999999999,0,0,0,0,0,True,False,0
343.84999999999997,356.615,1730.7499999999998,47.49499999999999,97.74999999999999,0,0,0,0,0,True,False,0
343.84999999999997,356.72999999999996,1646.8,48.53,100.05,0,0,0,0,0,True,False,0
343.84999999999997,356.72999999999996,1868.7499999999998,36.57,102.35,0,0,0,0,0,False,True,0
343.84999999999997,356.72999999999996,1583.55,71.875,105.8,0,0,1,0,0,True,False,1
343.965,356.84499999999997,1657.1499999999999,50.48499999999999,108.1,0,0,0,0,0,False,True,0
343.84999999999997,356.72999999999996,1798.6,45.885,111.55,0,0,0,0,0,False,True,0
343.73499999999996,356.615,1816.9999999999998,42.894999999999996,114.99999999999999,0,0,0,0,0,True,False,0
343.84999999999997,356.72999999999996,1743.3999999999999,40.59499999999999,117.3,0,0,0,0,0,True,False,0
343.84999999999997,356.615,1664.05,49.21999999999999,119.6,0,0,0,0,0,True,False,1
343.73499999999996,356.5,1521.4499999999998,60.834999999999994,121.89999999999999,0,0,0,0,0,False,True,1
343.73499999999996,356.5,1690.4999999999998,52.785,125.35,0,0,0,0,0,True,False,0
343.84999999999997,356.5,2356.35,22.424999999999997,127.64999999999999,0,0,0,0,0,False,True,0
343.73499999999996,356.5,2063.1,31.279999999999998,131.1,0,0,0,0,0,True,False,0
343.73499999999996,356.615,1559.3999999999999,54.96999999999999,133.39999999999998,0,0,0,0,0,True,False,0
343.84999999999997,356.615,1788.2499999999998,44.39,135.7,0,0,0,0,0,False,False,0
343.84999999999997,356.615,1710.05,54.62499999999999,141.45,0,0,0,0,0,False,True,0
343.84999999999997,356.5,1542.1499999999999,67.735,144.89999999999998,0,0,0,0,0,False,True,0
343.73499999999996,356.5,1710.05,42.089999999999996,148.35,0,0,0,0,0,False,True,1
343.84999999999997,356.5,1804.35,39.44499999999999,151.79999999999998,0,0,0,0,0,False,False,0
343.84999999999997,356.615,2360.95,22.654999999999998,157.54999999999998,0,0,0,0,0,False,False,0
343.84999999999997,356.615,1820.4499999999998,41.169999999999995,163.29999999999998,0,0,0,0,0,True,False,0
343.84999999999997,356.5,1922.8,38.18,165.6,0,0,0,0,0,True,False,1
343.84999999999997,356.5,1537.55,66.00999999999999,167.89999999999998,0,0,0,0,0,False,True,0
343.965,356.615,1634.1499999999999,47.38,171.35,0,0,0,0,0,False,False,0
343.965,356.72999999999996,1638.7499999999998,60.605,177.1,0,0,0,0,0,True,False,0
344.08,356.72999999999996,1850.35,38.18,179.39999999999998,0,0,0,0,0,True,False,0
344.08,356.84499999999997,1733.05,47.49499999999999,181.7,0,0,0,0,0,True,False,1
344.08,356.84499999999997,1682.4499999999998,44.73499999999999,184.0,0,0,0,0,0,True,False,0
344.195,356.9599999999999,1601.9499999999998,51.63499999999999,186.29999999999998,0,0,0,0,0,False,False,0
344.195,356.9599999999999,1983.7499999999998,30.819999999999997,192.04999999999998,0,0,0,0,0,True,False,0
344.30999999999995,357.075,1741.1,41.515,194.35,0,0,0,0,0,True,False,0
344.195,356.9599999999999,1569.7499999999998,61.98499999999999,196.64999999999998,0,0,0,0,0,True,False,0
344.30999999999995,357.075,1577.8,53.24499999999999,198.95,0,0,0,0,0,True,False,0
344.30999999999995,356.9599999999999,1735.35,46.69,201.24999999999997,0,0,0,0,0,True,False,0
344.195,356.9599999999999,1873.35,37.49,203.54999999999998,0,0,0,0,0,True,False,1
344.30999999999995,357.075,2011.35,32.315,205.85,0,0,0,0,0,True,False,1
344.30999999999995,356.9599999999999,1819.3,36.455,208.14999999999998,0,0,0,0,0,True,False,0
344.08,356.72999999999996,1676.6999999999998,54.05,210.45,0,0,0,0,0,True,False,0
343.965,356.615,1628.3999999999999,47.38,212.74999999999997,0,0,0,0,0,True,False,0
343.965,356.5,1905.55,38.065,215.04999999999998,0,0,0,0,0,False,False,0
343.965,356.5,1652.55,47.265,220.79999999999998,0,0,0,0,0,False,True,0
343.965,356.5,1816.9999999999998,41.4,224.24999999999997,0,0,0,0,0,False,True,0
343.84999999999997,356.5,1711.1999999999998,53.24499999999999,227.7,0,0,0,0,0,False,True,0
343.84999999999997,356.38499999999993,1578.9499999999998,64.05499999999999,231.14999999999998,0,0,0,1,0,True,False,1
343.965,356.5,1572.05,64.74499999999999,233.45,0,0,0,1,0,True,False,1
343.965,356.5,1645.6499999999999,56.925,235.74999999999997,0,0,0,0,0,False,False,0
343.84999999999997,356.615,1866.4499999999998,37.949999999999996,241.49999999999997,0,0,0,0,0,True,False,0
343.84999999999997,356.5,1706.6,45.54,243.79999999999998,0,0,0,0,0,True,False,0
343.84999999999997,356.38499999999993,1780.1999999999998,39.675,246.1,0,0,0,0,0,True,False,0
343.73499999999996,356.27,1480.05,71.18499999999999,248.39999999999998,0,0,0,1,0,True,False,0
343.73499999999996,356.27,1600.8,49.565,250.7,0,0,0,0,0,False,True,0
343.84999999999997,356.5,1676.6999999999998,51.63499999999999,254.14999999999998,0,0,0,0,0,False,False,0
343.965,356.615,1805.4999999999998,35.535,259.9,0,0,0,0,0,False,True,0
343.965,356.615,1650.2499999999998,56.11999999999999,263.34999999999997,0,0,0,1,0,True,False,0
343.965,356.72999999999996,1514.55,63.01999999999999,265.65,0,0,0,1,0,True,False,1
344.08,356.84499999999997,1851.4999999999998,38.294999999999995,267.95,0,0,0,0,0,True,False,0
343.965,356.84499999999997,2113.7,27.599999999999998,270.25,0,0,0,0,0,False,True,0
344.08,356.84499999999997,1554.8,56.23499999999999,273.7,0,0,0,1,0,True,False,0
343.965,356.84499999999997,1861.85,40.48,276.0,0,0,0,0,0,True,False,1
343.965,356.84499999999997,1861.85,35.765,278.29999999999995,0,0,0,0,0,True,False,0
343.84999999999997,356.72999999999996,1943.4999999999998,35.305,280.59999999999997,0,0,0,0,0,True,False,0
343.84999999999997,356.72999999999996,1623.8,50.714999999999996,282.9,0,0,0,0,0,True,False,0
343.84999999999997,356.72999999999996,2005.6,36.224999999999994,0.0,0,0,0,0,0,False,False,0
343.84999999999997,356.615,1831.9499999999998,40.709999999999994,5.75,0,0,0,0,0,False,True,0
343.965,356.72999999999996,1949.2499999999998,34.04,9.2,0,0,0,0,0,True,False,0
343.84999999999997,356.72999999999996,1492.6999999999998,65.78,11.5,0,0,0,0,0,False,True,0
343.84999999999997,356.615,2168.8999999999996,24.38,14.95,0,0,0,0,0,True,False,0
343.84999999999997,356.615,2337.95,22.195,17.25,0,0,0,0,0,True,False,1
343.965,356.72999999999996,1967.6499999999999,32.315,19.549999999999997,0,0,0,0,0,False,True,1
343.965,356.72999999999996,1837.6999999999998,38.41,23.0,0,0,0,0,0,True,False,0
343.965,356.615,2178.1,27.83,25.299999999999997,0,0,0,0,0,True,False,0
343.965,356.615,1623.8,51.059999999999995,27.599999999999998,0,0,0,0,0,False,True,1
343.965,356.5,1603.1,53.589999999999996,31.049999999999997,0,0,0,0,0,True,False,0
343.84999999999997,356.5,1538.6999999999998,64.86,33.349999999999994,0,0,0,0,0,False,True,0
343.73499999999996,356.38499999999993,1582.3999999999999,58.65,36.8,0,0,0,0,0,False,False,0
343.84999999999997,356.5,1563.9999999999998,55.315,42.55,0,0,0,0,0,True,False,0
343.965,356.615,1708.8999999999999,46.805,44.849999999999994,0,0,0,0,0,True,False,0
343.965,356.615,1896.35,36.339999999999996,47.15,0,0,0,0,0,False,True,1
343.965,356.615,1572.05,52.44,50.599999999999994,0,0,0,0,0,True,False,0
343.84999999999997,356.615,1566.3,68.425,52.9,0,0,0,0,0,True,False,1
343.73499999999996,356.5,1747.9999999999998,40.94,55.199999999999996,0,0,0,0,0,False,True,0
343.84999999999997,356.5,1819.3,36.684999999999995,58.65,0,0,0,0,0,True,False,0
343.84999999999997,356.5,1917.05,34.5,60.949999999999996,0,0,0,0,0,False,True,0
343.73499999999996,356.5,1946.9499999999998,33.12,64.39999999999999,0,0,0,0,0,True,False,0
343.73499999999996,356.5,1792.85,38.41,66.69999999999999,0,0,0,0,0,True,False,0
343.73499999999996,356.38499999999993,1830.8,36.8,69.0,0,0,0,0,0,True,False,0
343.73499999999996,356.38499999999993,1614.6,45.769999999999996,71.3,0,0,0,0,0,True,False,0
343.62,356.27,1624.9499999999998,52.324999999999996,73.6,0,0,0,0,0,False,True,0
343.62,356.27,1912.4499999999998,32.43,77.05,0,0,0,0,0,True,False,0
343.62,356.27,1734.1999999999998,41.74499999999999,79.35,0,0,0,0,0,True,False,0
343.73499999999996,356.27,1555.9499999999998,61.754999999999995,81.64999999999999,0,0,0,0,0,False,True,1
343.62,356.27,1707.7499999999998,48.76,85.1,0,0,0,0,0,True,False,0
343.73499999999996,356.5,1877.9499999999998,35.879999999999995,87.39999999999999,0,0,0,0,0,True,False,0
343.73499999999996,356.5,1635.3,50.14,89.69999999999999,0,0,0,0,0,True,False,1
343.73499999999996,356.615,1813.55,47.60999999999999,92.0,0,0,0,0,0,True,False,0
343.73499999999996,356.5,1704.3,47.265,94.3,0,0,0,0,0,True,False,1
343.84999999999997,356.615,1960.7499999999998,34.615,96.6,0,0,0,0,0,False,True,1
343.84999999999997,356.615,1953.85,37.834999999999994,100.05,0,0,0,0,0,True,False,0
343.84999999999997,356.615,1913.6,34.154999999999994,102.35,0,0,0,0,0,True,False,0
343.84999999999997,356.5,1708.8999999999999,39.79,104.64999999999999,0,0,0,0,0,False,True,1
343.965,356.615,1536.3999999999999,70.49499999999999,108.1,0,0,0,0,0,True,False,0
343.965,356.615,1643.35,49.334999999999994,110.39999999999999,0,0,0,0,0,False,False,0
343.965,356.72999999999996,1674.3999999999999,55.66,116.14999999999999,0,0,0,0,0,False,True,0
343.965,356.72999999999996,1720.3999999999999,51.74999999999999,119.6,0,0,0,0,0,True,False,0
343.965,356.615,2178.1,23.115,121.89999999999999,0,0,0,0,0,True,False,0
343.965,356.615,1578.9499999999998,63.94,124.19999999999999,0,0,0,0,0,True,False,0
343.84999999999997,356.5,1595.05,51.98,126.49999999999999,0,0,0,0,0,False,False,0
343.73499999999996,356.38499999999993,1724.9999999999998,50.83,132.25,0,0,0,0,0,True,False,0
343.73499999999996,356.38499999999993,1744.55,42.089999999999996,134.54999999999998,0,0,0,0,0,True,False,1
343.73499999999996,356.38499999999993,1505.35,64.63,136.85,0,0,0,0,0,True,False,0
343.73499999999996,356.38499999999993,1560.55,62.675,139.14999999999998,0,0,0,0,0,False,True,0
343.62,356.27,1713.4999999999998,46.69,142.6,0,0,0,0,0,True,False,0
343.62,356.27,2197.6499999999996,24.84,144.89999999999998,0,0,0,0,0,False,False,0
343.62,356.27,1838.85,38.64,150.64999999999998,0,0,0,0,0,True,False,0
343.62,356.155,2412.7,21.849999999999998,152.95,0,0,0,0,0,False,True,1
343.50499999999994,356.155,1873.35,32.084999999999994,156.39999999999998,0,0,0,0,0,False,True,0
343.62,356.27,1790.55,42.78,159.85,0,0,0,0,0,True,False,0
343.62,356.27,1680.1499999999999,45.309999999999995,162.14999999999998,0,0,0,0,0,True,False,0
343.62,356.27,1797.4499999999998,38.755,164.45,0,0,0,0,0,True,False,0
343.50499999999994,356.27,1949.2499999999998,33.349999999999994,166.75,0,0,0,0,0,True,False,0
343.62,356.5,1757.1999999999998,42.205,169.04999999999998,0,0,0,0,0,True,False,1
343.62,356.5,1597.35,57.04,171.35,0,0,0,0,0,True,False,0
343.73499999999996,356.5,2565.6499999999996,20.009999999999998,173.64999999999998,0,0,0,0,0,True,False,0
343.73499999999996,356.615,1658.3,49.334999999999994,175.95,0,0,0,0,0,False,True,0
343.73499999999996,356.615,1676.6999999999998,50.94499999999999,179.39999999999998,0,0,0,0,0,False,False,0
343.84999999999997,356.615,1660.6,54.855,185.14999999999998,0,0,0,0,0,True,False,0
343.73499999999996,356.5,1550.1999999999998,66.92999999999999,187.45,0,0,0,0,0,False,True,0
343.73499999999996,356.5,2059.6499999999996,31.74,190.89999999999998,0,0,0,0,0,True,False,1
343.84999999999997,356.5,1735.35,43.699999999999996,193.2,0,0,0,0,0,True,False,1
343.73499999999996,356.5,1742.2499999999998,49.334999999999994,195.49999999999997,0,0,0,0,0,True,False,0
343.73499999999996,356.615,1903.2499999999998,36.224999999999994,197.79999999999998,0,0,0,0,0,False,True,0
343.73499999999996,356.615,1719.2499999999998,49.334999999999994,201.24999999999997,0,0,0,0,0,True,False,0
343.73499999999996,356.72999999999996,1866.4499999999998,42.78,203.54999999999998,0,0,0,0,0,True,False,0
343.73499999999996,356.72999999999996,1796.3,48.87499999999999,205.85,0,0,0,0,0,True,False,1
343.62,356.615,1810.1,41.63,208.14999999999998,0,0,0,0,0,True,False,1
343.62,356.5,1852.6499999999999,37.26,210.45,0,0,0,0,0,True,False,0
343.62,356.5,1613.4499999999998,52.44,212.74999999999997,0,0,0,0,0,True,False,0
343.62,356.615,1703.1499999999999,54.50999999999999,215.04999999999998,0,0,0,0,0,True,False,0
343.73499999999996,356.615,1657.1499999999999,47.38,217.35,0,0,0,0,0,False,True,1
343.62,356.615,1705.4499999999998,52.209999999999994,220.79999999999998,0,0,0,0,0,False,False,0
343.50499999999994,356.5,1788.2499999999998,37.49,226.54999999999998,0,0,0,0,0,True,False,0
343.39,356.38499999999993,1857.2499999999998,33.12,228.85,0,0,0,0,0,True,False,0
343.39,356.27,1795.1499999999999,37.49,231.14999999999998,0,0,0,0,0,True,False,1
343.275,356.27,1831.9499999999998,40.365,233.45,0,0,0,0,0,True,False,0
343.275,356.155,1784.8,39.099999999999994,235.74999999999997,0,0,0,0,0,False,True,0
343.275,356.155,1795.1499999999999,40.59499999999999,239.2,0,0,0,0,0,False,False,0
343.39,356.27,1836.55,41.285,244.95,0,0,0,0,0,True,False,0
343.39,356.38499999999993,1744.55,39.099999999999994,247.24999999999997,0,0,0,0,0,False,True,0
343.39,356.27,2611.6499999999996,18.63,250.7,1,0,0,0,0,True,False,0
343.275,356.155,1854.9499999999998,42.205,0.0,0,0,0,0,0,True,False,1
343.275,356.04,1735.35,54.394999999999996,2.3,0,0,0,0,0,False,True,0
343.39,356.155,1958.4499999999998,30.015,5.75,0,0,0,0,0,True,False,0
343.39,356.155,2213.75,25.415,8.049999999999999,0,0,0,0,0,True,False,0
343.39,356.04,1880.2499999999998,34.154999999999994,10.35,0,0,0,0,0,False,True,0
343.275,355.92499999999995,1488.1,76.705,13.799999999999999,0,0,1,0,0,True,False,1
343.39,356.04,1692.8,44.964999999999996,16.099999999999998,0,0,0,0,0,True,False,0
343.39,356.04,1666.35,48.87499999999999,18.4,0,0,0,0,0,False,False,1
343.39,356.04,1797.4499999999998,40.25,24.15,0,0,0,0,0,True,False,0
343.39,356.04,1852.6499999999999,41.055,26.45,0,0,0,0,0,True,False,0
343.39,356.04,1593.8999999999999,55.89,28.749999999999996,0,0,0,0,0,True,False,0
343.39,355.92499999999995,1821.6,36.57,31.049999999999997,0,0,0,0,0,False,False,0
343.50499999999994,356.04,1637.6,57.959999999999994,36.8,0,0,0,0,0,False,True,0
343.275,355.92499999999995,1795.1499999999999,40.019999999999996,40.25,0,0,0,0,0,True,False,0
343.275,355.80999999999995,1793.9999999999998,43.584999999999994,42.55,0,0,0,0,0,True,False,0
343.39,355.92499999999995,1581.2499999999998,47.15,44.849999999999994,0,0,0,0,0,False,False,0
343.39,355.92499999999995,1936.6,31.97,50.599999999999994,0,0,0,0,0,False,True,0
343.39,356.04,1606.55,62.214999999999996,54.05,0,0,0,0,0,False,True,1
343.39,356.04,1595.05,66.24,57.49999999999999,0,0,0,0,0,True,False,0
343.50499999999994,356.155,1507.6499999999999,62.675,59.8,0,0,0,0,0,False,False,0
343.62,356.27,1735.35,41.63,65.55,0,0,0,0,0,True,False,1
343.62,356.27,1698.55,53.705,67.85,0,0,0,0,0,False,True,0
343.62,356.38499999999993,1657.1499999999999,47.839999999999996,71.3,0,0,0,0,0,True,False,1
343.50499999999994,356.38499999999993,1614.6,54.165,73.6,0,0,0,0,0,True,False,0
343.62,356.38499999999993,1685.8999999999999,51.29,75.89999999999999,0,0,0,0,0,False,False,0
343.50499999999994,356.27,1650.2499999999998,56.11999999999999,81.64999999999999,0,0,0,0,0,False,True,0
343.50499999999994,356.155,1951.55,34.269999999999996,85.1,0,0,0,0,0,False,False,0
343.50499999999994,356.04,1998.6999999999998,31.395,90.85,0,0,0,0,0,False,True,1
343.39,355.92499999999995,1632.9999999999998,57.959999999999994,94.3,0,0,0,0,0,False,False,0
343.275,355.92499999999995,1765.2499999999998,45.769999999999996,100.05,0,0,0,0,0,False,True,0
343.39,356.04,1972.2499999999998,32.66,103.49999999999999,0,0,0,0,0,True,False,0
343.39,355.92499999999995,1705.4499999999998,49.68,105.8,0,0,0,0,0,True,False,0
343.275,355.80999999999995,1749.1499999999999,43.125,108.1,0,0,0,0,0,False,True,0
343.275,355.80999999999995,1808.9499999999998,41.4,111.55,0,0,0,0,0,False,False,0
343.275,355.80999999999995,1626.1,53.705,117.3,0,0,0,0,0,False,False,0
343.275,355.695,1828.4999999999998,38.98499999999999,123.05,0,0,0,0,0,True,False,0
343.275,355.695,1866.4499999999998,38.065,125.35,0,0,0,0,0,True,False,0
343.15999999999997,355.695,1948.1,35.535,127.64999999999999,0,0,0,0,0,False,False,0
343.15999999999997,355.58,1836.55,38.525,133.39999999999998,0,0,0,0,0,False,True,0
343.275,355.695,1691.6499999999999,51.405,136.85,0,0,0,0,0,True,False,0
343.275,355.695,1783.6499999999999,39.905,139.14999999999998,0,0,0,0,0,False,True,0
343.275,355.695,1634.1499999999999,57.84499999999999,142.6,0,0,0,0,0,False,False,0
343.15999999999997,355.695,1720.3999999999999,52.44,148.35,0,0,0,0,0,False,True,0
343.15999999999997,355.695,2281.6,22.08,151.79999999999998,0,0,0,0,0,False,False,0
343.15999999999997,355.58,1945.8,34.269999999999996,157.54999999999998,0,0,0,0,0,True,False,0
343.15999999999997,355.465,1687.05,48.87499999999999,159.85,0,0,0,0,0,True,False,0
343.15999999999997,355.58,1898.6499999999999,32.775,162.14999999999998,0,0,0,0,0,True,False,0
343.04499999999996,355.465,1629.55,69.57499999999999,164.45,0,0,0,0,0,True,False,0
342.92999999999995,355.34999999999997,1624.9499999999998,63.24999999999999,166.75,0,0,0,0,0,True,False,0
342.92999999999995,355.34999999999997,1657.1499999999999,50.83,169.04999999999998,0,0,0,0,0,False,True,0
342.92999999999995,355.34999999999997,1555.9499999999998,57.84499999999999,172.5,0,0,0,0,0,False,True,0
342.815,355.34999999999997,1727.3,47.035,175.95,0,0,0,0,0,True,False,0
342.92999999999995,355.34999999999997,1851.4999999999998,36.455,178.25,0,0,0,0,0,True,False,1
342.92999999999995,355.465,1622.6499999999999,52.669999999999995,180.54999999999998,0,0,0,0,0,False,True,0
343.04499999999996,355.465,1595.05,60.14499999999999,184.0,0,0,0,0,0,True,False,0
343.04499999999996,355.465,1644.4999999999998,47.035,186.29999999999998,0,0,0,0,0,False,False,0
343.15999999999997,355.465,1812.3999999999999,44.61999999999999,192.04999999999998,0,0,0,0,0,False,True,0
343.275,355.58,1979.1499999999999,33.809999999999995,195.49999999999997,0,0,0,0,0,False,True,0
343.275,355.695,1684.7499999999998,48.76,198.95,0,0,0,0,0,False,True,0
343.39,355.80999999999995,1618.05,51.864999999999995,202.39999999999998,0,0,0,0,0,False,True,0
343.39,355.80999999999995,1683.6,42.434999999999995,205.85,0,0,0,0,0,False,True,0
343.39,355.92499999999995,1803.1999999999998,42.205,209.29999999999998,0,0,0,0,0,False,True,0
343.39,355.80999999999995,1917.05,40.94,212.74999999999997,0,0,0,0,0,True,False,0
343.275,355.80999999999995,1563.9999999999998,70.035,215.04999999999998,0,0,0,1,0,True,False,1
343.275,355.695,1711.1999999999998,50.255,217.35,0,0,0,0,0,False,True,0
343.15999999999997,355.695,1729.6,45.19499999999999,220.79999999999998,0,0,0,0,0,True,False,0
343.15999999999997,355.58,1851.4999999999998,37.26,223.1,0,0,0,0,0,True,False,1
343.15999999999997,355.58,1546.7499999999998,60.605,225.39999999999998,0,0,0,0,0,True,False,0
343.04499999999996,355.695,1582.3999999999999,65.55,227.7,0,0,0,0,0,False,True,0
343.15999999999997,355.80999999999995,1592.7499999999998,57.49999999999999,231.14999999999998,0,0,0,0,0,True,False,0
343.15999999999997,355.80999999999995,1643.35,48.06999999999999,233.45,0,0,0,0,0,False,True,0
343.04499999999996,355.695,1537.55,64.515,236.89999999999998,0,0,0,1,0,True,False,1
343.15999999999997,355.695,1773.3,40.709999999999994,239.2,0,0,0,0,0,True,False,0
343.15999999999997,355.58,2435.7,20.354999999999997,241.49999999999997,0,0,0,0,0,True,False,0
343.04499999999996,355.465,1593.8999999999999,52.09499999999999,243.79999999999998,0,0,0,0,0,True,False,0
343.04499999999996,355.465,1876.8,37.605,0.0,0,0,0,0,0,False,True,0
343.15999999999997,355.695,1776.7499999999998,42.434999999999995,3.4499999999999997,0,0,0,0,0,True,False,0
343.15999999999997,355.695,1598.4999999999998,61.63999999999999,5.75,0,0,0,0,0,False,True,0
343.15999999999997,355.695,1558.2499999999998,58.19,9.2,0,0,0,0,0,False,True,0
343.15999999999997,355.58,1638.7499999999998,52.324999999999996,12.649999999999999,0,0,0,0,0,True,False,0
343.15999999999997,355.58,1714.6499999999999,58.879999999999995,14.95,0,0,0,0,0,False,True,0
343.04499999999996,355.58,1708.8999999999999,48.76,18.4,0,0,0,0,0,False,False,0
343.04499999999996,355.58,1562.85,59.10999999999999,24.15,0,0,0,0,0,False,True,0
343.15999999999997,355.695,1604.2499999999998,54.739999999999995,27.599999999999998,0,0,0,0,0,True,False,0
343.04499999999996,355.58,1590.4499999999998,59.915,29.9,0,0,0,0,0,True,False,0
343.04499999999996,355.465,1706.6,42.55,32.199999999999996,0,0,0,0,0,False,False,0
343.04499999999996,355.465,1634.1499999999999,54.50999999999999,37.949999999999996,0,0,0,0,0,True,False,0
343.04499999999996,355.34999999999997,1539.85,67.61999999999999,40.25,0,0,0,0,0,True,False,1
343.15999999999997,355.465,1566.3,53.015,42.55,0,0,0,0,0,True,False,1
343.275,355.58,1803.1999999999998,46.69,44.849999999999994,0,0,0,0,0,False,False,0
343.39,355.80999999999995,2658.7999999999997,17.825,50.599999999999994,0,0,0,0,0,True,False,0
343.275,355.695,1722.6999999999998,39.79,52.9,0,0,0,0,0,False,True,0
343.275,355.695,2025.1499999999999,31.279999999999998,56.349999999999994,0,0,0,0,0,False,True,1
343.39,355.80999999999995,1513.3999999999999,59.10999999999999,59.8,0,0,0,0,0,True,False,0
343.39,355.80999999999995,1753.7499999999998,43.46999999999999,62.099999999999994,0,0,0,0,0,True,False,0
343.39,355.80999999999995,1566.3,52.09499999999999,64.39999999999999,0,0,0,0,0,False,False,0
343.50499999999994,356.04,1743.3999999999999,44.275,70.14999999999999,0,0,0,0,0,True,False,1
343.39,355.92499999999995,1667.4999999999998,50.83,72.44999999999999,0,0,0,0,0,True,False,0
343.39,355.92499999999995,1570.8999999999999,63.24999999999999,74.75,0,0,0,0,0,False,True,0
343.275,355.92499999999995,1779.05,38.065,78.19999999999999,0,0,0,0,0,True,False,0
343.39,355.92499999999995,1816.9999999999998,38.98499999999999,80.5,0,0,0,0,0,False,True,0
343.50499999999994,356.04,2018.2499999999998,30.934999999999995,83.94999999999999,0,0,0,0,0,False,False,0
343.50499999999994,356.04,2070.0,28.52,89.69999999999999,0,0,0,0,0,False,True,1
343.62,356.155,1654.85,52.669999999999995,93.14999999999999,0,0,0,0,0,False,True,1
343.73499999999996,356.27,1622.6499999999999,64.74499999999999,96.6,0,0,0,0,0,True,False,1
343.73499999999996,356.38499999999993,1891.7499999999998,36.10999999999999,98.89999999999999,0,0,0,0,0,False,True,0
343.73499999999996,356.27,2817.5,15.985,102.35,0,0,0,0,0,False,True,0
343.84999999999997,356.38499999999993,1874.4999999999998,39.099999999999994,105.8,0,0,0,0,0,True,False,0
343.84999999999997,356.38499999999993,1622.6499999999999,51.405,108.1,0,0,0,0,0,True,False,1
343.73499999999996,356.38499999999993,1754.8999999999999,40.709999999999994,110.39999999999999,0,0,0,0,0,True,False,0
343.73499999999996,356.38499999999993,1828.4999999999998,35.995,112.69999999999999,0,0,0,0,0,True,False,0
343.84999999999997,356.38499999999993,2166.6,29.439999999999998,114.99999999999999,0,0,0,0,0,False,False,0
343.73499999999996,356.27,2239.0499999999997,24.955,120.74999999999999,0,0,0,0,0,False,True,0
343.73499999999996,356.38499999999993,1578.9499999999998,59.915,124.19999999999999,0,0,0,0,0,True,False,0
343.73499999999996,356.27,1858.3999999999999,41.974999999999994,126.49999999999999,0,0,0,0,0,True,False,1
343.73499999999996,356.38499999999993,1666.35,50.714999999999996,128.79999999999998,0,0,0,0,0,False,True,0
343.73499999999996,356.27,1567.4499999999998,58.19,132.25,0,0,0,0,0,False,True,1
343.62,356.155,1680.1499999999999,63.364999999999995,135.7,0,0,0,0,0,False,False,0
343.62,356.155,1580.1,67.39,141.45,0,0,0,0,0,True,False,0
343.50499999999994,356.155,1486.9499999999998,67.965,143.75,0,0,0,0,0,True,False,0
343.62,356.27,1713.4999999999998,44.39,146.04999999999998,0,0,0,0,0,False,True,0
343.62,356.27,2015.9499999999998,31.624999999999996,149.5,0,0,0,0,0,True,False,0
343.62,356.27,1716.9499999999998,44.275,151.79999999999998,0,0,0,0,0,True,False,1
343.62,356.27,2179.25,25.299999999999997,154.1,0,0,0,0,0,True,False,0
343.50499999999994,356.04,1902.1,39.44499999999999,156.39999999999998,0,0,0,0,0,False,False,1
343.50499999999994,355.92499999999995,1923.9499999999998,35.419999999999995,162.14999999999998,0,0,0,0,0,True,False,0
343.62,356.04,1854.9499999999998,31.854999999999997,164.45,0,0,0,0,0,True,False,0
343.62,356.04,2188.45,25.645,166.75,0,0,0,0,0,True,False,0
343.62,355.92499999999995,1573.1999999999998,51.405,169.04999999999998,0,0,0,0,0,True,False,1
343.62,356.04,1811.2499999999998,39.559999999999995,171.35,0,0,0,0,0,False,True,0
343.62,356.04,1743.3999999999999,46.23,174.79999999999998,0,0,0,0,0,False,False,0
343.62,355.92499999999995,1891.7499999999998,37.71999999999999,180.54999999999998,0,0,0,0,0,True,False,1
343.62,355.92499999999995,1580.1,55.315,182.85,0,0,0,0,0,True,False,0
343.73499999999996,356.155,1618.05,55.89,185.14999999999998,0,0,0,0,0,False,False,0
343.73499999999996,356.04,1476.6,63.59499999999999,190.89999999999998,0,0,0,0,0,False,True,0
343.73499999999996,355.92499999999995,1891.7499999999998,35.765,194.35,0,0,0,0,0,True,False,0
343.62,355.80999999999995,1595.05,62.214999999999996,196.64999999999998,0,0,0,0,0,True,False,1
343.62,355.695,1860.6999999999998,40.365,198.95,0,0,0,0,0,False,True,0
343.62,355.695,1560.55,54.165,202.39999999999998,0,0,0,0,0,True,False,1
343.50499999999994,355.58,1605.3999999999999,51.519999999999996,204.7,0,0,0,0,0,True,False,0
343.50499999999994,355.58,1823.8999999999999,36.10999999999999,206.99999999999997,0,0,0,0,0,True,False,0
343.50499999999994,355.58,1666.35,48.644999999999996,209.29999999999998,0,0,0,0,0,False,False,0
343.50499999999994,355.58,1636.4499999999998,56.23499999999999,215.04999999999998,0,0,0,0,0,False,True,1
343.50499999999994,355.695,1612.3,52.09499999999999,218.49999999999997,0,0,0,0,0,False,False,0
343.50499999999994,355.58,1652.55,52.555,224.24999999999997,0,0,0,0,0,False,True,0
343.39,355.465,1767.55,41.055,227.7,0,0,0,0,0,True,False,0
343.50499999999994,355.465,1636.4499999999998,56.925,229.99999999999997,0,0,0,0,0,False,True,0
343.39,355.465,1825.05,42.894999999999996,233.45,0,0,0,0,0,False,True,0
343.39,355.465,1710.05,49.68,236.89999999999998,0,0,0,0,0,False,True,0
343.39,355.34999999999997,1674.3999999999999,54.855,0.0,0,0,0,0,0,True,False,0
343.50499999999994,355.465,1848.05,37.605,2.3,0,0,0,0,0,True,False,1
343.39,355.34999999999997,1689.35,52.9,4.6,0,0,0,0,0,True,False,0
343.39,355.34999999999997,1703.1499999999999,46.919999999999995,6.8999999999999995,0,0,0,0,0,False,True,0
343.39,355.23499999999996,1526.05,67.61999999999999,10.35,0,0,0,0,0,True,False,0
343.275,355.12,1827.35,35.19,12.649999999999999,0,0,0,0,0,True,False,0
343.275,355.12,1920.4999999999998,34.04,14.95,0,0,0,0,0,True,False,0
343.275,355.00499999999994,1911.3,32.545,17.25,0,0,0,0,0,False,True,0
343.275,355.12,1785.9499999999998,40.135,20.7,0,0,0,0,0,False,True,1
343.275,355.12,1790.55,41.4,24.15,0,0,0,0,0,False,True,0
343.15999999999997,355.12,1554.8,65.205,27.599999999999998,0,0,0,0,0,True,False,0
343.275,355.12,1500.7499999999998,67.505,29.9,0,0,0,0,0,True,False,0
343.275,355.00499999999994,1667.4999999999998,50.48499999999999,32.199999999999996,0,0,0,0,0,False,False,0
343.275,355.00499999999994,1549.05,55.775,37.949999999999996,0,0,0,0,0,False,True,0
343.39,355.12,1800.8999999999999,44.964999999999996,41.4,0,0,0,0,0,False,False,0
343.275,355.00499999999994,1857.2499999999998,38.294999999999995,47.15,0,0,0,0,0,False,True,0
343.275,354.89,1591.6,62.559999999999995,50.599999999999994,0,0,0,0,0,False,True,0
343.275,355.00499999999994,1572.05,54.394999999999996,54.05,0,0,0,0,0,False,True,0
343.275,354.89,2181.5499999999997,23.229999999999997,57.49999999999999,0,0,0,0,0,False,True,0
343.275,354.89,1750.3,42.434999999999995,60.949999999999996,0,0,0,0,0,True,False,1
343.15999999999997,354.775,1812.3999999999999,31.509999999999994,63.24999999999999,0,0,0,0,0,False,True,0
343.15999999999997,354.65999999999997,1700.85,45.08,66.69999999999999,0,0,0,0,0,False,False,1
343.04499999999996,354.54499999999996,1669.8,52.324999999999996,72.44999999999999,0,0,0,0,0,True,False,1
343.04499999999996,354.54499999999996,1646.8,53.934999999999995,74.75,0,0,0,0,0,True,False,0
343.04499999999996,354.42999999999995,1912.4499999999998,32.66,77.05,0,0,0,0,0,True,False,0
343.04499999999996,354.54499999999996,1836.55,37.26,79.35,0,0,0,0,0,True,False,0
343.04499999999996,354.42999999999995,1692.8,50.94499999999999,81.64999999999999,0,0,0,0,0,True,False,1
343.15999999999997,354.54499999999996,1669.8,55.775,83.94999999999999,0,0,0,0,0,True,False,0
343.04499999999996,354.42999999999995,1764.1,38.18,86.25,0,0,0,0,0,False,False,0
343.04499999999996,354.315,1730.7499999999998,53.015,92.0,0,0,0,0,0,True,False,0
343.04499999999996,354.315,1757.1999999999998,38.98499999999999,94.3,0,0,0,0,0,True,False,0
343.04499999999996,354.315,3031.3999999999996,14.719999999999999,96.6,0,0,0,0,0,False,False,0
343.04499999999996,354.315,1980.3,32.89,102.35,0,0,0,0,0,False,True,0
343.15999999999997,354.315,1604.2499999999998,50.599999999999994,105.8,0,0,0,0,0,True,False,0
343.15999999999997,354.315,1581.2499999999998,58.419999999999995,108.1,0,0,0,0,0,True,False,0
343.04499999999996,354.2,2030.8999999999999,29.9,110.39999999999999,0,0,0,0,0,False,True,0
343.04499999999996,354.0849999999999,1608.85,54.96999999999999,113.85,0,0,0,0,0,True,False,0
343.04499999999996,354.2,1814.6999999999998,43.46999999999999,116.14999999999999,0,0,0,0,0,True,False,0
343.04499999999996,354.0849999999999,1727.3,48.3,118.44999999999999,0,0,0,0,0,True,False,0
342.92999999999995,354.0849999999999,1758.35,42.089999999999996,120.74999999999999,0,0,0,0,0,False,True,0
342.92999999999995,353.96999999999997,2074.6,28.865,124.19999999999999,0,0,0,0,0,True,False,0
342.92999999999995,353.96999999999997,1622.6499999999999,61.41,126.49999999999999,0,0,0,0,0,False,True,0
342.815,353.96999999999997,1624.9499999999998,62.214999999999996,129.95,0,0,0,0,0,True,False,0
342.92999999999995,353.96999999999997,1558.2499999999998,68.30999999999999,132.25,0,0,0,0,0,True,False,0
342.92999999999995,353.96999999999997,1643.35,53.934999999999995,134.54999999999998,0,0,0,0,0,True,False,0
342.815,353.96999999999997,1799.7499999999998,40.59499999999999,136.85,0,0,0,0,0,True,False,0
342.815,354.0849999999999,1662.8999999999999,49.21999999999999,139.14999999999998,0,0,0,0,0,False,True,0
342.92999999999995,354.0849999999999,1681.3,44.61999999999999,142.6,0,0,0,0,0,False,True,0
342.92999999999995,353.96999999999997,1814.6999999999998,39.675,146.04999999999998,0,0,0,0,0,False,True,0
342.815,353.96999999999997,1846.8999999999999,37.949999999999996,149.5,0,0,0,0,0,True,False,1
342.815,353.96999999999997,1753.7499999999998,41.285,151.79999999999998,0,0,0,0,0,False,True,1
342.815,353.96999999999997,1585.85,56.464999999999996,155.25,0,0,0,0,0,True,False,0
342.92999999999995,353.96999999999997,1811.2499999999998,40.25,157.54999999999998,0,0,0,0,0,True,False,0
342.92999999999995,354.0849999999999,1608.85,63.13499999999999,159.85,0,0,0,0,0,True,False,0
342.92999999999995,354.0849999999999,1643.35,56.809999999999995,162.14999999999998,0,0,0,0,0,True,False,0
343.04499999999996,354.0849999999999,1650.2499999999998,45.885,164.45,0,0,0,0,0,True,False,0
343.04499999999996,354.0849999999999,2030.8999999999999,30.474999999999998,166.75,0,0,0,0,0,True,False,0
343.04499999999996,354.0849999999999,1958.4499999999998,33.23499999999999,169.04999999999998,0,0,0,0,0,True,False,0
343.04499999999996,354.0849999999999,1733.05,47.38,171.35,0,0,0,0,0,True,False,0
343.04499999999996,354.0849999999999,1850.35,37.26,173.64999999999998,0,0,0,0,0,False,True,1
343.15999999999997,354.2,1845.7499999999998,37.26,177.1,0,0,0,0,0,True,False,1
343.15999999999997,354.315,1714.6499999999999,57.49999999999999,179.39999999999998,0,0,0,0,0,True,False,0
343.15999999999997,354.315,2174.6499999999996,28.404999999999998,181.7,0,0,0,0,0,False,False,0
343.275,354.42999999999995,1797.4499999999998,51.29,187.45,0,0,0,0,0,False,False,0
343.39,354.42999999999995,1598.4999999999998,59.10999999999999,193.2,0,0,0,0,0,True,False,0
343.275,354.42999999999995,1660.6,46.574999999999996,195.49999999999997,0,0,0,0,0,True,False,0
343.39,354.42999999999995,1565.1499999999999,78.42999999999999,197.79999999999998,0,0,1,1,0,True,False,1
343.39,354.54499999999996,1827.35,39.214999999999996,200.1,0,0,0,0,0,False,True,0
343.39,354.42999999999995,1960.7499999999998,30.244999999999997,203.54999999999998,0,0,0,0,0,True,False,0
343.39,354.54499999999996,1635.3,46.459999999999994,205.85,0,0,0,0,0,True,False,0
343.39,354.54499999999996,1583.55,59.915,208.14999999999998,0,0,0,0,0,False,False,0
343.275,354.54499999999996,1534.1,57.26999999999999,213.89999999999998,0,0,0,0,0,True,False,0
343.39,354.65999999999997,1792.85,42.089999999999996,216.2,0,0,0,0,0,True,False,0
343.50499999999994,354.775,1555.9499999999998,54.05,218.49999999999997,0,0,0,0,0,True,False,0
343.50499999999994,354.65999999999997,1733.05,52.555,220.79999999999998,0,0,0,0,0,False,True,0
343.50499999999994,354.65999999999997,1948.1,33.004999999999995,224.24999999999997,0,0,0,0,0,True,False,0
343.50499999999994,354.65999999999997,1646.8,49.21999999999999,226.54999999999998,0,0,0,0,0,False,False,0
343.50499999999994,354.775,1807.8,40.94,232.29999999999998,0,0,0,0,0,False,False,0
343.62,354.89,1733.05,48.644999999999996,238.04999999999998,0,0,0,0,0,False,True,1
343.62,354.89,1724.9999999999998,42.665,241.49999999999997,0,0,0,0,0,False,True,0
343.73499999999996,354.89,2036.6499999999999,27.715,244.95,0,0,0,0,0,True,False,1
343.62,354.775,1813.55,38.18,0.0,0,0,0,0,0,False,True,0
343.62,354.775,1756.05,41.63,3.4499999999999997,0,0,0,0,0,True,False,0
343.73499999999996,354.65999999999997,2101.0499999999997,30.015,5.75,0,0,0,0,0,False,True,1
343.62,354.65999999999997,1706.6,45.08,9.2,0,0,0,0,0,True,False,0
343.62,354.65999999999997,1611.1499999999999,54.394999999999996,11.5,0,0,0,0,0,True,False,0
343.62,354.54499999999996,1879.1,32.084999999999994,13.799999999999999,0,0,0,0,0,True,False,1
343.62,354.65999999999997,1844.6,33.925,16.099999999999998,0,0,0,0,0,False,True,0
343.73499999999996,354.65999999999997,1876.8,36.57,19.549999999999997,0,0,0,0,0,False,False,1
343.84999999999997,354.89,1891.7499999999998,38.41,25.299999999999997,0,0,0,0,0,False,True,0
343.84999999999997,355.00499999999994,1619.1999999999998,55.775,28.749999999999996,0,0,0,0,0,False,False,0
343.84999999999997,355.00499999999994,1724.9999999999998,46.23,34.5,0,0,0,0,0,False,True,1
